bin_low_edge, bin_center, fitted_data, total_model, K40, K42, Co60, Ac228, Bi212Tl208, Pb214Bi214, Zn65
-15, -7.5, 0, 0, 0, 0, 0, 0, 0, 0, 0
0, 7.5, 0, 0, 0, 0, 0, 0, 0, 0, 0
15, 22.5, 0, 0, 0, 0, 0, 0, 0, 0, 0
30, 37.5, 0, 0, 0, 0, 0, 0, 0, 0, 0
45, 52.5, 0, 0, 0, 0, 0, 0, 0, 0, 0
60, 67.5, 0, 0, 0, 0, 0, 0, 0, 0, 0
75, 82.5, 37, 4.72959, 0.705238, 3.23216, 0.0628054, 0.130357, 0.116443, 0.473683, 0.00890047
90, 97.5, 156, 23.5052, 3.56576, 16.0297, 0.314481, 0.641846, 0.597389, 2.31132, 0.0447544
105, 112.5, 284, 43.6867, 6.58259, 29.7207, 0.59533, 1.20806, 1.12613, 4.36616, 0.0876667
120, 127.5, 552, 72.061, 10.9801, 48.8941, 0.96703, 2.04028, 1.8534, 7.1872, 0.138859
135, 142.5, 974, 112.382, 17.393, 75.8467, 1.51788, 3.23836, 2.88816, 11.2869, 0.211129
150, 157.5, 1310, 157.367, 24.2639, 105.905, 2.14262, 4.63539, 4.12206, 16.0072, 0.291602
165, 172.5, 1535, 202.005, 31.2911, 135.305, 2.78342, 6.18162, 5.40851, 20.653, 0.382313
180, 187.5, 1607, 242.618, 37.7956, 161.18, 3.45067, 7.69305, 6.75006, 25.2782, 0.470503
195, 202.5, 1733, 288.505, 45.1538, 189.95, 4.18433, 10.1081, 8.13197, 30.4193, 0.558403
210, 217.5, 1777, 346.071, 55.7938, 226.865, 5.15716, 11.3811, 9.7535, 36.4771, 0.643413
225, 232.5, 1759, 397.097, 65.1969, 258.074, 5.93783, 12.9833, 11.4283, 42.7795, 0.697242
240, 247.5, 1736, 441.151, 71.5638, 283.173, 6.58275, 14.7531, 13.059, 51.2908, 0.728113
255, 262.5, 1599, 468.486, 76.6479, 302.147, 7.27561, 17.0362, 14.4556, 50.1739, 0.749928
270, 277.5, 1495, 497.723, 81.0059, 318.048, 7.94262, 18.4709, 16.3261, 55.149, 0.7801
285, 292.5, 1420, 544.375, 84.4269, 330.964, 8.49783, 19.3607, 17.189, 83.1278, 0.80973
300, 307.5, 1280, 537.999, 87.6208, 346.435, 9.04551, 20.8722, 17.9122, 55.287, 0.82594
315, 322.5, 1119, 539.95, 88.4621, 340.168, 9.37737, 23.7507, 19.1402, 58.203, 0.84855
330, 337.5, 1006, 546.481, 87.7812, 336.138, 9.60694, 32.0772, 19.4163, 60.594, 0.867747
345, 352.5, 893, 586.7, 86.593, 330.354, 9.65732, 18.6074, 19.661, 120.949, 0.877928
360, 367.5, 760, 498.398, 84.4654, 321.894, 9.63142, 18.6563, 19.8389, 43.0117, 0.900247
375, 382.5, 684, 488.679, 82.2996, 313.286, 9.57341, 19.0254, 19.9885, 43.5951, 0.909981
390, 397.5, 615, 476.557, 80.268, 303.815, 9.4698, 18.9278, 19.9781, 43.1789, 0.919056
405, 412.5, 592, 466.465, 78.3259, 295.586, 9.31879, 19.5947, 19.9216, 42.7796, 0.937865
420, 427.5, 578, 453.78, 76.1942, 286.513, 9.18111, 18.338, 19.8156, 42.7863, 0.951691
435, 442.5, 482, 443.98, 74.934, 278.453, 9.08944, 18.3014, 19.6781, 42.5608, 0.962686
450, 457.5, 461, 436.508, 72.9696, 270.832, 8.91283, 20.2672, 19.8132, 42.7306, 0.98262
465, 472.5, 434, 423.986, 71.5743, 263.318, 8.81283, 17.7043, 19.0542, 42.534, 0.988437
480, 487.5, 424, 414.269, 70.4256, 256.139, 8.6605, 16.9259, 18.7033, 42.4088, 1.00525
495, 502.5, 436, 409.135, 70.0996, 251.896, 8.54164, 17.0964, 19.7712, 40.7048, 1.02542
510, 517.5, 490, 408.533, 70.2932, 250.086, 8.4114, 16.655, 21.3348, 40.685, 1.06817
525, 532.5, 396, 385.372, 66.7452, 235.464, 8.2659, 16.2521, 16.95, 40.6353, 1.05927
540, 547.5, 374, 377.769, 65.6957, 230.498, 8.15232, 16.3394, 17.0172, 38.9874, 1.07826
555, 562.5, 367, 372.148, 65.0971, 225.068, 8.08343, 16.6953, 17.4973, 38.6015, 1.10569
570, 577.5, 419, 391.193, 64.5291, 220.908, 7.96624, 15.7541, 41.529, 39.3749, 1.13168
585, 592.5, 358, 357.273, 63.8235, 215.835, 7.89061, 15.3779, 14.5132, 38.6744, 1.15842
600, 607.5, 397, 412.106, 63.5204, 212.301, 7.84693, 15.3585, 12.7424, 99.1471, 1.18975
615, 622.5, 340, 336.389, 62.7407, 208.136, 7.81601, 15.43, 13.3538, 27.7164, 1.19532
630, 637.5, 324, 332.917, 62.5009, 204.917, 7.74888, 15.1179, 14.0198, 27.3871, 1.22629
645, 652.5, 366, 331.407, 61.8763, 201.843, 7.73368, 15.2068, 13.8265, 29.6577, 1.26311
660, 667.5, 366, 329.072, 61.5366, 198.053, 7.72986, 15.4241, 13.9088, 31.1417, 1.27719
675, 682.5, 331, 325.23, 61.2286, 195.32, 7.70485, 15.4693, 14.1089, 30.0851, 1.31289
690, 697.5, 309, 322.639, 60.9504, 192.224, 7.70774, 15.2301, 14.2336, 30.9452, 1.34785
705, 712.5, 300, 318.742, 60.5723, 188.571, 7.68624, 15.2299, 14.014, 31.2883, 1.38006
720, 727.5, 331, 325.354, 60.1286, 186.146, 7.71681, 15.5092, 23.2136, 31.2273, 1.41246
735, 742.5, 306, 310.6, 59.9356, 183.726, 7.72386, 15.2329, 11.4014, 31.1292, 1.45058
750, 757.5, 283, 308.861, 59.9616, 181.561, 7.76809, 15.8348, 11.4567, 30.798, 1.48136
765, 772.5, 314, 312.128, 60.3671, 179.54, 7.79856, 16.2742, 10.5785, 36.0396, 1.53057
780, 787.5, 300, 306.613, 60.2029, 177.347, 7.84768, 17.0521, 11.048, 31.5389, 1.5767
795, 802.5, 277, 299.489, 60.1669, 175.29, 7.88956, 15.6308, 9.41269, 29.481, 1.61769
810, 817.5, 292, 295.45, 60.1344, 173.88, 8.08147, 14.5506, 9.23723, 27.8988, 1.66792
825, 832.5, 318, 297.179, 60.4102, 172.194, 8.07207, 16.4029, 9.10485, 29.2622, 1.73274
840, 847.5, 267, 290.392, 60.3861, 170.703, 8.1751, 13.9767, 8.70488, 26.6434, 1.80303
855, 862.5, 254, 293.307, 60.7606, 169.49, 8.30327, 13.2902, 14.2615, 25.3231, 1.8786
870, 877.5, 310, 285.609, 60.8389, 168.392, 8.44385, 13.9604, 7.20166, 24.8148, 1.95715
885, 892.5, 279, 286.264, 61.5095, 168.568, 8.59856, 13.866, 7.32664, 24.3382, 2.05737
900, 907.5, 294, 315.402, 61.7955, 166.653, 8.74387, 45.2594, 6.8993, 23.8891, 2.16219
915, 922.5, 301, 278.098, 62.2135, 164.758, 8.97531, 9.58186, 6.57858, 23.7415, 2.24963
930, 937.5, 281, 281.384, 62.6887, 163.934, 9.18774, 9.77458, 6.24198, 27.2727, 2.28451
945, 952.5, 290, 282.065, 68.4048, 163.211, 9.45486, 9.86127, 6.18825, 22.616, 2.32882
960, 967.5, 268, 300.003, 63.7932, 163.073, 9.70448, 32.5128, 5.78322, 22.8133, 2.32252
975, 982.5, 286, 272.996, 64.8071, 162.008, 9.93354, 6.28799, 5.63281, 22.0144, 2.31181
990, 997.5, 250, 273.812, 66.1494, 162.246, 10.1847, 5.50421, 5.43691, 22.0594, 2.232
1005, 1012.5, 305, 286.075, 66.5792, 174.372, 10.3693, 5.86522, 5.28968, 21.4642, 2.13477
1020, 1027.5, 273, 278.262, 68.403, 164.513, 10.5504, 5.65586, 5.4919, 21.5091, 2.13865
1035, 1042.5, 283, 274.097, 68.4969, 161.37, 10.6327, 5.65691, 4.90767, 20.965, 2.06764
1050, 1057.5, 286, 277.498, 70.0305, 162.263, 10.6041, 6.44762, 4.81213, 21.2956, 2.04556
1065, 1072.5, 304, 279.329, 71.8527, 162.374, 10.6285, 6.32322, 5.21082, 20.9019, 2.03807
1080, 1087.5, 289, 282.317, 72.7338, 163.284, 10.7104, 4.76094, 8.29756, 20.4594, 2.07086
1095, 1102.5, 263, 282.913, 74.7358, 164.024, 10.8037, 5.38289, 5.0982, 20.7499, 2.11909
1110, 1117.5, 336, 321.488, 76.9437, 164.682, 10.925, 7.12242, 3.96353, 40.7245, 17.1274
1125, 1132.5, 279, 287.832, 78.8822, 166.771, 11.165, 3.86465, 3.90016, 18.1224, 5.12601
1140, 1147.5, 265, 286.489, 81.044, 167.658, 11.3465, 3.85651, 3.83982, 18.6821, 0.0611592
1155, 1162.5, 313, 292.257, 83.2096, 169.487, 12.1552, 4.27845, 3.77703, 19.2978, 0.0524527
1170, 1177.5, 302, 322.444, 86.4551, 171.58, 39.0632, 3.2527, 3.72283, 18.3252, 0.0450259
1185, 1192.5, 306, 296.298, 89.827, 173.531, 8.11835, 2.96968, 3.66592, 18.1478, 0.0380258
1200, 1207.5, 264, 303.334, 93.5753, 176.566, 8.08978, 2.87462, 3.60884, 18.5856, 0.0335852
1215, 1222.5, 308, 310.827, 97.5649, 179.455, 8.8517, 2.77323, 3.57398, 18.5817, 0.0258094
1230, 1237.5, 350, 326.037, 101.435, 183.01, 8.67965, 3.00812, 3.51968, 26.3626, 0.0223384
1245, 1252.5, 326, 325.516, 104.886, 186.471, 8.6939, 3.74829, 3.48088, 18.2194, 0.0170641
1260, 1267.5, 306, 332.142, 107.917, 191.897, 8.90223, 2.33557, 3.46325, 17.6153, 0.0120806
1275, 1282.5, 333, 342.919, 110.932, 197.062, 9.02651, 2.82353, 3.43388, 19.6333, 0.00779518
1290, 1297.5, 339, 345.949, 111.501, 202.46, 9.17064, 2.19887, 3.41491, 17.1977, 0.00537131
1305, 1312.5, 362, 348.481, 111.098, 204.879, 9.2167, 2.2718, 3.39578, 17.6171, 0.0028117
1320, 1327.5, 368, 374.261, 108.745, 205.591, 37.2588, 2.14364, 3.32826, 17.1934, 0.00124102
1335, 1342.5, 353, 339.41, 103.705, 206.318, 6.71176, 2.33955, 3.56797, 16.7669, 0.000155128
1350, 1357.5, 356, 331.19, 98.7622, 205.154, 5.40104, 2.25851, 3.23498, 16.3791, 0
1365, 1372.5, 323, 338.798, 94.7906, 201.675, 5.76278, 4.35689, 3.30119, 28.9112, 0
1380, 1387.5, 304, 316.006, 92.0179, 196.209, 6.306, 1.94033, 3.19748, 16.335, 0
1395, 1402.5, 295, 308.657, 91.3125, 187.065, 6.25668, 1.92619, 3.18204, 18.9148, 0
1410, 1417.5, 305, 295.216, 92.0173, 176.883, 6.16042, 1.9106, 3.15299, 15.0917, 0
1425, 1432.5, 284, 289.331, 95.4991, 168.312, 6.10686, 2.66398, 3.15171, 13.5972, 0
1440, 1447.5, 313, 289.351, 102.476, 162.407, 6.05027, 1.80549, 3.11905, 13.4936, 0
1455, 1462.5, 1156, 1129.37, 945.031, 159.263, 5.94005, 2.64503, 3.10389, 13.3835, 0
1470, 1477.5, 192, 181.754, 0.00620907, 157.312, 5.70748, 2.01183, 3.09569, 13.6206, 0
1485, 1492.5, 186, 186.248, 0, 162.132, 5.35731, 2.1116, 3.08732, 13.5598, 0
1500, 1507.5, 200, 196.822, 0, 169.083, 5.11808, 1.60885, 4.16177, 16.8495, 0
1515, 1522.5, 1667, 1720.57, 0, 1698.14, 4.87568, 1.15282, 3.00551, 13.3993, 0
1530, 1537.5, 46, 31.9613, 0, 6.28059, 4.75582, 1.3306, 2.92891, 16.6653, 0
1545, 1552.5, 35, 26.5296, 0, 4.25881, 4.81411, 1.33115, 2.92216, 13.2033, 0
1560, 1567.5, 31, 26.285, 0, 5.23771, 4.4339, 1.11453, 2.94804, 12.5509, 0
1575, 1582.5, 48, 31.5453, 0, 5.70576, 4.11035, 5.41142, 2.92937, 13.3884, 0
1590, 1597.5, 36, 26.8097, 0, 6.27671, 3.83374, 0.880394, 2.98507, 12.8338, 0
1605, 1612.5, 31, 26.6447, 0, 6.69905, 3.59638, 0.582336, 3.77272, 11.9942, 0
1620, 1627.5, 39, 29.2845, 0, 6.82137, 3.42139, 2.83517, 4.57189, 11.6347, 0
1635, 1642.5, 27, 24.8345, 0, 6.66189, 3.26669, 0.893162, 2.78802, 11.2247, 0
1650, 1657.5, 25, 25.464, 0, 6.39214, 3.11326, 0.236444, 2.8002, 12.9219, 0
1665, 1672.5, 28, 22.9035, 0, 6.0931, 2.99776, 0.591045, 2.96726, 10.2543, 0
1680, 1687.5, 25, 22.3743, 0, 5.64155, 2.89442, 0.25865, 2.9392, 10.6405, 0
1695, 1702.5, 17, 20.6437, 0, 4.94984, 2.78144, 0.16691, 2.91311, 9.83243, 0
1710, 1717.5, 22, 20.0144, 0, 4.29844, 2.70897, 0.205576, 2.93474, 9.86664, 0
1725, 1732.5, 25, 36.9208, 0, 3.8884, 2.63173, 0.171022, 2.99262, 27.2371, 0
1740, 1747.5, 16, 17.7385, 0, 3.68337, 2.56304, 0.106526, 3.0124, 8.37321, 0
1755, 1762.5, 51, 52.3696, 0, 3.25649, 2.5103, 0.0835297, 3.03836, 43.481, 0
1770, 1777.5, 17, 13.1552, 0, 3.04775, 2.46057, 0.054953, 3.05672, 4.53516, 0
1785, 1792.5, 20, 12.7177, 0, 2.88796, 2.4023, 0.064366, 3.09857, 4.26449, 0
1800, 1807.5, 16, 12.926, 0, 2.71013, 2.34897, 0.0537351, 3.522, 4.29115, 0
1815, 1822.5, 23, 12.5049, 0, 2.59876, 2.31173, 0.1052, 3.06554, 4.42367, 0
1830, 1837.5, 14, 17.9705, 0, 7.15611, 2.2769, 0.096059, 3.10905, 5.33241, 0
1845, 1852.5, 18, 19.4064, 0, 1.84502, 2.24667, 0.0440469, 3.14333, 12.1274, 0
1860, 1867.5, 16, 10.9782, 0, 1.6993, 2.21559, 0.0440518, 3.19521, 3.82409, 0
1875, 1882.5, 11, 10.8776, 0, 1.6126, 2.16212, 0.100261, 3.19183, 3.81078, 0
1890, 1897.5, 13, 11.0641, 0, 1.60328, 2.13816, 0.0389268, 3.21399, 4.06975, 0
1905, 1912.5, 10, 10.3088, 0, 1.84428, 2.1221, 0.03387, 3.2679, 3.04061, 0
1920, 1927.5, 9, 12.7009, 0, 4.21424, 2.07473, 0.0463033, 3.29087, 3.07476, 0
1935, 1942.5, 12, 9.74965, 0, 1.12665, 2.07868, 0.0351342, 3.30762, 3.20157, 0
1950, 1957.5, 10, 9.57673, 0, 1.1239, 2.02945, 0.130909, 3.3342, 2.95827, 0
1965, 1972.5, 14, 9.46573, 0, 1.06193, 2.03251, 0.0251501, 3.38012, 2.96602, 0
1980, 1987.5, 11, 9.77465, 0, 1.0417, 2.0217, 0.00296682, 3.403, 3.30528, 0
1995, 2002.5, 12, 9.91627, 0, 1.0413, 1.99011, 0.00598287, 3.43891, 3.43997, 0
2010, 2017.5, 6, 11.6941, 0, 1.00302, 1.95944, 0.00880021, 3.46994, 5.25294, 0
2025, 2032.5, 9, 8.99657, 0, 0.982352, 1.93503, 0.00257946, 3.50346, 2.57315, 0
2040, 2047.5, 9, 8.99726, 0, 0.966241, 1.91425, 0.000262981, 3.5165, 2.6, 0
2055, 2062.5, 12, 8.92202, 0, 0.95708, 1.88363, 0.00117748, 3.59284, 2.48729, 0
2070, 2077.5, 7, 8.81493, 0, 0.900018, 1.85902, 5.55808e-05, 3.63604, 2.41979, 0
2085, 2092.5, 5, 8.91994, 0, 0.868929, 1.83781, 5.87537e-05, 3.68224, 2.53089, 0
2100, 2107.5, 10, 10.6348, 0, 0.867621, 1.81396, 4.2714e-05, 5.43383, 2.5193, 0
2115, 2122.5, 7, 12.3274, 0, 0.813486, 1.80115, 0.000457514, 3.66684, 6.04545, 0
2130, 2137.5, 7, 8.13936, 0, 0.801468, 1.79872, 0, 3.73728, 1.80189, 0
2145, 2152.5, 8, 8.56934, 0, 0.774409, 1.78596, 0, 3.93103, 2.07794, 0
2160, 2167.5, 7, 8.36508, 0, 0.756176, 1.77644, 0, 4.01841, 1.81405, 0
2175, 2182.5, 9, 8.69115, 0, 0.781936, 1.79085, 0, 4.24275, 1.87561, 0
2190, 2197.5, 17, 17.0383, 0, 0.75368, 1.77803, 0, 4.17145, 10.3351, 0
2205, 2212.5, 10, 10.6119, 0, 0.738373, 1.80401, 0, 4.29014, 3.77935, 0
2220, 2227.5, 11, 7.72912, 0, 0.709051, 1.84002, 0, 4.40091, 0.779145, 0
2235, 2242.5, 11, 7.78454, 0, 0.668628, 1.87692, 0, 4.4723, 0.7667, 0
2250, 2257.5, 8, 7.93067, 0, 0.623624, 1.93662, 0, 4.55685, 0.813575, 0
2265, 2272.5, 8, 8.10044, 0, 0.604857, 1.98951, 0, 4.65232, 0.853743, 0
2280, 2287.5, 13, 8.75217, 0, 0.588924, 1.95114, 0, 4.76722, 1.44488, 0
2295, 2302.5, 10, 7.74707, 0, 0.59173, 1.53001, 0, 4.85222, 0.773108, 0
2310, 2317.5, 9, 7.42716, 0, 0.512964, 1.3752, 0, 4.91703, 0.621973, 0
2325, 2332.5, 14, 7.39975, 0, 0.508338, 1.28056, 0, 4.99825, 0.612604, 0
2340, 2347.5, 13, 7.37607, 0, 0.494294, 1.20665, 0, 5.1237, 0.551423, 0
2355, 2362.5, 10, 7.33657, 0, 0.457363, 1.09077, 0, 5.2506, 0.53785, 0
2370, 2377.5, 6, 7.32712, 0, 0.460518, 0.96738, 0, 5.39747, 0.501748, 0
2385, 2392.5, 8, 7.26407, 0, 0.467308, 0.842274, 0, 5.48668, 0.467802, 0
2400, 2407.5, 5, 7.29568, 0, 0.460168, 0.748934, 0, 5.58989, 0.496685, 0
2415, 2422.5, 10, 9.54226, 0, 2.65294, 0.647556, 0, 5.7298, 0.51197, 0
2430, 2437.5, 6, 7.36181, 0, 0.252833, 0.610181, 0, 5.78961, 0.709184, 0
2445, 2452.5, 12, 10.431, 0, 0.253979, 0.574173, 0, 5.86097, 3.7419, 0
2460, 2467.5, 7, 6.79225, 0, 0.211117, 0.561816, 0, 5.84531, 0.174011, 0
2475, 2482.5, 6, 7.00573, 0, 0.222768, 0.558615, 0, 5.79494, 0.429405, 0
2490, 2497.5, 4, 10.3835, 0, 0.192683, 4.3838, 0, 5.62464, 0.182401, 0
2505, 2512.5, 8, 13.7698, 0, 0.205009, 7.84431, 0, 5.46733, 0.253106, 0
2520, 2527.5, 6, 5.66382, 0, 0.19316, 6.01794e-05, 0, 5.34922, 0.121386, 0
2535, 2542.5, 3, 5.69148, 0, 0.269019, 9.8486e-05, 0, 5.28119, 0.141178, 0
2550, 2557.5, 5, 5.52627, 0, 0.195176, 9.30081e-05, 0, 5.22107, 0.109933, 0
2565, 2572.5, 7, 5.46321, 0, 0.153023, 0.000120359, 0, 5.20981, 0.100255, 0
2580, 2587.5, 6, 5.48446, 0, 0.154148, 0, 0, 5.24058, 0.0897313, 0
2595, 2602.5, 3, 5.78052, 0, 0.167407, 9.30081e-05, 0, 5.50103, 0.111988, 0
2610, 2617.5, 33, 26.8678, 0, 0.149775, 6.56574e-05, 0, 26.6356, 0.0823278, 0
2625, 2632.5, 2, 3.31368, 0, 0.139398, 2.73507e-05, 0, 3.08787, 0.0863815, 0
2640, 2647.5, 1, 3.26363, 0, 0.140387, 0, 0, 3.04937, 0.0738716, 0
2655, 2662.5, 3, 4.35866, 0, 0.133744, 0, 0, 4.11075, 0.114164, 0
2670, 2677.5, 2, 4.36295, 0, 0.115925, 0, 0, 4.17908, 0.0679485, 0
2685, 2692.5, 5, 5.13382, 0, 0.114061, 0, 0, 4.78422, 0.235539, 0
2700, 2707.5, 4, 4.60823, 0, 0.114003, 2.73507e-05, 0, 4.43118, 0.0630166, 0
2715, 2722.5, 5, 5.10388, 0, 0.113423, 0, 0, 4.70882, 0.281646, 0
2730, 2737.5, 4, 5.02152, 0, 0.108006, 0, 0, 4.83729, 0.0762224, 0
2745, 2752.5, 2, 4.96849, 0, 0.111368, 0, 0, 4.82659, 0.0305365, 0
2760, 2767.5, 4, 4.80727, 0, 0.103002, 0, 0, 4.63322, 0.0710442, 0
2775, 2782.5, 4, 4.65644, 0, 0.0855033, 0, 0, 4.52542, 0.0455108, 0
2790, 2797.5, 4, 4.82657, 0, 0.0870333, 0, 0, 4.71757, 0.0219675, 0
2805, 2812.5, 6, 4.54669, 0, 0.0957637, 0, 0, 4.43037, 0.0205526, 0
2820, 2827.5, 1, 4.17435, 0, 0.0932762, 0, 0, 4.0469, 0.0341751, 0
2835, 2842.5, 4, 3.84628, 0, 0.08088, 0, 0, 3.74526, 0.0201438, 0
2850, 2857.5, 3, 3.60012, 0, 0.0905532, 0, 0, 3.48067, 0.0288919, 0
2865, 2872.5, 1, 3.42373, 0, 0.0821426, 0, 0, 3.31387, 0.0277201, 0
2880, 2887.5, 1, 3.80677, 0, 0.0724658, 0, 0, 3.70206, 0.0322426, 0
2895, 2902.5, 1, 3.01492, 0, 0.0756894, 0, 0, 2.91985, 0.0193799, 0
2910, 2917.5, 6, 2.93183, 0, 0.0789741, 0, 0, 2.80676, 0.0460979, 0
2925, 2932.5, 0, 2.88663, 0, 0.113483, 0, 0, 2.75066, 0.0224883, 0
2940, 2947.5, 1, 2.78607, 0, 0.0737467, 0, 0, 2.69312, 0.0192032, 0
2955, 2962.5, 3, 2.72147, 0, 0.0665511, 0, 0, 2.64441, 0.0105079, 0
2970, 2977.5, 1, 2.47791, 0, 0.0616928, 0, 0, 2.38063, 0.035586, 0
2985, 2992.5, 5, 2.40526, 0, 0.0696225, 0, 0, 2.31614, 0.0194967, 0
3000, 3007.5, 1, 2.37848, 0, 0.0713682, 0, 0, 2.28462, 0.022489, 0
3015, 3022.5, 4, 2.11604, 0, 0.0592798, 0, 0, 2.0506, 0.00616458, 0
3030, 3037.5, 3, 1.90169, 0, 0.0723106, 0, 0, 1.82427, 0.00511033, 0
3045, 3052.5, 2, 1.81155, 0, 0.0647873, 0, 0, 1.69808, 0.0486854, 0
3060, 3067.5, 2, 1.62301, 0, 0.0749602, 0, 0, 1.5467, 0.00135018, 0
3075, 3082.5, 1, 1.49113, 0, 0.0590468, 0, 0, 1.42192, 0.0101599, 0
3090, 3097.5, 1, 1.38418, 0, 0.0706685, 0, 0, 1.31233, 0.001175, 0
3105, 3112.5, 1, 1.30804, 0, 0.0650988, 0, 0, 1.24241, 0.000528709, 0
3120, 3127.5, 1, 2.70729, 0, 0.0718772, 0, 0, 2.635, 0.00041113, 0
3135, 3142.5, 0, 1.10194, 0, 0.0559322, 0, 0, 1.04442, 0.00158534, 0
3150, 3157.5, 0, 1.09083, 0, 0.0727564, 0, 0, 1.01561, 0.00246599, 0
3165, 3172.5, 0, 1.07785, 0, 0.0701097, 0, 0, 1.00751, 0.000235158, 0
3180, 3187.5, 1, 1.66864, 0, 0.0595305, 0, 0, 1.60494, 0.0041697, 0
3195, 3202.5, 5, 8.78021, 0, 0.0655185, 0, 0, 8.71469, 0, 0
3210, 3217.5, 1, 0.526575, 0, 0.0802751, 0, 0, 0.4463, 0, 0
3225, 3232.5, 1, 0.5056, 0, 0.0593867, 0, 0, 0.446213, 0, 0
3240, 3247.5, 1, 0.487786, 0, 0.0531829, 0, 0, 0.434603, 0, 0
3255, 3262.5, 0, 0.468642, 0, 0.047557, 0, 0, 0.421085, 0, 0
3270, 3277.5, 0, 0.442225, 0, 0.0501368, 0, 0, 0.392088, 0, 0
3285, 3292.5, 0, 0.428987, 0, 0.061738, 0, 0, 0.36725, 0, 0
3300, 3307.5, 1, 0.395774, 0, 0.0400101, 0, 0, 0.355763, 0, 0
3315, 3322.5, 3, 0.371403, 0, 0.030382, 0, 0, 0.341021, 0, 0
3330, 3337.5, 1, 0.368284, 0, 0.0392935, 0, 0, 0.32899, 0, 0
3345, 3352.5, 0, 0.305509, 0, 0.0285257, 0, 0, 0.276983, 0, 0
3360, 3367.5, 0, 0.291191, 0, 0.0278255, 0, 0, 0.263366, 0, 0
3375, 3382.5, 0, 0.361357, 0, 0.0266826, 0, 0, 0.334675, 0, 0
3390, 3397.5, 0, 0.228882, 0, 0.0215172, 0, 0, 0.207365, 0, 0
3405, 3412.5, 0, 0.217729, 0, 0.0206689, 0, 0, 0.19706, 0, 0
3420, 3427.5, 0, 0.205728, 0, 0.0274478, 0, 0, 0.17828, 0, 0
3435, 3442.5, 0, 0.605946, 0, 0.428115, 0, 0, 0.177831, 0, 0
3450, 3457.5, 0, 0.198476, 0, 0.0224336, 0, 0, 0.176042, 0, 0
3465, 3472.5, 0, 1.51616, 0, 0, 0, 0, 1.51616, 0, 0
3480, 3487.5, 0, 0.0922922, 0, 0, 0, 0, 0.0922922, 0, 0
3495, 3502.5, 0, 0.0809524, 0, 0, 0, 0, 0.0809524, 0, 0
3510, 3517.5, 0, 0.0800272, 0, 0, 0, 0, 0.0800272, 0, 0
3525, 3532.5, 0, 0.0753403, 0, 0, 0, 0, 0.0753403, 0, 0
3540, 3547.5, 0, 0.0686328, 0, 0, 0, 0, 0.0686328, 0, 0
3555, 3562.5, 1, 0.0545644, 0, 0, 0, 0, 0.0545644, 0, 0
3570, 3577.5, 0, 0.0485021, 0, 0, 0, 0, 0.0485021, 0, 0
3585, 3592.5, 1, 0.0521505, 0, 0, 0, 0, 0.0521505, 0, 0
3600, 3607.5, 0, 0.0390562, 0, 0, 0, 0, 0.0390562, 0, 0
3615, 3622.5, 0, 0.0370409, 0, 0, 0, 0, 0.0370409, 0, 0
3630, 3637.5, 0, 0.0342366, 0, 0, 0, 0, 0.0342366, 0, 0
3645, 3652.5, 0, 0.0306043, 0, 0, 0, 0, 0.0306043, 0, 0
3660, 3667.5, 0, 0.0289945, 0, 0, 0, 0, 0.0289945, 0, 0
3675, 3682.5, 0, 0.0282751, 0, 0, 0, 0, 0.0282751, 0, 0
3690, 3697.5, 0, 0.03685, 0, 0, 0, 0, 0.03685, 0, 0
3705, 3712.5, 1, 0.238472, 0, 0, 0, 0, 0.238472, 0, 0
3720, 3727.5, 0, 0.00797681, 0, 0, 0, 0, 0.00797681, 0, 0
3735, 3742.5, 0, 0.00719161, 0, 0, 0, 0, 0.00719161, 0, 0
3750, 3757.5, 0, 0.00632698, 0, 0, 0, 0, 0.00632698, 0, 0
3765, 3772.5, 0, 0.00744468, 0, 0, 0, 0, 0.00744468, 0, 0
3780, 3787.5, 0, 0.00616741, 0, 0, 0, 0, 0.00616741, 0, 0
3795, 3802.5, 0, 0.00584654, 0, 0, 0, 0, 0.00584654, 0, 0
3810, 3817.5, 0, 0.00479649, 0, 0, 0, 0, 0.00479649, 0, 0
3825, 3832.5, 0, 0.00449608, 0, 0, 0, 0, 0.00449608, 0, 0
3840, 3847.5, 0, 0.00457188, 0, 0, 0, 0, 0.00457188, 0, 0
3855, 3862.5, 0, 0.00367065, 0, 0, 0, 0, 0.00367065, 0, 0
3870, 3877.5, 0, 0.00301103, 0, 0, 0, 0, 0.00301103, 0, 0
3885, 3892.5, 0, 0.00459321, 0, 0, 0, 0, 0.00459321, 0, 0
3900, 3907.5, 0, 0.00313765, 0, 0, 0, 0, 0.00313765, 0, 0
3915, 3922.5, 0, 0.00393273, 0, 0, 0, 0, 0.00393273, 0, 0
3930, 3937.5, 1, 0.00231135, 0, 0, 0, 0, 0.00231135, 0, 0
3945, 3952.5, 0, 0.00642498, 0, 0, 0, 0, 0.00642498, 0, 0
3960, 3967.5, 0, 0.012382, 0, 0, 0, 0, 0.012382, 0, 0
3975, 3982.5, 1, 0.00097425, 0, 0, 0, 0, 0.00097425, 0, 0
3990, 3997.5, 0, 0.00127466, 0, 0, 0, 0, 0.00127466, 0, 0
4005, 4012.5, 0, 0.000871744, 0, 0, 0, 0, 0.000871744, 0, 0
4020, 4027.5, 0, 0.000800456, 0, 0, 0, 0, 0.000800456, 0, 0
4035, 4042.5, 0, 0.000640886, 0, 0, 0, 0, 0.000640886, 0, 0
4050, 4057.5, 0, 0.000679217, 0, 0, 0, 0, 0.000679217, 0, 0
4065, 4072.5, 0, 0.000684593, 0, 0, 0, 0, 0.000684593, 0, 0
4080, 4087.5, 0, 0.000480447, 0, 0, 0, 0, 0.000480447, 0, 0
4095, 4102.5, 0, 0.000416272, 0, 0, 0, 0, 0.000416272, 0, 0
4110, 4117.5, 0, 0.000595442, 0, 0, 0, 0, 0.000595442, 0, 0
4125, 4132.5, 0, 0.00122922, 0, 0, 0, 0, 0.00122922, 0, 0
4140, 4147.5, 0, 0.000384184, 0, 0, 0, 0, 0.000384184, 0, 0
4155, 4162.5, 0, 0.000345852, 0, 0, 0, 0, 0.000345852, 0, 0
4170, 4177.5, 0, 0.00114631, 0, 0, 0, 0, 0.00114631, 0, 0
4185, 4192.5, 0, 0.000134595, 0, 0, 0, 0, 0.000134595, 0, 0
4200, 4207.5, 0, 0.000243345, 0, 0, 0, 0, 0.000243345, 0, 0
4215, 4222.5, 0, 0.000134595, 0, 0, 0, 0, 0.000134595, 0, 0
4230, 4237.5, 0, 0.000108751, 0, 0, 0, 0, 0.000108751, 0, 0
4245, 4252.5, 0, 0.000172926, 0, 0, 0, 0, 0.000172926, 0, 0
4260, 4267.5, 0, 0.000192526, 0, 0, 0, 0, 0.000192526, 0, 0
4275, 4282.5, 0, 0.000102507, 0, 0, 0, 0, 0.000102507, 0, 0
4290, 4297.5, 0, 0.000301277, 0, 0, 0, 0, 0.000301277, 0, 0
4305, 4312.5, 0, 0.000185414, 0, 0, 0, 0, 0.000185414, 0, 0
4320, 4327.5, 0, 6.41754e-05, 0, 0, 0, 0, 6.41754e-05, 0, 0
4335, 4342.5, 0, 0.000108751, 0, 0, 0, 0, 0.000108751, 0, 0
4350, 4357.5, 0, 0.000384184, 0, 0, 0, 0, 0.000384184, 0, 0
4365, 4372.5, 0, 3.20877e-05, 0, 0, 0, 0, 3.20877e-05, 0, 0
4380, 4387.5, 0, 3.83315e-05, 0, 0, 0, 0, 3.83315e-05, 0, 0
4395, 4402.5, 0, 0, 0, 0, 0, 0, 0, 0, 0
4410, 4417.5, 0, 0, 0, 0, 0, 0, 0, 0, 0
4425, 4432.5, 0, 0, 0, 0, 0, 0, 0, 0, 0
4440, 4447.5, 0, 0, 0, 0, 0, 0, 0, 0, 0
4455, 4462.5, 0, 3.20877e-05, 0, 0, 0, 0, 3.20877e-05, 0, 0
4470, 4477.5, 0, 0.000211258, 0, 0, 0, 0, 0.000211258, 0, 0
4485, 4492.5, 0, 0, 0, 0, 0, 0, 0, 0, 0
4500, 4507.5, 0, 0, 0, 0, 0, 0, 0, 0, 0
4515, 4522.5, 0, 0, 0, 0, 0, 0, 0, 0, 0
4530, 4537.5, 0, 0, 0, 0, 0, 0, 0, 0, 0
4545, 4552.5, 0, 0, 0, 0, 0, 0, 0, 0, 0
4560, 4567.5, 0, 0, 0, 0, 0, 0, 0, 0, 0
4575, 4582.5, 0, 0, 0, 0, 0, 0, 0, 0, 0
4590, 4597.5, 0, 0, 0, 0, 0, 0, 0, 0, 0
4605, 4612.5, 0, 0, 0, 0, 0, 0, 0, 0, 0
4620, 4627.5, 0, 0, 0, 0, 0, 0, 0, 0, 0
4635, 4642.5, 0, 0, 0, 0, 0, 0, 0, 0, 0
4650, 4657.5, 0, 0, 0, 0, 0, 0, 0, 0, 0
4665, 4672.5, 0, 0, 0, 0, 0, 0, 0, 0, 0
4680, 4687.5, 0, 0, 0, 0, 0, 0, 0, 0, 0
4695, 4702.5, 0, 0, 0, 0, 0, 0, 0, 0, 0
4710, 4717.5, 0, 0, 0, 0, 0, 0, 0, 0, 0
4725, 4732.5, 0, 0, 0, 0, 0, 0, 0, 0, 0
4740, 4747.5, 0, 0, 0, 0, 0, 0, 0, 0, 0
4755, 4762.5, 0, 0, 0, 0, 0, 0, 0, 0, 0
4770, 4777.5, 0, 0, 0, 0, 0, 0, 0, 0, 0
4785, 4792.5, 0, 0, 0, 0, 0, 0, 0, 0, 0
4800, 4807.5, 0, 0, 0, 0, 0, 0, 0, 0, 0
4815, 4822.5, 0, 0, 0, 0, 0, 0, 0, 0, 0
4830, 4837.5, 0, 0, 0, 0, 0, 0, 0, 0, 0
4845, 4852.5, 0, 0, 0, 0, 0, 0, 0, 0, 0
4860, 4867.5, 0, 0, 0, 0, 0, 0, 0, 0, 0
4875, 4882.5, 0, 0, 0, 0, 0, 0, 0, 0, 0
4890, 4897.5, 0, 0, 0, 0, 0, 0, 0, 0, 0
4905, 4912.5, 0, 0, 0, 0, 0, 0, 0, 0, 0
4920, 4927.5, 0, 0, 0, 0, 0, 0, 0, 0, 0
4935, 4942.5, 0, 0, 0, 0, 0, 0, 0, 0, 0
4950, 4957.5, 0, 0, 0, 0, 0, 0, 0, 0, 0
4965, 4972.5, 0, 0, 0, 0, 0, 0, 0, 0, 0
4980, 4987.5, 0, 0, 0, 0, 0, 0, 0, 0, 0
4995, 5002.5, 0, 0, 0, 0, 0, 0, 0, 0, 0
5010, 5017.5, 0, 0, 0, 0, 0, 0, 0, 0, 0
5025, 5032.5, 0, 0, 0, 0, 0, 0, 0, 0, 0
5040, 5047.5, 0, 0, 0, 0, 0, 0, 0, 0, 0
5055, 5062.5, 0, 0, 0, 0, 0, 0, 0, 0, 0
5070, 5077.5, 0, 0, 0, 0, 0, 0, 0, 0, 0
5085, 5092.5, 0, 0, 0, 0, 0, 0, 0, 0, 0
5100, 5107.5, 0, 0, 0, 0, 0, 0, 0, 0, 0
5115, 5122.5, 0, 0, 0, 0, 0, 0, 0, 0, 0
5130, 5137.5, 0, 0, 0, 0, 0, 0, 0, 0, 0
5145, 5152.5, 0, 0, 0, 0, 0, 0, 0, 0, 0
5160, 5167.5, 0, 0, 0, 0, 0, 0, 0, 0, 0
5175, 5182.5, 0, 0, 0, 0, 0, 0, 0, 0, 0
5190, 5197.5, 0, 0, 0, 0, 0, 0, 0, 0, 0
5205, 5212.5, 0, 0, 0, 0, 0, 0, 0, 0, 0
