xunit, xunit_low, fitted_data, total_model, Nnbb_bege, Ac228_central_fiber_shroud, Ac228_holders, Ac228_mini_shrouds, Bi212Tl208_central_fiber_shroud, Bi212Tl208_holders, Bi212Tl208_mini_shrouds, Bi212Tl208_outer_fiber_shroud, Co60_holders, K40_cables, K40_central_fiber_shroud, K40_close, K40_holders, K40_mini_shrouds, K40_outer_fiber_shroud, K42_above_array, K42_inside_ms, K42_nplus_bege, K42_nplus_invcoax, K42_nplus_semicoax, K42_outside_ms, Pb214Bi214_cables, Pb214Bi214_central_fiber_shroud, Pb214Bi214_mini_shrouds, Pb214Bi214_outer_fiber_shroud, Zn65_invcoax, alpha_high_energy_bege, 1sig_p, 1sig_m, 2sig_p, 2sig_m, 3sig_p, 3sig_m, norm_pois_res
572.5, 565, 76.9333, 76.0814, 52.3367, 0.0365322, 0.394402, 0.0452065, 0.0163895, 0.361666, 0.0205524, 0.0560277, 0.33542, 0.506217, 0.075755, 2.53506, 0.711793, 0.336424, 0.120172, 11.9142, 1.22701, 0.0471215, 0.0988858, 0.348305, 3.14482, 1.12255, 0.0169354, 0.0989854, 0.0473968, 0.0415861, 0.0852576, 78.3667, 73.7667, 80.6333, 71.5667, 82.7667, 69.3667, 0.37828
584, 580, 81.375, 82.8623, 52.423, 0.0362679, 0.393543, 0.0450761, 0.217532, 6.59989, 0.331016, 0.456636, 0.334708, 0.481741, 0.0763343, 2.55984, 0.70314, 0.339712, 0.11772, 11.561, 1.20723, 0.045941, 0.0942701, 0.338028, 3.06419, 1.14557, 0.0172225, 0.0996309, 0.0464492, 0.0413382, 0.0853425, 86.1875, 79.5625, 89.3125, 76.4375, 92.4375, 73.1875, -0.46214
596, 588, 74.3125, 75.1641, 52.7763, 0.0336385, 0.364067, 0.0412571, 0.00982688, 0.237253, 0.0124091, 0.0343505, 0.331524, 0.478671, 0.0742589, 2.45811, 0.701938, 0.326212, 0.114695, 11.2352, 1.18372, 0.0452114, 0.0979862, 0.328319, 2.96716, 1.03454, 0.0158543, 0.0919275, 0.0438913, 0.0404229, 0.0854116, 77.3438, 72.9688, 79.5312, 70.7812, 81.6562, 68.7188, -0.392925
608, 604, 92.375, 91.9163, 53.1365, 0.0345898, 0.378893, 0.0432729, 0.00936806, 0.224142, 0.0119873, 0.0331076, 0.330578, 0.469342, 0.0720238, 2.36968, 0.686643, 0.314477, 0.11201, 10.9161, 1.16803, 0.044364, 0.0940745, 0.327329, 2.88372, 16.3132, 0.181722, 1.30293, 0.332509, 0.0402699, 0.0855105, 95.3125, 88.4375, 98.6875, 85.0625, 102.062, 81.8125, 0.135311
617, 612, 72.9, 74.5155, 53.3308, 0.0350636, 0.387827, 0.0438346, 0.00927794, 0.219882, 0.0116059, 0.0322593, 0.325758, 0.483811, 0.0762659, 2.39095, 0.686796, 0.3173, 0.110136, 10.6437, 1.15613, 0.0439102, 0.0903585, 0.311002, 2.82626, 0.751669, 0.0111712, 0.0641192, 0.0298523, 0.0402156, 0.0855483, 77.25, 71.75, 80.05, 69.05, 82.65, 66.35, -0.591812
627, 622, 72.6, 74.0466, 53.2469, 0.0332957, 0.368547, 0.041339, 0.00896027, 0.215596, 0.0115239, 0.0314062, 0.325254, 0.46147, 0.0729817, 2.3572, 0.672725, 0.31282, 0.107742, 10.4821, 1.13694, 0.0434283, 0.0918449, 0.311953, 2.7739, 0.712199, 0.0108585, 0.0614688, 0.0287842, 0.0397834, 0.085626, 76.85, 71.25, 79.55, 68.55, 82.15, 65.95, -0.531625
637, 632, 75.2, 73.755, 53.3307, 0.03257, 0.362809, 0.0406072, 0.00876852, 0.210972, 0.011112, 0.0308761, 0.324073, 0.468596, 0.0700442, 2.32622, 0.678056, 0.308709, 0.10583, 10.2475, 1.11721, 0.0423262, 0.0901238, 0.293565, 2.70913, 0.719478, 0.0107714, 0.0616942, 0.0284479, 0.039055, 0.085692, 76.55, 70.95, 79.25, 68.25, 81.85, 65.65, 0.532085
647, 642, 70.2, 73.6242, 53.4996, 0.0331656, 0.374263, 0.0418608, 0.00872056, 0.209778, 0.0110558, 0.0305161, 0.324912, 0.466381, 0.0682561, 2.31142, 0.66582, 0.306746, 0.103687, 10.0618, 1.10575, 0.0421447, 0.0884027, 0.289761, 2.66218, 0.695784, 0.0103107, 0.0590754, 0.0275282, 0.0395169, 0.0857447, 76.35, 70.85, 79.05, 68.15, 81.75, 65.55, -1.26197
657, 652, 79.8, 73.3402, 53.5448, 0.0324644, 0.368383, 0.0410809, 0.00851328, 0.205116, 0.0109102, 0.0296673, 0.323631, 0.455403, 0.0704091, 2.29062, 0.686359, 0.303984, 0.103026, 9.83549, 1.09385, 0.0415197, 0.0876204, 0.287859, 2.61568, 0.683245, 0.0103671, 0.0583765, 0.0270093, 0.0389425, 0.0858257, 76.05, 70.55, 78.75, 67.85, 81.45, 65.25, 2.38533
667, 662, 72.5, 73.3701, 53.7051, 0.0336579, 0.387911, 0.0434263, 0.00811345, 0.191702, 0.010074, 0.0282254, 0.323073, 0.458099, 0.0683108, 2.22866, 0.654283, 0.295762, 0.10154, 9.66442, 1.07855, 0.041152, 0.0882462, 0.268203, 2.57134, 0.874844, 0.0121761, 0.0755048, 0.033063, 0.03883, 0.0859054, 76.15, 70.65, 78.85, 67.95, 81.45, 65.25, -0.321233
677, 672, 78.2, 72.9085, 53.6446, 0.0355673, 0.415632, 0.0463532, 0.00773195, 0.186067, 0.00967073, 0.0272362, 0.323864, 0.468403, 0.0671249, 2.22727, 0.640037, 0.295578, 0.100066, 9.52119, 1.07032, 0.0407702, 0.0845693, 0.298004, 2.52927, 0.65322, 0.00977246, 0.0558153, 0.0254986, 0.0389149, 0.0859703, 75.65, 70.15, 78.35, 67.45, 80.95, 64.85, 1.95969
687, 682, 69, 72.6239, 53.7031, 0.0339168, 0.39809, 0.0440315, 0.00752888, 0.182333, 0.0096377, 0.0265797, 0.321491, 0.444424, 0.066906, 2.22958, 0.653584, 0.295885, 0.0983485, 9.29017, 1.05127, 0.0399882, 0.0798753, 0.284689, 2.47516, 0.670584, 0.00985544, 0.0568094, 0.0256373, 0.0384195, 0.0860339, 75.35, 69.85, 78.05, 67.15, 80.65, 64.55, -1.34473
697, 692, 74.3, 72.1263, 53.3206, 0.0341597, 0.404644, 0.0450055, 0.00747112, 0.179746, 0.00932768, 0.0258006, 0.321984, 0.441054, 0.0664316, 2.29015, 0.651836, 0.303923, 0.0967989, 9.15474, 1.04679, 0.039909, 0.0808924, 0.281518, 2.44223, 0.664335, 0.00985315, 0.0569667, 0.0253956, 0.0386169, 0.0861085, 74.85, 69.35, 77.55, 66.75, 80.15, 64.15, 0.809393
707, 702, 74.9, 71.8826, 53.4084, 0.0339561, 0.401148, 0.0442393, 0.00731893, 0.176165, 0.00910717, 0.0250056, 0.323261, 0.449143, 0.065793, 2.2023, 0.644494, 0.292264, 0.0956191, 8.93852, 1.02838, 0.0390082, 0.0806577, 0.282469, 2.3843, 0.725953, 0.0103364, 0.0623965, 0.0271678, 0.0390392, 0.086182, 74.65, 69.15, 77.25, 66.45, 79.85, 63.85, 1.12542
717, 712, 70.5, 71.3128, 53.1075, 0.0293756, 0.344631, 0.0377141, 0.00731522, 0.176849, 0.00917726, 0.0249932, 0.323683, 0.44038, 0.0652821, 2.19352, 0.65306, 0.291098, 0.0940527, 8.83663, 1.01975, 0.0385392, 0.0797189, 0.27708, 2.35555, 0.686854, 0.00996501, 0.0589443, 0.0259613, 0.0389938, 0.0862525, 74.05, 68.55, 76.65, 65.95, 79.25, 63.35, -0.30438
727, 722, 74.5, 72.9472, 52.9835, 0.0313045, 0.368259, 0.0407618, 0.0654954, 1.91142, 0.0860752, 0.102129, 0.326062, 0.437683, 0.0648442, 2.19444, 0.640474, 0.291221, 0.0930702, 8.71194, 1.01503, 0.0383868, 0.0823006, 0.286591, 2.32671, 0.637011, 0.00935252, 0.0542552, 0.0240467, 0.0385261, 0.0863057, 75.65, 70.25, 78.35, 67.55, 81.05, 64.85, 0.574929
737.5, 732, 69.9091, 70.3673, 52.6693, 0.0276472, 0.322799, 0.0355362, 0.00538541, 0.131427, 0.00673561, 0.0201601, 0.324857, 0.433525, 0.0647049, 2.22235, 0.632941, 0.294925, 0.092235, 8.54738, 1.01219, 0.0376003, 0.0744631, 0.258231, 2.28585, 0.652815, 0.0095334, 0.0558967, 0.0239269, 0.0384401, 0.0864012, 72.9545, 67.7727, 75.5, 65.3182, 77.9545, 62.7727, -0.181168
748.5, 743, 70.5455, 69.9816, 52.5974, 0.0273678, 0.320978, 0.0351912, 0.005215, 0.125922, 0.00656482, 0.0198688, 0.32839, 0.441054, 0.0639253, 2.1366, 0.63755, 0.283545, 0.091267, 8.39174, 0.99107, 0.0379166, 0.0755299, 0.268607, 2.24422, 0.638811, 0.00950797, 0.0547086, 0.0234826, 0.0386841, 0.0864785, 72.5909, 67.4091, 75.0455, 64.8636, 77.5, 62.4091, 0.223554
759.5, 754, 65.9091, 69.4611, 52.1762, 0.0298609, 0.356101, 0.038942, 0.0068755, 0.175236, 0.00938947, 0.0251177, 0.328291, 0.42941, 0.063295, 2.16729, 0.636914, 0.287618, 0.0904982, 8.24036, 0.988715, 0.0367962, 0.0765967, 0.260249, 2.21518, 0.613071, 0.00900492, 0.0519816, 0.0226787, 0.0388725, 0.0865498, 72.0455, 66.8636, 74.5, 64.4091, 76.9545, 61.9545, -1.41353
770.5, 765, 70.4545, 69.9012, 51.7886, 0.0311419, 0.367141, 0.0407017, 0.00501507, 0.120761, 0.00620012, 0.0187999, 0.332555, 0.435101, 0.0626315, 2.15005, 0.62301, 0.28533, 0.0887047, 8.13518, 0.98268, 0.0372723, 0.0760277, 0.258808, 2.18438, 1.55291, 0.019544, 0.129118, 0.0440099, 0.0388815, 0.0866224, 72.5, 67.3182, 74.9545, 64.8636, 77.4091, 62.4091, 0.219505
781.5, 776, 69.3636, 68.7647, 51.4174, 0.0254179, 0.296898, 0.0317417, 0.00968391, 0.2591, 0.0132386, 0.0288148, 0.334096, 0.432387, 0.0648708, 2.14375, 0.630081, 0.284494, 0.0874925, 7.96541, 0.971936, 0.0363814, 0.0731118, 0.263707, 2.14763, 0.999751, 0.0135195, 0.0809036, 0.0269965, 0.0392189, 0.0867015, 71.3182, 66.2273, 73.7727, 63.7727, 76.2273, 61.3182, 0.239538
792.5, 787, 69.4545, 67.9643, 51.052, 0.0411014, 0.49018, 0.0550422, 0.00471676, 0.114913, 0.00588596, 0.0176865, 0.338877, 0.428973, 0.0625486, 2.13786, 0.637629, 0.283713, 0.0871085, 7.90298, 0.965705, 0.0359297, 0.0765967, 0.259096, 2.13044, 0.626306, 0.00893032, 0.0519705, 0.0214154, 0.0398612, 0.0867786, 70.5, 65.4091, 72.9545, 62.9545, 75.4091, 60.5, 0.599546
803.5, 798, 63.0909, 67.0449, 50.4264, 0.0178769, 0.206656, 0.0216891, 0.00451603, 0.107881, 0.00554205, 0.0170579, 0.341049, 0.424245, 0.0629965, 2.13955, 0.634928, 0.283936, 0.0857097, 7.76669, 0.961412, 0.0356197, 0.0752454, 0.240075, 2.08398, 0.862334, 0.0113347, 0.0726383, 0.0280529, 0.0405521, 0.0869145, 69.5909, 64.5, 72.0455, 62.0455, 74.4091, 59.6818, -1.60159
814.5, 809, 67.4545, 66.2822, 50.1374, 0.0172608, 0.201488, 0.0209945, 0.00446558, 0.108166, 0.00549235, 0.0168159, 0.345454, 0.424771, 0.0603758, 2.09919, 0.618163, 0.278581, 0.0852997, 7.66225, 0.951869, 0.035461, 0.0789437, 0.267742, 2.06364, 0.592411, 0.00830057, 0.0492991, 0.0203656, 0.0410832, 0.0869453, 68.7727, 63.7727, 71.2273, 61.3182, 73.5909, 58.9545, 0.477585
825.5, 820, 64.9091, 65.6266, 49.5226, 0.0193211, 0.225989, 0.0241846, 0.00441603, 0.107288, 0.00558013, 0.0167113, 0.358978, 0.426084, 0.0612548, 2.11937, 0.625949, 0.281258, 0.0846192, 7.56383, 0.946497, 0.035005, 0.0737519, 0.239786, 2.0375, 0.635568, 0.0088057, 0.0529346, 0.021161, 0.0411621, 0.0870133, 68.1364, 63.1364, 70.5909, 60.6818, 72.9545, 58.3182, -0.293758
836.5, 831, 64.8182, 65.2946, 48.9228, 0.0309275, 0.372523, 0.039945, 0.0043373, 0.106647, 0.00544031, 0.0164949, 0.358138, 0.419255, 0.0602928, 2.16645, 0.624201, 0.287506, 0.0843686, 7.44917, 0.939825, 0.0346886, 0.071476, 0.256214, 2.01782, 0.798593, 0.0108104, 0.0650275, 0.0229134, 0.0416556, 0.0870998, 67.7727, 62.7727, 70.2273, 60.4091, 72.5909, 58.0455, -0.195535
847.5, 842, 62.7273, 64.2427, 48.5605, 0.0141311, 0.162578, 0.0169347, 0.00426314, 0.102562, 0.00535618, 0.0162624, 0.362103, 0.436764, 0.0598118, 2.09415, 0.632783, 0.277911, 0.0834484, 7.36239, 0.92751, 0.0343469, 0.0680622, 0.245262, 1.99118, 0.576983, 0.00805717, 0.0486146, 0.0200249, 0.0435324, 0.0871744, 66.6818, 61.7727, 69.1364, 59.4091, 71.5, 57.0455, -0.627067
858.5, 853, 62.3636, 64.3121, 47.9242, 0.0130391, 0.15007, 0.0157029, 0.0260072, 0.755211, 0.036737, 0.0592188, 0.369474, 0.446394, 0.059845, 2.12988, 0.621261, 0.282653, 0.0830104, 7.30449, 0.926652, 0.0341808, 0.0711204, 0.240939, 1.97321, 0.581107, 0.00809843, 0.0482715, 0.0198784, 0.0442879, 0.0872522, 66.7727, 61.8636, 69.2273, 59.4091, 71.5, 57.0455, -0.805846
869.5, 864, 60.3636, 62.9448, 47.4644, 0.0139486, 0.162212, 0.0167079, 0.00373517, 0.0881455, 0.00460621, 0.0142237, 0.378457, 0.439916, 0.0611719, 2.11012, 0.635722, 0.280031, 0.082156, 7.169, 0.929056, 0.0337724, 0.0728984, 0.235751, 1.94971, 0.589243, 0.008063, 0.0492403, 0.0198468, 0.0452478, 0.0873382, 65.4091, 60.5, 67.7727, 58.1364, 70.0455, 55.7727, -1.07901
880.5, 875, 65.5455, 61.8364, 46.4848, 0.0131216, 0.151768, 0.0155467, 0.00362379, 0.086775, 0.00450802, 0.0139614, 0.385031, 0.437902, 0.0619017, 2.0622, 0.636517, 0.273672, 0.0819388, 7.11576, 0.925989, 0.0338771, 0.0686312, 0.23921, 1.94121, 0.586862, 0.00815928, 0.0496056, 0.0200307, 0.0464106, 0.0874232, 64.2273, 59.4091, 66.5909, 57.0455, 68.9545, 54.7727, 1.56436
891.5, 886, 60.9091, 61.5388, 46.1392, 0.0125227, 0.146115, 0.0151331, 0.00515414, 0.132179, 0.00690134, 0.0173537, 0.393233, 0.434576, 0.0595298, 2.17948, 0.633021, 0.289235, 0.0819172, 6.99724, 0.93146, 0.0333894, 0.0682756, 0.240363, 1.91224, 0.596442, 0.00812552, 0.0503807, 0.0202252, 0.0476164, 0.087488, 63.9545, 59.1364, 66.3182, 56.7727, 68.5909, 54.5, -0.266249
902.5, 897, 61.6364, 60.8771, 45.1673, 0.0168294, 0.196648, 0.0205521, 0.00340899, 0.0836106, 0.00435192, 0.0134301, 0.404373, 0.430549, 0.0603923, 2.14585, 0.646846, 0.284773, 0.0813701, 7.19954, 0.954862, 0.0339152, 0.0712627, 0.25679, 1.9709, 0.615658, 0.0084106, 0.05144, 0.0202483, 0.0461773, 0.0875807, 63.2273, 58.5, 65.5909, 56.1364, 67.8636, 53.8636, 0.322767
911.5, 908, 70.5714, 64.9137, 44.7652, 0.33778, 4.33327, 0.426457, 0.00347097, 0.0834925, 0.00431964, 0.0133476, 0.412796, 0.431699, 0.0614871, 2.16062, 0.645768, 0.286733, 0.0805645, 6.94557, 0.926859, 0.0329871, 0.0727562, 0.225994, 1.88777, 0.572523, 0.00799024, 0.0496342, 0.0192611, 0.0376962, 0.0876383, 68.0714, 61.7857, 71.0714, 58.7857, 74.0714, 55.7857, 1.85792
921, 915, 57.6667, 58.9674, 43.9236, 0.0072266, 0.0924645, 0.00888183, 0.00344943, 0.0820635, 0.00423455, 0.0132461, 0.425229, 0.446832, 0.0608941, 2.12925, 0.640867, 0.282569, 0.0809219, 6.88866, 0.918937, 0.0325738, 0.0713219, 0.240147, 1.87242, 0.548079, 0.00764897, 0.0461779, 0.0182765, 0.0337318, 0.0877119, 61.2083, 56.7083, 63.4583, 54.5417, 65.625, 52.375, -0.586764
933, 927, 57.75, 58.6627, 43.1524, 0.00698354, 0.0893835, 0.00879917, 0.00348374, 0.0817083, 0.00425071, 0.0132235, 0.438109, 0.443221, 0.0608637, 2.14312, 0.65995, 0.28441, 0.0805228, 6.80479, 0.919994, 0.0327183, 0.0681274, 0.23407, 1.8523, 1.02977, 0.0134427, 0.0870186, 0.0305571, 0.0317366, 0.0877931, 60.875, 56.375, 63.125, 54.2083, 65.2917, 52.0417, -0.412797
945, 939, 56.25, 57.8773, 42.3535, 0.00982951, 0.121847, 0.0124416, 0.00341539, 0.0796211, 0.00416907, 0.0129292, 0.456267, 0.514723, 0.067873, 2.49106, 0.754925, 0.330584, 0.0875048, 6.76394, 0.919881, 0.0324632, 0.0713219, 0.23909, 1.84274, 0.52158, 0.00720121, 0.0432924, 0.0168752, 0.0303648, 0.0878631, 60.125, 55.625, 62.2917, 53.4583, 64.4583, 51.2917, -0.740992
956.5, 951, 57.4545, 56.3576, 41.3536, 0.00876651, 0.110409, 0.0109694, 0.00385053, 0.094064, 0.00489394, 0.013969, 0.456774, 0.461452, 0.0637097, 2.23076, 0.675529, 0.296041, 0.082001, 6.69056, 0.918802, 0.0321611, 0.0693424, 0.23921, 1.84857, 0.509343, 0.0070519, 0.0428651, 0.0164545, 0.0284528, 0.0879688, 58.6818, 54.0455, 60.9545, 51.7727, 63.1364, 49.5909, 0.484631
967.5, 962, 60.8182, 57.9728, 40.708, 0.162893, 2.06734, 0.206488, 0.00324599, 0.072849, 0.00390395, 0.0124635, 0.39769, 0.440791, 0.061769, 2.26775, 0.679423, 0.30095, 0.0803769, 6.66218, 0.910903, 0.031904, 0.070267, 0.254773, 1.82642, 0.563072, 0.00776584, 0.0469501, 0.017868, 0.0267374, 0.0880528, 60.3182, 55.5909, 62.5909, 53.3182, 64.8636, 51.1364, 1.23945
980, 973, 52.7143, 54.3869, 39.6512, 0.00411468, 0.0610252, 0.00534008, 0.00333152, 0.0769491, 0.00409762, 0.0127226, 0.370802, 0.466573, 0.0629206, 2.25937, 0.667119, 0.299838, 0.080806, 6.60167, 0.92125, 0.0319887, 0.0714151, 0.24026, 1.82157, 0.496001, 0.00691025, 0.041292, 0.0158688, 0.0243408, 0.0881358, 56.3929, 52.3929, 58.3214, 50.3929, 60.25, 48.5357, -0.848625
994, 987, 52.2857, 53.2181, 38.524, 0.00438683, 0.0615716, 0.00574363, 0.00316396, 0.0719516, 0.00377392, 0.0119718, 0.359987, 0.480262, 0.0632725, 2.27126, 0.6944, 0.301416, 0.0810658, 6.53322, 0.930675, 0.0316454, 0.0720856, 0.242298, 1.80483, 0.492849, 0.00678385, 0.0406942, 0.0156066, 0.0209333, 0.0882444, 55.1786, 51.25, 57.1786, 49.3214, 59.0357, 47.3929, -0.478205
1008, 1001, 53.4286, 53.1266, 37.4518, 0.00348991, 0.0510261, 0.00457047, 0.0031066, 0.0704557, 0.00375863, 0.0119265, 0.353768, 0.482807, 0.0640414, 2.38025, 0.697272, 0.31588, 0.0817733, 7.11468, 1.03418, 0.0325357, 0.0799089, 0.261999, 1.98032, 0.477942, 0.00670755, 0.0401639, 0.01531, 0.0186366, 0.0883434, 55.1071, 51.1786, 57.0357, 49.1786, 58.9643, 47.3214, 0.155012
1022, 1015, 49.5, 51.3655, 36.4839, 0.00394637, 0.0545157, 0.00522251, 0.00312468, 0.0705049, 0.0036644, 0.0116755, 0.346592, 0.499109, 0.064276, 2.34888, 0.694213, 0.311716, 0.0819163, 6.59927, 0.95469, 0.0319496, 0.0739856, 0.24343, 1.84364, 0.470018, 0.00659981, 0.0388985, 0.0148599, 0.0164302, 0.0884547, 53.3214, 49.3929, 55.25, 47.5357, 57.1071, 45.6786, -0.973916
1036, 1029, 50.6429, 49.9127, 35.2399, 0.00469618, 0.0660127, 0.00614513, 0.00312416, 0.0691629, 0.00365691, 0.0116055, 0.341691, 0.502411, 0.0661918, 2.32312, 0.72524, 0.308297, 0.0830508, 6.47341, 0.943685, 0.0315032, 0.0702975, 0.232108, 1.78791, 0.457939, 0.00632375, 0.0376818, 0.0143637, 0.0146073, 0.0885524, 51.8214, 47.9643, 53.75, 46.1071, 55.5357, 44.25, 0.386706
1050, 1043, 47.9286, 48.9325, 34.1387, 0.00319916, 0.0450403, 0.00416127, 0.00305376, 0.0689407, 0.00361558, 0.0115146, 0.332464, 0.507295, 0.065097, 2.43739, 0.734542, 0.323462, 0.0830791, 6.44473, 0.953842, 0.0314841, 0.0713033, 0.235278, 1.79885, 0.472802, 0.00654774, 0.0391156, 0.0147818, 0.0135894, 0.0886556, 50.8214, 47.0357, 52.6786, 45.1786, 54.5357, 43.3214, -0.536984
1064, 1057, 49.2143, 47.8114, 32.8794, 0.00411907, 0.0722585, 0.00551311, 0.00301456, 0.0680565, 0.00368638, 0.0113454, 0.327609, 0.528549, 0.0668695, 2.46546, 0.759764, 0.327188, 0.0847751, 6.47524, 0.957254, 0.0311699, 0.0715268, 0.228032, 1.81299, 0.466424, 0.00645572, 0.0383082, 0.0144363, 0.0131918, 0.0887304, 49.6786, 45.9643, 51.5357, 44.1071, 53.3214, 42.3214, 0.759152
1078, 1071, 48.5, 46.9537, 31.8605, 0.00313044, 0.0425165, 0.00400262, 0.00478508, 0.117013, 0.00615472, 0.0155636, 0.327414, 0.534809, 0.0667652, 2.56355, 0.765632, 0.340205, 0.0860802, 6.47854, 0.974119, 0.0312813, 0.0698504, 0.256338, 1.81861, 0.429304, 0.00613546, 0.0355316, 0.0132965, 0.0136416, 0.0888702, 48.8214, 45.1071, 50.6786, 43.25, 52.3929, 41.4643, 0.844361
1092, 1085, 46.5, 45.9513, 30.7294, 0.00373132, 0.0520301, 0.0046978, 0.00368984, 0.122322, 0.00492146, 0.012074, 0.331011, 0.547465, 0.0689286, 2.60219, 0.799906, 0.345333, 0.0871042, 6.50271, 0.978012, 0.0312613, 0.0709121, 0.233014, 1.83026, 0.429142, 0.00602347, 0.0358548, 0.013201, 0.0171549, 0.0889612, 47.8214, 44.1071, 49.6071, 42.3214, 51.3929, 40.5357, 0.302849
1105.5, 1099, 43.8462, 45.0039, 29.5936, 0.00486351, 0.0728476, 0.00640938, 0.00301126, 0.066704, 0.00359428, 0.0109523, 0.334389, 0.564688, 0.0688554, 2.69281, 0.81498, 0.357359, 0.0891594, 6.52677, 0.998197, 0.0311943, 0.0735385, 0.240939, 1.83338, 0.45097, 0.00623642, 0.0377998, 0.0136715, 0.0179492, 0.0890568, 46.8846, 43.1154, 48.7308, 41.2692, 50.5769, 39.4231, -0.622264
1121, 1112, 47.2778, 45.993, 28.4205, 0.00341569, 0.0534864, 0.00446687, 0.00293762, 0.0642682, 0.00348877, 0.0107997, 0.283718, 0.587697, 0.0710355, 2.74267, 0.840554, 0.363975, 0.0918323, 6.57509, 1.0063, 0.0312797, 0.0728866, 0.256086, 1.85821, 1.87947, 0.0233851, 0.157012, 0.0517656, 0.447454, 0.0891726, 47.6389, 44.3611, 49.1944, 42.75, 50.75, 41.1944, 0.803746
1137, 1130, 45.5714, 42.8005, 26.9981, 0.00284615, 0.0382064, 0.00354825, 0.00292383, 0.064436, 0.00349167, 0.0105877, 0.240569, 0.596097, 0.0739852, 2.89316, 0.881313, 0.383947, 0.09427, 6.65528, 1.04326, 0.0314949, 0.074265, 0.261999, 1.87491, 0.429672, 0.00577655, 0.0349501, 0.0120801, 0, 0.0892941, 44.6071, 41.0357, 46.3214, 39.25, 48.0357, 37.6071, 1.58479
1151, 1144, 43.0714, 42.1497, 25.8709, 0.00369773, 0.0493713, 0.00468393, 0.00289908, 0.0640659, 0.00342692, 0.0105467, 0.229118, 0.634411, 0.0751451, 2.95789, 0.920644, 0.392538, 0.0970643, 6.74769, 1.05106, 0.0317368, 0.0778972, 0.252714, 1.9008, 0.607212, 0.00791362, 0.0500635, 0.0168474, 0, 0.0894049, 43.8929, 40.3929, 45.6786, 38.6786, 47.3214, 36.9643, 0.5312
1164, 1158, 40.9167, 41.247, 24.86, 0.00293142, 0.0438657, 0.00382036, 0.00287221, 0.06413, 0.00342144, 0.0105232, 0.229858, 0.663587, 0.0762506, 3.09639, 0.945605, 0.410917, 0.100355, 6.8424, 1.06326, 0.0315816, 0.0779717, 0.25362, 1.93847, 0.388603, 0.00524818, 0.0311459, 0.010759, 0, 0.08949, 43.125, 39.375, 44.9583, 37.5417, 46.7917, 35.7083, -0.178195
1174.5, 1170, 43.8889, 45.6108, 23.9033, 0.00296723, 0.0395436, 0.00377923, 0.00287961, 0.0643825, 0.00349576, 0.0104769, 5.19125, 0.688866, 0.0767929, 3.22483, 0.970247, 0.427962, 0.103118, 6.93625, 1.09555, 0.0314303, 0.0792756, 0.257143, 1.97483, 0.385813, 0.00511536, 0.0311949, 0.0107032, 0, 0.0895651, 47.9444, 43.2778, 50.1667, 41.0556, 52.3889, 38.8333, -0.764884
1186.5, 1179, 42, 39.9291, 22.9502, 0.0026857, 0.0352169, 0.00338645, 0.00284379, 0.0639909, 0.00351386, 0.0104399, 0.149333, 0.718205, 0.081034, 3.30569, 1.01047, 0.438693, 0.107048, 7.04242, 1.10853, 0.0319075, 0.0766157, 0.264188, 2.00383, 0.38233, 0.00528631, 0.0310769, 0.0105, 0, 0.0896499, 41.5667, 38.2333, 43.2333, 36.6333, 44.8333, 35.0333, 1.26926
1201.5, 1194, 39.4, 39.4497, 21.8107, 0.0027549, 0.0350553, 0.00345977, 0.00281414, 0.0640638, 0.00346283, 0.0102829, 0.13296, 0.755891, 0.0856075, 3.56431, 1.07317, 0.473014, 0.112533, 7.1988, 1.14768, 0.0321527, 0.0800579, 0.289972, 2.05344, 0.380584, 0.00514908, 0.0312516, 0.0108464, 0, 0.0897735, 41.1, 37.7667, 42.7, 36.1667, 44.3, 34.6333, -0.0306711
1216.5, 1209, 37.3333, 38.7941, 20.5621, 0.0027866, 0.0360703, 0.00357909, 0.00286999, 0.0633119, 0.0034719, 0.0103092, 0.115952, 0.808021, 0.088843, 3.70981, 1.11693, 0.492323, 0.118676, 7.45808, 1.18409, 0.0325996, 0.0867859, 0.273487, 2.12633, 0.363551, 0.0049715, 0.0295453, 0.00977637, 0, 0.0898897, 40.4333, 37.1667, 42.0333, 35.5667, 43.6333, 33.9667, -0.908352
1231.5, 1224, 40.2667, 39.2639, 19.6311, 0.00299649, 0.0377986, 0.00383402, 0.00285806, 0.0639713, 0.00345386, 0.0102399, 0.10222, 0.828822, 0.0919812, 3.96627, 1.20223, 0.526358, 0.12269, 7.73472, 1.22782, 0.0329301, 0.0842303, 0.298004, 2.20295, 0.886138, 0.0113697, 0.0744239, 0.0244771, 0, 0.0899945, 40.9, 37.6333, 42.5, 36.0333, 44.1, 34.4333, 0.619826
1246.5, 1239, 37.6, 36.599, 18.4114, 0.00704879, 0.0881846, 0.00963704, 0.00288803, 0.0639807, 0.00355504, 0.0101435, 0.0895535, 0.648548, 0.0754022, 3.10718, 0.937346, 0.412348, 0.097095, 8.02572, 1.27294, 0.033093, 0.0889764, 0.30371, 2.27943, 0.482099, 0.00638875, 0.0395501, 0.0127087, 0, 0.0901057, 38.1667, 35.0333, 39.7667, 33.4333, 41.3, 31.9, 0.640848
1261.5, 1254, 32, 34.7658, 17.3103, 0.00271921, 0.0347162, 0.00340083, 0.00289344, 0.0644845, 0.00350155, 0.0100711, 0.0843628, 0.523679, 0.0632873, 2.4318, 0.760446, 0.32272, 0.0773145, 8.43089, 1.3322, 0.0337812, 0.093879, 0.318505, 2.38128, 0.347507, 0.00475083, 0.0280241, 0.0090235, 0, 0.0902378, 36.3, 33.2333, 37.8333, 31.7, 39.3, 30.2333, -1.81674
1276.5, 1269, 34.4, 34.1168, 16.2339, 0.00277081, 0.0352997, 0.0035949, 0.0028797, 0.0658272, 0.00355658, 0.0102031, 0.0812174, 0.480216, 0.0572055, 2.26565, 0.699965, 0.300671, 0.0709582, 8.78628, 1.39834, 0.0344345, 0.0981035, 0.331608, 2.5052, 0.499037, 0.00642756, 0.0399764, 0.0131678, 0, 0.0903455, 35.6333, 32.5667, 37.1667, 31.1, 38.6333, 29.6333, 0.187754
1291.5, 1284, 33.3333, 33.3, 15.3361, 0.00469907, 0.0581731, 0.00624244, 0.00285682, 0.0653901, 0.0035104, 0.0100634, 0.0796972, 0.453188, 0.0555147, 2.09488, 0.655099, 0.278008, 0.0652484, 9.15787, 1.43734, 0.0349481, 0.099616, 0.345557, 2.60442, 0.321977, 0.00446995, 0.0263516, 0.00834663, 0, 0.0904763, 34.8333, 31.7667, 36.3, 30.3, 37.7667, 28.8333, 0.0223745
1306.5, 1299, 30, 29.804, 14.2315, 0.00268956, 0.0344528, 0.00355129, 0.00284304, 0.0651551, 0.00347994, 0.00991258, 0.0791516, 0.415695, 0.0506128, 1.92164, 0.602484, 0.255018, 0.0594427, 7.73068, 1.25196, 0.0326562, 0.0890807, 0.295467, 2.21223, 0.324699, 0.00447026, 0.0261559, 0.00842865, 0, 0.0905852, 31.2333, 28.3667, 32.6333, 26.9667, 34.0333, 25.5667, 0.139037
1321.5, 1314, 26.7333, 25.8336, 13.2745, 0.00276032, 0.035357, 0.00358771, 0.00284223, 0.0652836, 0.00351347, 0.00991171, 0.0845043, 0.369278, 0.0458325, 1.6923, 0.52796, 0.224583, 0.0532669, 5.92742, 1.01269, 0.0295132, 0.0708786, 0.227835, 1.71158, 0.328851, 0.00438285, 0.0260173, 0.00833772, 0, 0.0906916, 27.1667, 24.5, 28.5, 23.1667, 29.7667, 21.9, 0.685571
1333.5, 1329, 26.8889, 28.6784, 12.5752, 0.00270583, 0.034428, 0.00345817, 0.0028777, 0.0649597, 0.00347608, 0.00995967, 4.58817, 0.333947, 0.0395926, 1.50119, 0.461671, 0.19922, 0.0479874, 5.49111, 0.958078, 0.0287265, 0.0629337, 0.218043, 1.58772, 0.332036, 0.00459526, 0.0269864, 0.00861519, 0, 0.0907659, 30.5, 26.8333, 32.2778, 25.0556, 34.0556, 23.2778, -1.00251
1343.5, 1338, 23.3636, 22.7165, 11.8965, 0.00284299, 0.0371456, 0.0037671, 0.00284974, 0.0673182, 0.00359398, 0.00990973, 0.0360102, 0.278657, 0.0361923, 1.30517, 0.416267, 0.173206, 0.0429414, 5.21586, 0.925278, 0.0286231, 0.0645773, 0.218459, 1.50074, 0.321533, 0.00434283, 0.0256962, 0.00809124, 0, 0.0908588, 24.2273, 21.2273, 25.5909, 19.7727, 27.0455, 18.4091, 0.450339
1354.5, 1349, 22.5455, 21.4232, 11.3394, 0.00310454, 0.0393246, 0.00412519, 0.00286687, 0.0654896, 0.00356931, 0.00995245, 0.034264, 0.251518, 0.0315646, 1.15847, 0.3589, 0.153738, 0.0387207, 4.89426, 0.882349, 0.02769, 0.0563985, 0.199726, 1.41867, 0.319883, 0.00426531, 0.0259043, 0.00806632, 0, 0.0909393, 22.8636, 19.9545, 24.2273, 18.5909, 25.5909, 17.2273, 0.804192
1365.5, 1360, 23.3636, 20.0767, 10.6632, 0.00264079, 0.0342188, 0.00336654, 0.00284262, 0.0663243, 0.00356461, 0.00990522, 0.0330158, 0.221665, 0.0268539, 1.04203, 0.320841, 0.138286, 0.0350056, 4.5815, 0.832478, 0.0273757, 0.054336, 0.186757, 1.34007, 0.320971, 0.00438285, 0.0259043, 0.00815962, 0, 0.0910205, 21.5, 18.6818, 22.7727, 17.3182, 24.1364, 16.0455, 2.433
1376.5, 1371, 20.7273, 19.9956, 10.1507, 0.00266775, 0.0458138, 0.00366778, 0.00288069, 0.0672486, 0.0036133, 0.00990725, 0.0321225, 0.194088, 0.0244654, 0.91845, 0.276346, 0.121886, 0.0316421, 4.27017, 0.780841, 0.0266828, 0.0555451, 0.183875, 1.23872, 1.31817, 0.0171238, 0.10187, 0.025972, 0, 0.0911057, 21.4091, 18.5909, 22.7727, 17.2273, 24.0455, 15.9545, 0.542673
1387.5, 1382, 15.6364, 17.6708, 9.50646, 0.00228291, 0.0287133, 0.00287711, 0.00287544, 0.0663539, 0.00361491, 0.00994171, 0.033408, 0.177017, 0.0220438, 0.864646, 0.254893, 0.114746, 0.0299531, 3.88562, 0.727879, 0.0257284, 0.0488597, 0.164277, 1.14058, 0.41615, 0.00547147, 0.0342267, 0.0109751, 0, 0.0911985, 18.9545, 16.3182, 20.2273, 15.1364, 21.5, 13.8636, -1.60513
1398.5, 1393, 14.6364, 16.4609, 8.89518, 0.00229968, 0.0289529, 0.00286208, 0.00283334, 0.0646922, 0.00348297, 0.00977117, 0.0341457, 0.169488, 0.0217452, 0.794869, 0.251158, 0.105486, 0.0288463, 3.51406, 0.662725, 0.0250111, 0.0442369, 0.135456, 1.01797, 0.493857, 0.00643173, 0.0408735, 0.0132259, 0, 0.091273, 17.7727, 15.2273, 18.9545, 13.9545, 20.1364, 12.7727, -1.49152
1409.5, 1404, 13.0909, 15.652, 8.47408, 0.00212953, 0.0265129, 0.00264514, 0.00276095, 0.0610499, 0.00330411, 0.00941697, 0.0322688, 0.163798, 0.0210818, 0.757038, 0.238128, 0.100465, 0.0278928, 3.19075, 0.595927, 0.0239637, 0.0398274, 0.135168, 0.915488, 0.657258, 0.00833683, 0.0538859, 0.0174805, 0, 0.0913574, 16.8636, 14.4091, 18.0455, 13.2273, 19.2273, 12.0455, -2.14703
1420.5, 1415, 14.1818, 14.132, 7.83469, 0.0019727, 0.0244643, 0.00248047, 0.00264861, 0.0603109, 0.00327203, 0.00939096, 0.031528, 0.157232, 0.0202027, 0.713322, 0.240829, 0.0946639, 0.0277936, 2.9053, 0.551698, 0.0234622, 0.0333555, 0.110959, 0.828022, 0.325245, 0.00424447, 0.0258264, 0.00765542, 0, 0.0914261, 15.3182, 12.9545, 16.4091, 11.8636, 17.5, 10.6818, 0.0439574
1431.5, 1426, 12.2727, 13.2007, 7.31825, 0.00203616, 0.0299263, 0.00268892, 0.00261494, 0.0600163, 0.00330727, 0.00921257, 0.0303172, 0.170889, 0.0190582, 0.730977, 0.230977, 0.0970068, 0.0270951, 2.61872, 0.492137, 0.0225661, 0.0331421, 0.1075, 0.742303, 0.32099, 0.00426281, 0.0255596, 0.00765663, 0, 0.0915223, 14.3182, 12.0455, 15.4091, 10.9545, 16.5, 9.86364, -0.847121
1442.5, 1437, 12.1818, 12.4594, 6.85769, 0.00164704, 0.0208916, 0.00207338, 0.00265316, 0.0600546, 0.00326786, 0.00919733, 0.0296417, 0.168437, 0.0214632, 0.807899, 0.233201, 0.107215, 0.0274565, 2.38622, 0.457353, 0.0220498, 0.0278792, 0.0864614, 0.677416, 0.319752, 0.00424364, 0.0259186, 0.00767669, 0, 0.0916276, 13.5909, 11.3182, 14.5909, 10.3182, 15.6818, 9.22727, -0.260814
1452, 1448, 10, 12.0086, 6.48598, 0.00172264, 0.0219781, 0.0021339, 0.00260207, 0.0586231, 0.00329059, 0.00922256, 0.0291931, 0.191035, 0.0237419, 0.840371, 0.258597, 0.111524, 0.0295997, 2.26115, 0.435149, 0.0217529, 0.0282615, 0.0903522, 0.646354, 0.326084, 0.00430892, 0.026123, 0.00779404, 0, 0.0916841, 13.3125, 10.6875, 14.5625, 9.5625, 15.6875, 8.3125, -1.63945
1461, 1456, 108.7, 116.428, 6.14841, 0.00581896, 0.0713919, 0.00714619, 0.00256405, 0.059224, 0.0031533, 0.00910465, 0.02898, 13.7344, 1.58651, 60.952, 20.2979, 8.08884, 1.58085, 2.20571, 0.42022, 0.0214826, 0.0236262, 0.0919373, 0.634104, 0.325043, 0.00429666, 0.0260558, 0.00781519, 0, 0.0917521, 119.85, 112.95, 123.25, 109.55, 126.65, 106.25, -2.26493
1475, 1466, 9.55556, 9.39541, 5.54638, 0.00134689, 0.0186394, 0.00168436, 0.00253439, 0.0575634, 0.00314686, 0.00899616, 0.0284774, 0, 0, 0, 4.85561e-05, 0, 5.50781e-07, 2.11325, 0.406617, 0.021209, 0.0230786, 0.0813698, 0.609207, 0.340078, 0.00447657, 0.0272455, 0.00820083, 0, 0.0918641, 10.1389, 8.63889, 10.8611, 7.91667, 11.5833, 7.25, 0.221665
1493, 1484, 7.77778, 8.82126, 4.909, 0.00430297, 0.0512463, 0.00523398, 0.00252218, 0.0569412, 0.00306822, 0.00888585, 0.0262842, 0, 0, 0, 0, 0, 0, 2.13888, 0.398687, 0.020918, 0.0253386, 0.0882387, 0.600682, 0.348304, 0.00456597, 0.02779, 0.0083548, 0, 0.0920157, 9.52778, 8.08333, 10.25, 7.41667, 10.9167, 6.69444, -1.49058
1511, 1502, 7.61111, 8.52609, 4.29721, 0.00148, 0.0177534, 0.00183371, 0.00359617, 0.0898589, 0.00448153, 0.010497, 0.0254054, 0, 0, 0, 0, 0, 0, 2.20641, 0.416212, 0.0208236, 0.0262948, 0.0928179, 0.620467, 0.53523, 0.00682973, 0.0431089, 0.0136178, 0, 0.0921565, 9.25, 7.80556, 9.91667, 7.13889, 10.5833, 6.47222, -1.32945
1525, 1520, 176.6, 174.209, 3.8603, 0.000837428, 0.00991633, 0.0009373, 0.00241517, 0.0532753, 0.00296293, 0.00863324, 0.0251178, 0, 0, 0, 0, 0, 0, 106.803, 21.5784, 0.247735, 1.80146, 5.78159, 33.5473, 0.351748, 0.00446628, 0.0282676, 0.0082197, 0, 0.0922584, 178.45, 169.95, 182.55, 165.85, 186.65, 161.75, 0.572941
1545, 1530, 4.1, 4.15317, 3.302, 0.00125864, 0.0154222, 0.00154276, 0.00235821, 0.0529058, 0.0029562, 0.00856396, 0.0258688, 0, 0, 0, 0, 0, 0, 0.0430606, 0.161544, 0.0201582, 0.00083448, 0.00285323, 0.0132695, 0.364733, 0.00463866, 0.028476, 0.00830083, 0, 0.0924257, 4.55, 3.75, 4.91667, 3.38333, 5.28333, 3.01667, -0.14291
1575, 1560, 3.16667, 3.40814, 2.55793, 0.00802425, 0.098218, 0.00961691, 0.00240292, 0.0536694, 0.00297026, 0.00859859, 0.0231844, 0, 0, 0, 0, 0, 0, 0.0408753, 0.150156, 0.0183353, 0.000704092, 0.00179648, 0.013313, 0.291463, 0.0038466, 0.0234398, 0.00695122, 0, 0.0926469, 3.75, 3.05, 4.08333, 2.71667, 4.41667, 2.38333, -0.716424
1605, 1590, 2.93333, 2.70034, 1.94487, 0.000665277, 0.00800066, 0.000794022, 0.0044612, 0.10549, 0.00591195, 0.0144598, 0.0206382, 0, 0, 0, 0, 0, 0, 0.039918, 0.144994, 0.017696, 0.000599782, 0.00105675, 0.0125796, 0.255471, 0.00339777, 0.0204384, 0.00603041, 0, 0.0928628, 3.01667, 2.38333, 3.31667, 2.08333, 3.61667, 1.78333, 0.776613
1635, 1620, 2.46667, 2.19035, 1.42506, 0.00538267, 0.0648388, 0.00651174, 0.00501975, 0.123776, 0.00616883, 0.0127966, 0.0187425, 0, 0, 0, 0, 0, 0, 0.0392728, 0.140838, 0.0168615, 0.000808402, 0.00221918, 0.0122813, 0.194066, 0.00264499, 0.0154796, 0.00449671, 0, 0.0930912, 2.48333, 1.91667, 2.75, 1.65, 3.01667, 1.38333, 1.0226
1665, 1650, 1.73333, 1.68645, 1.04037, 0.000548098, 0.00726359, 0.00069986, 0.00253614, 0.0578199, 0.00318174, 0.00898268, 0.0173398, 0, 0, 0, 0, 0, 0, 0.0395225, 0.132203, 0.0163091, 0.000651937, 0.0016908, 0.0118835, 0.225686, 0.00306677, 0.0180356, 0.00534352, 0, 0.0933162, 1.95, 1.41667, 2.18333, 1.18333, 2.41667, 0.95, 0.19774
1695, 1680, 1.06667, 1.27519, 0.716896, 0.000362023, 0.00452731, 0.00045691, 0.00247586, 0.0565175, 0.00320409, 0.00892441, 0.0164918, 0, 0, 0, 0, 0, 0, 0.0353393, 0.12409, 0.0156566, 0.000599782, 0.00190215, 0.0110942, 0.163704, 0.00225897, 0.0131927, 0.00395835, 0, 0.0935392, 1.48333, 1.05, 1.68333, 0.85, 1.91667, 0.683333, -1.01303
1717.5, 1710, 1.33333, 1.0324, 0.520356, 0.000160216, 0.00228096, 0.000204136, 0.00241464, 0.0558122, 0.00316014, 0.00900035, 0.0163206, 0, 0, 0, 0, 0, 0, 0.0300113, 0.118585, 0.0153102, 0.00031293, 0.00232485, 0.00943473, 0.137534, 0.00183627, 0.0104649, 0.00317707, 0, 0.0937013, 1.3, 0.766667, 1.56667, 0.5, 1.9, 0.3, 1.13333
1730, 1725, 2.3, 1.8118, 0.452251, 0.000111573, 0.00144791, 0.000133695, 0.0024388, 0.0557886, 0.00319301, 0.00902628, 0.0160581, 0, 0, 0, 0, 0, 0, 0.0289707, 0.115923, 0.0149793, 0.000547627, 0.000951076, 0.00861432, 0.911179, 0.0114816, 0.0681758, 0.0167296, 0, 0.0937994, 2.25, 1.35, 2.65, 0.95, 3.15, 0.65, 1.13418
1747.5, 1735, 0.84, 0.84177, 0.355269, 0.000212295, 0.00268329, 0.000265952, 0.00245829, 0.0572049, 0.00325619, 0.00902789, 0.0156966, 0, 0, 0, 0, 0, 0, 0.0278968, 0.111746, 0.014784, 0.000344223, 0.00190215, 0.00798037, 0.122667, 0.00170748, 0.00980175, 0.00292883, 0, 0.0939369, 1.02, 0.62, 1.22, 0.46, 1.42, 0.34, 0.0258769
1765, 1760, 2.8, 4.72464, 0.253415, 5.06326e-05, 0.000620531, 6.68473e-05, 0.00256042, 0.0583711, 0.00333879, 0.00930832, 0.0153014, 0, 0, 0, 0, 0, 0, 0.0262859, 0.107882, 0.0145778, 0.000469395, 0.00158513, 0.00773797, 3.70854, 0.0511564, 0.29516, 0.0741532, 0, 0.094062, 5.35, 3.95, 6.15, 3.35, 6.85, 2.75, -3.05423
1802.5, 1770, 0.523077, 0.564778, 0.141883, 9.22515e-05, 0.00111664, 0.00011202, 0.0026234, 0.0616964, 0.00346945, 0.00932279, 0.0147007, 0, 0, 0, 0, 0, 0, 0.0214206, 0.1029, 0.0138653, 0.000216644, 0.00117055, 0.00644281, 0.0801717, 0.00107836, 0.00626203, 0.00188222, 0, 0.0943511, 0.653846, 0.453846, 0.761538, 0.376923, 0.853846, 0.3, -0.425326
1839, 1835, 0.625, 0.566927, 0.0632044, 0.000144665, 0.0017237, 0.000158133, 0.00256007, 0.0600137, 0.00339618, 0.00926755, 0.0146971, 0, 0, 0, 0, 0, 0, 0.0181067, 0.118864, 0.0139525, 0.000488953, 0.000396281, 0.00825073, 0.139894, 0.00182179, 0.0115394, 0.00379694, 0, 0.0946506, 0.8125, 0.1875, 1.1875, 0.0625, 1.4375, 0, 0.282391
1848, 1843, 1.2, 1.0091, 0.04937, 6.05783e-05, 0.000758427, 6.32534e-05, 0.00256066, 0.0602948, 0.00332575, 0.00928443, 0.0141134, 0, 0, 0, 0, 0, 0, 0.0174823, 0.0927167, 0.0128949, 0.000156465, 0.00190215, 0.00514622, 0.580734, 0.00756774, 0.044669, 0.0112853, 0, 0.0947162, 1.35, 0.65, 1.65, 0.35, 2.05, 0.15, 0.630545
2026.5, 1853, 0.391931, 0.387302, 0.00418856, 3.69739e-05, 0.000451369, 4.46809e-05, 0.0030067, 0.0729934, 0.00414314, 0.0108275, 0.013021, 0, 0, 0, 0, 0, 0, 0.0187616, 0.0690827, 0.0103708, 0.000216436, 0.000685213, 0.00547281, 0.0698721, 0.000921234, 0.00552441, 0.00162136, 0, 0.09606, 0.42219, 0.353026, 0.456772, 0.318444, 0.488473, 0.286744, 0.13855
2204, 2200, 1.125, 1.69148, 0, 0, 0, 0, 0.00332642, 0.083255, 0.00472226, 0.0121824, 0.012035, 0, 0, 0, 0, 0, 0, 0.00725829, 0.0450968, 0.00792402, 0.000293372, 0.00118884, 0.00219087, 1.26871, 0.0178552, 0.100998, 0.0269827, 0, 0.0974547, 2.1875, 1.1875, 2.6875, 0.8125, 3.1875, 0.4375, -1.26144
2409, 2208, 0.263682, 0.257907, 0, 0, 0, 0, 0.00282197, 0.076828, 0.0042166, 0.0105357, 0.00860227, 0, 0, 0, 0, 0, 0, 0.00597965, 0.0261576, 0.00498468, 6.42207e-05, 0.000236586, 0.00174908, 0.0148257, 0.000202884, 0.00118023, 0.00033175, 0, 0.0991901, 0.284826, 0.232587, 0.309701, 0.205224, 0.334577, 0.180348, 0.22798
2615, 2610, 2, 2.40772, 0, 0, 0, 0, 0.0773645, 1.83206, 0.10864, 0.272622, 0, 0, 0, 0, 0, 0, 0, 0.000561932, 0.0112793, 0.00256851, 0, 0.000317025, 0.000279686, 0.000886742, 1.32952e-05, 6.63886e-05, 2.30675e-05, 0, 0.101033, 2.85, 1.85, 3.45, 1.45, 3.95, 1.05, -0.820604
3560, 2620, 0.106915, 0.126116, 0, 0, 0, 0, 4.71345e-05, 0.0049424, 0.000104862, 1.97279e-05, 5.46368e-08, 0, 0, 0, 0, 0, 0, 0.000187643, 0.00110921, 0.00022769, 2.91291e-06, 1.6863e-05, 5.80199e-05, 0.000230022, 3.10434e-06, 1.84279e-05, 4.97732e-06, 0, 0.119143, 0.134309, 0.117819, 0.142819, 0.109309, 0.150798, 0.10133, -2.34434
4880, 4500, 0.494737, 0.449672, 0, 0, 0, 0, 0, 0, 0, 0, 0, 0, 0, 0, 0, 0, 0, 0, 0, 0, 0, 0, 0, 0, 0, 0, 0, 0, 0.449672, 0.474342, 0.424342, 0.499342, 0.400658, 0.523026, 0.376974, 1.85268
5283.71, 5260, 0.0184211, 0.00464779, 0, 0, 0, 0, 0, 0, 0, 0, 0, 0, 0, 0, 0, 0, 0, 0, 0, 0, 0, 0, 0, 0, 0, 0, 0, 0, 0.00464779, 0.00723684, 0.00197368, 0.00986842, 0, 0.0138158, 0, 2.55444
