xunit, xunit_low, fitted_data, total_model, Ac228_cables, Ac228_central_fiber_shroud, Ac228_holders, Ac228_mini_shrouds, Bi212Tl208_cables, Bi212Tl208_central_fiber_shroud, Bi212Tl208_holders, Bi212Tl208_mini_shrouds, Bi212Tl208_outer_fiber_shroud, Co60_cables, Co60_holders, K40_cables, K40_central_fiber_shroud, K40_close, K40_far, K40_holders, K40_outer_fiber_shroud, K42_above_array, K42_inside_ms, K42_nplus_bege, K42_nplus_invcoax, K42_nplus_semicoax, K42_outside_ms, Pb214Bi214_cables, Pb214Bi214_central_fiber_shroud, Pb214Bi214_mini_shrouds, Pb214Bi214_outer_fiber_shroud, Zn65_invcoax, 1sig_p, 1sig_m, 2sig_p, 2sig_m, 3sig_p, 3sig_m, norm_pois_res
530, 520, 11.65, 12.2216, 0.0322265, 0.0400451, 0.360727, 0.0375385, 9.04322e-05, 0.0313809, 0.502921, 0.0290545, 0.0389106, 0.00662306, 0.303695, 0.168145, 0.0388419, 1.27783, 6.37843e-05, 0.312774, 0.0635915, 6.41806, 0.419423, 4.12115e-06, 0.0920658, 0.412706, 0.250695, 1.14012, 0.0265711, 0.117636, 0.0291466, 0.0707196, 13.025, 11.425, 13.825, 10.625, 14.575, 9.875, -0.731214
550, 540, 12.4, 11.9248, 0.0321738, 0.0396944, 0.359749, 0.0372812, 9.08593e-05, 0.0314299, 0.509223, 0.0290915, 0.0377734, 0.00651026, 0.298631, 0.163447, 0.0382933, 1.26062, 6.21792e-05, 0.310649, 0.0619913, 6.21585, 0.41474, 4.04678e-06, 0.090577, 0.405138, 0.24321, 1.0987, 0.0256546, 0.113711, 0.0279785, 0.0724941, 12.725, 11.125, 13.475, 10.375, 14.225, 9.625, 0.615461
570, 560, 12.95, 11.7013, 0.0322302, 0.0393991, 0.35997, 0.0372167, 9.34708e-05, 0.0321141, 0.522828, 0.0296088, 0.037225, 0.00640834, 0.29419, 0.159863, 0.037504, 1.25703, 6.09744e-05, 0.307101, 0.0607901, 6.02701, 0.401956, 3.99332e-06, 0.0881981, 0.396194, 0.236688, 1.09815, 0.0253151, 0.112409, 0.0271817, 0.0745778, 12.475, 10.925, 13.275, 10.175, 13.975, 9.425, 1.6325
584, 580, 13, 12.9267, 0.0306947, 0.0377385, 0.343307, 0.035515, 0.00031743, 0.093031, 1.70918, 0.0931496, 0.109682, 0.00633277, 0.293684, 0.167399, 0.0370083, 1.24904, 6.01153e-05, 0.303678, 0.0599336, 5.90348, 0.402749, 3.92057e-06, 0.0902614, 0.37865, 0.231437, 1.10858, 0.025351, 0.112406, 0.026928, 0.0770523, 14.3125, 11.5625, 15.5625, 10.3125, 16.8125, 9.0625, 0.0577017
596, 588, 12.125, 11.24, 0.0300786, 0.0370948, 0.338724, 0.0348147, 6.83638e-05, 0.0246452, 0.392895, 0.0221344, 0.0263123, 0.00631404, 0.289286, 0.162595, 0.0368639, 1.24108, 5.9102e-05, 0.304073, 0.0589233, 5.83025, 0.392599, 3.88258e-06, 0.086074, 0.36317, 0.227872, 1.09416, 0.0249726, 0.11076, 0.0261674, 0.0779834, 12.0938, 10.3438, 12.9688, 9.53125, 13.7812, 8.71875, 1.05593
608, 604, 11.25, 14.4842, 0.030306, 0.0371603, 0.339914, 0.0350285, 6.78411e-05, 0.0244531, 0.39081, 0.0220681, 0.0256439, 0.00628049, 0.289585, 0.159235, 0.0378625, 1.23625, 5.84527e-05, 0.297011, 0.058276, 5.72859, 0.387614, 3.83165e-06, 0.0841118, 0.374473, 0.226675, 4.07035, 0.0788543, 0.381213, 0.0832845, 0.0790092, 15.9375, 13.0625, 17.1875, 11.6875, 18.5625, 10.4375, -2.4036
622, 612, 11.25, 10.7015, 0.0302603, 0.036974, 0.339644, 0.0347214, 7.1121e-05, 0.0257431, 0.408292, 0.0229871, 0.0256246, 0.00623471, 0.286581, 0.16267, 0.0379949, 1.23068, 5.77439e-05, 0.300909, 0.0575693, 5.62705, 0.383706, 3.79307e-06, 0.087486, 0.372015, 0.221692, 0.801357, 0.0191718, 0.0830307, 0.0188596, 0.0801259, 11.475, 9.925, 12.175, 9.225, 12.875, 8.525, 0.749827
642, 632, 11.75, 10.5707, 0.0297968, 0.0363736, 0.33545, 0.0341098, 7.44195e-05, 0.0269092, 0.429221, 0.0238933, 0.0250012, 0.00619321, 0.285697, 0.160878, 0.036426, 1.2204, 5.65542e-05, 0.303734, 0.0563833, 5.5189, 0.378871, 3.74198e-06, 0.0860134, 0.374669, 0.215785, 0.784894, 0.0189221, 0.0812573, 0.0180179, 0.0827706, 11.325, 9.825, 12.025, 9.075, 12.775, 8.375, 1.62214
662, 652, 10.75, 10.4833, 0.0298872, 0.0363487, 0.336185, 0.0341702, 7.38556e-05, 0.0270228, 0.430034, 0.0238154, 0.0243004, 0.0061939, 0.284647, 0.162252, 0.0366474, 1.2085, 5.56019e-05, 0.297248, 0.0554338, 5.36152, 0.37314, 3.68744e-06, 0.0841199, 0.364742, 0.211218, 0.879997, 0.0212227, 0.0905707, 0.0186431, 0.0852647, 11.225, 9.725, 11.975, 9.025, 12.675, 8.325, 0.368435
682, 672, 10.9, 10.3718, 0.0304891, 0.0368912, 0.342045, 0.0346649, 7.52667e-05, 0.0274718, 0.436365, 0.0241419, 0.0236531, 0.00614599, 0.283439, 0.161734, 0.0369794, 1.21753, 5.49061e-05, 0.296615, 0.0547402, 5.27048, 0.365443, 3.58526e-06, 0.0823398, 0.368182, 0.207048, 0.852094, 0.0207639, 0.087586, 0.0173525, 0.0874281, 11.125, 9.625, 11.825, 8.925, 12.525, 8.225, 0.733544
702, 692, 9.3, 10.2595, 0.030018, 0.0363593, 0.337712, 0.0341392, 7.55302e-05, 0.0277267, 0.441154, 0.0241934, 0.0228866, 0.00617435, 0.284017, 0.159863, 0.0364501, 1.20792, 5.41161e-05, 0.299372, 0.0539525, 5.15481, 0.364703, 3.58979e-06, 0.0832784, 0.349409, 0.203838, 0.880847, 0.0213878, 0.0907028, 0.0174866, 0.0909207, 10.975, 9.525, 11.725, 8.825, 12.425, 8.125, -1.33961
717, 712, 9.3, 10.1464, 0.0296769, 0.036045, 0.334625, 0.0336835, 7.43542e-05, 0.0274853, 0.437371, 0.0237833, 0.022096, 0.00612934, 0.283744, 0.157214, 0.0352854, 1.19651, 5.38434e-05, 0.301248, 0.0536807, 5.05818, 0.362264, 3.50033e-06, 0.0790061, 0.348721, 0.19989, 0.895586, 0.0219139, 0.0918807, 0.0173701, 0.0928615, 11.25, 9.05, 12.25, 8.05, 13.15, 7.15, -0.840258
727, 722, 9.5, 10.5583, 0.030805, 0.0371991, 0.346528, 0.0350059, 0.000147031, 0.0494401, 0.854535, 0.0439916, 0.0394441, 0.00615823, 0.284728, 0.160042, 0.0362672, 1.19859, 5.323e-05, 0.301158, 0.0530691, 4.98949, 0.358763, 3.50766e-06, 0.0799123, 0.349115, 0.196974, 0.882706, 0.0217505, 0.0912938, 0.0166509, 0.0944853, 11.65, 9.45, 12.65, 8.45, 13.65, 7.45, -1.02994
743, 732, 10.0455, 9.9239, 0.0299351, 0.0363793, 0.338637, 0.0338935, 6.08052e-05, 0.0226375, 0.357315, 0.0196041, 0.0183033, 0.00618135, 0.285264, 0.161819, 0.0359321, 1.19077, 5.26419e-05, 0.300817, 0.0524828, 4.94062, 0.355407, 3.51193e-06, 0.0826517, 0.350794, 0.194371, 0.883907, 0.0216648, 0.0908791, 0.0165148, 0.0970015, 10.6136, 9.25, 11.2955, 8.56818, 11.9318, 7.88636, 0.18099
765, 754, 9.63636, 9.94765, 0.0319708, 0.0385015, 0.359437, 0.0360015, 5.91364e-05, 0.0217308, 0.346801, 0.0189357, 0.0178653, 0.00623354, 0.28697, 0.160426, 0.0363039, 1.20851, 5.23422e-05, 0.301145, 0.052184, 4.83871, 0.35466, 3.43511e-06, 0.082534, 0.346863, 0.1911, 0.970278, 0.0231058, 0.0983587, 0.0185842, 0.100319, 10.6591, 9.25, 11.2955, 8.56818, 11.9773, 7.93182, -0.462924
787, 776, 8.81818, 9.75324, 0.033961, 0.0406125, 0.380815, 0.038147, 5.68813e-05, 0.0208292, 0.332585, 0.0179884, 0.0172583, 0.00626894, 0.2895, 0.163322, 0.0358664, 1.20952, 5.13165e-05, 0.304946, 0.0511614, 4.74329, 0.354488, 3.43531e-06, 0.0825634, 0.346595, 0.187795, 0.866124, 0.0210316, 0.0876338, 0.0154264, 0.105399, 10.4318, 9.06818, 11.1136, 8.38636, 11.75, 7.75, -1.40435
809, 798, 9.09091, 9.49298, 0.0281798, 0.034642, 0.322604, 0.0316105, 4.95737e-05, 0.0183763, 0.294553, 0.0157534, 0.0149376, 0.00636336, 0.293454, 0.160226, 0.0354683, 1.21338, 5.10655e-05, 0.300878, 0.0509112, 4.66017, 0.352891, 3.37867e-06, 0.0815483, 0.344808, 0.184815, 0.820106, 0.0197994, 0.0827537, 0.0150185, 0.109628, 10.1591, 8.79545, 10.8409, 8.15909, 11.4773, 7.52273, -0.612089
831, 820, 9.63636, 9.48802, 0.0310387, 0.0377576, 0.352839, 0.0346632, 4.84977e-05, 0.0179766, 0.289351, 0.0153166, 0.014293, 0.00648326, 0.299098, 0.161421, 0.0355602, 1.22361, 5.07283e-05, 0.305624, 0.050575, 4.58783, 0.352293, 3.38122e-06, 0.083402, 0.34999, 0.182124, 0.824213, 0.0200531, 0.0828964, 0.0141613, 0.115347, 10.1591, 8.79545, 10.8409, 8.15909, 11.4773, 7.52273, 0.225891
853, 842, 8.54545, 9.38924, 0.0262231, 0.0325809, 0.302395, 0.029311, 6.70995e-05, 0.0234692, 0.389355, 0.020524, 0.0195328, 0.00655446, 0.303048, 0.163973, 0.0354902, 1.23598, 5.01805e-05, 0.310678, 0.0500288, 4.51651, 0.352379, 3.39807e-06, 0.0825193, 0.348739, 0.179952, 0.732404, 0.0177895, 0.0741173, 0.0132679, 0.122304, 10.0682, 8.70455, 10.7045, 8.06818, 11.3409, 7.43182, -1.2916
875, 864, 8.45455, 9.1527, 0.0266651, 0.0331258, 0.307755, 0.0297277, 3.88334e-05, 0.0144661, 0.232699, 0.0123136, 0.0118673, 0.00674216, 0.309687, 0.168064, 0.0369821, 1.23865, 4.98198e-05, 0.310884, 0.0496692, 4.46351, 0.352741, 3.33654e-06, 0.0830783, 0.34588, 0.177907, 0.708528, 0.0170954, 0.0715351, 0.0129717, 0.130057, 9.84091, 8.47727, 10.4773, 7.84091, 11.0682, 7.20455, -1.0824
897, 886, 8.45455, 9.18233, 0.0279985, 0.0346545, 0.32335, 0.0310853, 3.83293e-05, 0.0141487, 0.229239, 0.0120808, 0.0118521, 0.00690111, 0.318987, 0.16839, 0.0377302, 1.26237, 4.98003e-05, 0.316759, 0.0496497, 4.43776, 0.359537, 3.431e-06, 0.0852704, 0.350526, 0.177393, 0.688222, 0.0164945, 0.0693854, 0.0129249, 0.139528, 9.84091, 8.52273, 10.4773, 7.88636, 11.1136, 7.25, -1.12651
911.5, 908, 9.71429, 10.8512, 0.149993, 0.170222, 1.68585, 0.160246, 3.64732e-05, 0.0136549, 0.220315, 0.0115398, 0.0110648, 0.00703708, 0.325231, 0.17072, 0.0384177, 1.28029, 5.00132e-05, 0.318585, 0.049862, 4.36188, 0.35513, 3.38251e-06, 0.0829964, 0.346531, 0.174964, 0.672435, 0.0162277, 0.0681735, 0.0127959, 0.146975, 12.2143, 9.5, 13.3571, 8.35714, 14.6429, 7.07143, -0.913166
927, 915, 10.3333, 9.02474, 0.0182565, 0.0232761, 0.215177, 0.0203186, 3.45592e-05, 0.0129751, 0.207328, 0.010878, 0.0107545, 0.00722009, 0.333429, 0.171763, 0.0382074, 1.29285, 4.95153e-05, 0.326823, 0.0493656, 4.32581, 0.359119, 3.33514e-06, 0.0849749, 0.349082, 0.174074, 0.736739, 0.0171416, 0.0735943, 0.014436, 0.151058, 9.64583, 8.39583, 10.2708, 7.77083, 10.8542, 7.1875, 2.13399
950.5, 939, 8.82609, 9.03933, 0.0189552, 0.0238353, 0.222114, 0.021014, 3.27539e-05, 0.0123361, 0.198026, 0.0103959, 0.0105574, 0.00751927, 0.347247, 0.18626, 0.0406721, 1.38402, 5.12922e-05, 0.353374, 0.0511372, 4.2804, 0.361424, 3.35661e-06, 0.0851233, 0.361097, 0.172032, 0.644551, 0.015313, 0.0647047, 0.0119938, 0.155141, 9.67391, 8.41304, 10.3261, 7.76087, 10.9348, 7.15217, -0.340158
967.5, 962, 9.90909, 9.79494, 0.0784991, 0.0898904, 0.883103, 0.0844379, 3.10415e-05, 0.0117093, 0.18711, 0.00979062, 0.0100613, 0.00776913, 0.358075, 0.179268, 0.0394365, 1.32096, 4.97513e-05, 0.33977, 0.0496009, 4.25274, 0.367488, 3.34516e-06, 0.089272, 0.365984, 0.172778, 0.649509, 0.015258, 0.0647679, 0.0122118, 0.155373, 10.7727, 8.77273, 11.6818, 7.86364, 12.6818, 6.95455, 0.12097
987, 973, 9.21429, 8.80836, 0.0111233, 0.0145228, 0.134319, 0.0122917, 2.97377e-05, 0.0112061, 0.179335, 0.00944683, 0.00986354, 0.00801976, 0.369323, 0.182396, 0.040463, 1.36822, 4.99514e-05, 0.343008, 0.0498004, 4.21256, 0.368351, 3.42362e-06, 0.0877819, 0.353481, 0.171385, 0.629106, 0.0148515, 0.0629311, 0.0116113, 0.152882, 9.375, 8.23214, 9.94643, 7.66071, 10.4821, 7.125, 0.723723
1015, 1001, 8.89286, 9.11239, 0.0106321, 0.0139801, 0.128826, 0.0118385, 2.92539e-05, 0.0110105, 0.17601, 0.00924814, 0.0100099, 0.00833731, 0.38561, 0.190218, 0.0424224, 1.41577, 5.0537e-05, 0.359877, 0.0503842, 4.37171, 0.407053, 3.57759e-06, 0.0978964, 0.390269, 0.17805, 0.612001, 0.0144997, 0.0613738, 0.0113556, 0.143923, 9.69643, 8.51786, 10.2679, 7.94643, 10.8393, 7.41071, -0.384823
1043, 1029, 9.28571, 8.87995, 0.0105379, 0.0138903, 0.127543, 0.0117185, 2.63093e-05, 0.00972066, 0.158371, 0.00826809, 0.00898401, 0.00851628, 0.394014, 0.193446, 0.0437184, 1.45695, 5.09611e-05, 0.370273, 0.050807, 4.15538, 0.38698, 3.4655e-06, 0.0935269, 0.381914, 0.169658, 0.602303, 0.0140693, 0.0598512, 0.0111381, 0.138296, 9.44643, 8.30357, 10.0179, 7.73214, 10.5536, 7.19643, 0.720528
1071, 1057, 9.78571, 9.02926, 0.0118981, 0.015748, 0.145138, 0.0129723, 2.66549e-05, 0.00967204, 0.158482, 0.00830823, 0.009396, 0.00851504, 0.396456, 0.20535, 0.0463137, 1.52823, 5.16392e-05, 0.395358, 0.0514832, 4.16212, 0.398021, 3.49506e-06, 0.0940009, 0.386056, 0.17113, 0.594314, 0.0139292, 0.0589561, 0.0108306, 0.136506, 9.625, 8.44643, 10.1964, 7.875, 10.7321, 7.33929, 1.33209
1098.5, 1085, 9.51852, 9.21493, 0.0105411, 0.0139282, 0.128356, 0.0115391, 3.64615e-05, 0.0134811, 0.220697, 0.0110269, 0.00886118, 0.00863023, 0.402885, 0.213811, 0.0487384, 1.60154, 5.27048e-05, 0.409381, 0.0525454, 4.15746, 0.412767, 3.61764e-06, 0.098837, 0.410839, 0.171503, 0.583555, 0.0135673, 0.0576387, 0.0106253, 0.142076, 9.83333, 8.61111, 10.3889, 8.01852, 10.9815, 7.46296, 0.519666
1121, 1112, 10.2778, 10.824, 0.0108203, 0.0143192, 0.132057, 0.0117296, 2.10974e-05, 0.0078094, 0.126794, 0.00663331, 0.00800782, 0.00881584, 0.410169, 0.218265, 0.0506385, 1.66879, 5.34805e-05, 0.435664, 0.0533188, 4.17057, 0.426747, 3.6998e-06, 0.101972, 0.420012, 0.173758, 1.00526, 0.0214977, 0.0982638, 0.0227296, 1.21932, 11.6389, 10.0278, 12.4167, 9.25, 13.1389, 8.47222, -0.704436
1144, 1130, 8.46429, 9.21313, 0.00712237, 0.0093141, 0.0862034, 0.00794455, 2.0588e-05, 0.00758181, 0.122787, 0.00643771, 0.00784546, 0.00904493, 0.423339, 0.234519, 0.0531612, 1.75473, 5.4828e-05, 0.45276, 0.0546623, 4.19364, 0.440464, 3.79732e-06, 0.10667, 0.439201, 0.176047, 0.540642, 0.0124128, 0.0527773, 0.00932818, 0.00441647, 9.80357, 8.625, 10.375, 8.05357, 10.9464, 7.48214, -1.30548
1164, 1158, 9.91667, 9.40631, 0.00815588, 0.010715, 0.0992848, 0.00881359, 2.0105e-05, 0.00737872, 0.119779, 0.00631097, 0.00782848, 0.00974161, 0.45487, 0.244868, 0.0557772, 1.81639, 5.6192e-05, 0.472927, 0.0560222, 4.23319, 0.453994, 3.93476e-06, 0.114442, 0.456706, 0.177906, 0.516661, 0.0122333, 0.0506363, 0.00815562, 0.00343719, 10.2917, 8.45833, 11.2083, 7.625, 12.0417, 6.70833, 0.576445
1174.5, 1170, 10.7778, 11.1056, 0.00634172, 0.00823395, 0.0764348, 0.00701457, 1.98633e-05, 0.00722897, 0.117343, 0.0062328, 0.0077259, 0.0455201, 2.00245, 0.255608, 0.0559002, 1.88893, 5.71142e-05, 0.489299, 0.0569415, 4.26284, 0.471565, 3.91225e-06, 0.11339, 0.451682, 0.17985, 0.520507, 0.0122254, 0.0509528, 0.00821804, 0.00311362, 12.2778, 9.94444, 13.3889, 8.83333, 14.5, 7.72222, -0.295138
1194, 1179, 10, 9.58902, 0.00557661, 0.00718923, 0.0669179, 0.00615694, 1.94988e-05, 0.00716018, 0.116064, 0.00614693, 0.00765773, 0.00651249, 0.313987, 0.268382, 0.0613212, 1.98753, 5.87369e-05, 0.516468, 0.0585594, 4.29445, 0.48593, 4.02185e-06, 0.118018, 0.474791, 0.182274, 0.523509, 0.0123321, 0.0512162, 0.00824405, 0.00254686, 10.1833, 9.01667, 10.75, 8.45, 11.2833, 7.88333, 0.726926
1224, 1209, 9.13333, 10.1572, 0.00520207, 0.00659485, 0.0620516, 0.00568837, 1.90292e-05, 0.00691093, 0.113351, 0.00594261, 0.00753365, 0.00698041, 0.341914, 0.294797, 0.0671925, 2.17864, 6.1887e-05, 0.567181, 0.0617, 4.38612, 0.517169, 4.25222e-06, 0.127663, 0.510108, 0.188165, 0.60962, 0.0141662, 0.0601234, 0.0105955, 0.00174825, 10.75, 9.55, 11.35, 8.98333, 11.9167, 8.41667, -1.75969
1254, 1239, 10.2, 10.5888, 0.00626849, 0.00784448, 0.0736104, 0.00689093, 1.85374e-05, 0.00678536, 0.110698, 0.00581559, 0.00743133, 0.00705012, 0.347536, 0.320376, 0.0751332, 2.36527, 6.4201e-05, 0.624327, 0.064007, 4.52097, 0.558472, 4.50701e-06, 0.135518, 0.541822, 0.195926, 0.53223, 0.012752, 0.0526941, 0.00816753, 0.0010929, 11.1833, 9.98333, 11.7833, 9.38333, 12.3833, 8.81667, -0.654391
1284, 1269, 10.8, 11.1506, 0.00480051, 0.00596068, 0.0567501, 0.0052512, 1.83201e-05, 0.00665591, 0.108416, 0.00572677, 0.00735515, 0.00729263, 0.361163, 0.342291, 0.0811649, 2.53141, 6.45215e-05, 0.659311, 0.0643265, 4.72714, 0.616054, 4.87778e-06, 0.150999, 0.601253, 0.206438, 0.527823, 0.0126663, 0.051936, 0.00783901, 0.000530893, 11.7833, 10.5167, 12.3833, 9.91667, 12.9833, 9.31667, -0.575137
1314, 1299, 11.7333, 11.383, 0.00416593, 0.00525347, 0.0499048, 0.00453828, 1.80594e-05, 0.006489, 0.106759, 0.00562616, 0.00720555, 0.00752291, 0.373001, 0.344706, 0.084155, 2.56886, 6.21148e-05, 0.673473, 0.0619271, 4.80876, 0.668193, 5.2464e-06, 0.164604, 0.657211, 0.214224, 0.498251, 0.0120814, 0.0488545, 0.00691123, 0.000197707, 12.0167, 10.75, 12.6167, 10.15, 13.2167, 9.55, 0.568808
1333.5, 1329, 10.7778, 12.7957, 0.00407188, 0.00512637, 0.0485657, 0.004413, 1.76342e-05, 0.00638341, 0.103233, 0.00551202, 0.00714288, 0.0426244, 1.87988, 0.331225, 0.0822621, 2.49698, 5.93699e-05, 0.655931, 0.0591905, 4.74039, 0.701099, 5.44898e-06, 0.174706, 0.680144, 0.21676, 0.483106, 0.0118995, 0.0480488, 0.00690965, 3.88932e-05, 14.0556, 11.5, 15.2778, 10.3889, 16.3889, 9.16667, -1.69238
1354, 1338, 10.8438, 10.8935, 0.00433229, 0.00550012, 0.0519079, 0.00476303, 1.80363e-05, 0.00649758, 0.106764, 0.00563361, 0.00714378, 0.0044413, 0.23499, 0.313456, 0.0778847, 2.33765, 5.47535e-05, 0.619898, 0.0545881, 4.70036, 0.725226, 5.56088e-06, 0.179936, 0.702197, 0.215812, 0.4701, 0.0114002, 0.046155, 0.00676117, 1.21541e-06, 11.4844, 10.2969, 12.0781, 9.70312, 12.6406, 9.14062, -0.0852346
1377, 1370, 11.7143, 11.0796, 0.00829956, 0.0113252, 0.102879, 0.00893544, 1.75142e-05, 0.00635026, 0.10398, 0.00547497, 0.00715878, 0.00493117, 0.261788, 0.297181, 0.073831, 2.20171, 5.08069e-05, 0.58319, 0.0506533, 4.54524, 0.732965, 5.63638e-06, 0.182523, 0.713702, 0.21136, 0.852254, 0.020183, 0.0814517, 0.0121425, 0, 12.0357, 10.1786, 12.8929, 9.25, 13.75, 8.39286, 0.713464
1396, 1384, 9.91667, 10.2115, 0.00371505, 0.00470042, 0.0437523, 0.00409057, 1.70078e-05, 0.00606026, 0.0991899, 0.00530196, 0.00709908, 0.00509385, 0.271256, 0.288389, 0.0729058, 2.13828, 4.89794e-05, 0.576225, 0.0488314, 4.31596, 0.708433, 5.46329e-06, 0.174427, 0.691939, 0.200992, 0.477969, 0.0113343, 0.0471987, 0.00827339, 0, 10.8958, 9.52083, 11.5208, 8.89583, 12.1875, 8.27083, -0.45197
1420, 1408, 8.41667, 9.71757, 0.00412226, 0.00531534, 0.0489748, 0.00455258, 1.67736e-05, 0.00603183, 0.0986391, 0.00527635, 0.00704798, 0.00499789, 0.266138, 0.296884, 0.0721759, 2.17405, 4.84981e-05, 0.595754, 0.0483515, 3.92846, 0.659068, 5.11839e-06, 0.16438, 0.64255, 0.185093, 0.440031, 0.0105301, 0.0427147, 0.00636694, 0, 10.3542, 9.0625, 11.0208, 8.4375, 11.6458, 7.8125, -2.04443
1444, 1432, 11.2917, 9.53216, 0.00400313, 0.005178, 0.047868, 0.0044064, 1.67002e-05, 0.00598472, 0.097499, 0.00521291, 0.00704879, 0.00494303, 0.262091, 0.320495, 0.0775378, 2.34908, 5.18093e-05, 0.639691, 0.0516527, 3.63853, 0.63052, 4.89636e-06, 0.155237, 0.616176, 0.172241, 0.384503, 0.00924146, 0.0374683, 0.00547497, 0, 10.1875, 8.89583, 10.8125, 8.27083, 11.4375, 7.64583, 2.79191
1461, 1456, 55.5, 52.343, 0.00583129, 0.00728415, 0.0685465, 0.00637405, 1.64825e-05, 0.00594295, 0.096979, 0.00515785, 0.0069732, 0.00486863, 0.257412, 4.38074, 1.01825, 31.5871, 0.000730055, 8.65732, 0.727849, 3.51413, 0.621788, 4.81958e-06, 0.156232, 0.610754, 0.167851, 0.382924, 0.00916669, 0.0373141, 0.00545452, 0, 54.65, 50.05, 56.95, 47.75, 59.15, 45.55, 1.37987
1479.5, 1466, 5.18519, 5.88892, 0.00337738, 0.00435968, 0.040317, 0.00367892, 1.64679e-05, 0.00589576, 0.0962027, 0.00514872, 0.00692322, 0.00460136, 0.245552, 0.00222704, 0.000338659, 0.017784, 4.1238e-07, 0.00393395, 0.000411133, 3.47285, 0.624906, 4.90049e-06, 0.15585, 0.58892, 0.165905, 0.387342, 0.00924789, 0.0375439, 0.00558184, 0, 6.38889, 5.38889, 6.83333, 4.94444, 7.27778, 4.5, -1.50686
1506.5, 1493, 5.96296, 6.28293, 0.00358539, 0.0044419, 0.0414771, 0.00397896, 1.97223e-05, 0.00717735, 0.117206, 0.00607212, 0.00739628, 0.00418596, 0.224067, 0, 0, 0, 0, 0, 0, 3.71774, 0.67687, 5.20531e-06, 0.163665, 0.632967, 0.175876, 0.436756, 0.0101683, 0.0423059, 0.00696951, 0, 6.7963, 5.7963, 7.27778, 5.31481, 7.72222, 4.83333, -0.663302
1525, 1520, 73.6, 75.0728, 0.00221257, 0.0028157, 0.0260751, 0.00244445, 1.55959e-05, 0.00552642, 0.0908907, 0.00485338, 0.0068326, 0.00393017, 0.211313, 0, 0, 0, 0, 0, 0, 52.9302, 8.80728, 5.50253e-05, 2.19184, 7.95572, 2.39731, 0.382101, 0.00908094, 0.0368027, 0.00545435, 0, 77.85, 72.25, 80.55, 69.55, 83.25, 66.85, -0.537525
1545, 1530, 1.5, 1.03162, 0.00256042, 0.00325667, 0.0301895, 0.00280939, 1.54966e-05, 0.00551885, 0.0898074, 0.00487466, 0.00673425, 0.00391003, 0.208987, 0, 0, 0, 0, 0, 0, 0.079251, 0.0428622, 1.83086e-06, 0.0165607, 0.0460637, 0.00424505, 0.426607, 0.0102318, 0.0412099, 0.00592283, 0, 1.21667, 0.816667, 1.41667, 0.65, 1.61667, 0.516667, 2.37792
1575, 1560, 1.46667, 0.986195, 0.00625682, 0.0076418, 0.0724107, 0.006768, 1.55764e-05, 0.00556124, 0.090162, 0.00487595, 0.00671794, 0.00347397, 0.188328, 0, 0, 0, 0, 0, 0, 0.0457663, 0.0536598, 2.13078e-06, 0.0208115, 0.0472432, 0.00397062, 0.372029, 0.00878961, 0.0360068, 0.00570518, 0, 1.15, 0.783333, 1.35, 0.616667, 1.58333, 0.483333, 2.48031
1605, 1590, 1.23333, 0.919062, 0.00135779, 0.00169503, 0.0159582, 0.00151916, 1.78675e-05, 0.00623633, 0.103323, 0.00550815, 0.0074708, 0.00302402, 0.163657, 0, 0, 0, 0, 0, 0, 0.0485274, 0.0642932, 1.95919e-06, 0.0258714, 0.0602825, 0.00494242, 0.357031, 0.00852635, 0.0344287, 0.00539029, 0, 1.08333, 0.716667, 1.28333, 0.583333, 1.48333, 0.416667, 1.73037
1635, 1620, 1.16667, 0.921681, 0.00356585, 0.00426296, 0.040869, 0.00386752, 1.94169e-05, 0.0067406, 0.111527, 0.00596899, 0.00796367, 0.00273186, 0.147068, 0, 0, 0, 0, 0, 0, 0.052096, 0.0641542, 1.70066e-06, 0.0259793, 0.0657866, 0.00546061, 0.329089, 0.00789841, 0.0317961, 0.00483349, 0, 1.08333, 0.716667, 1.28333, 0.583333, 1.48333, 0.416667, 1.36866
1665, 1650, 1.06667, 0.827202, 0.000772599, 0.00100756, 0.0093755, 0.000834875, 1.52866e-05, 0.00533271, 0.0879896, 0.00477645, 0.00678231, 0.00248887, 0.134552, 0, 0, 0, 0, 0, 0, 0.0479544, 0.0585468, 1.53812e-06, 0.0229261, 0.0632967, 0.00505865, 0.330454, 0.00789766, 0.0320226, 0.00511576, 0, 0.983333, 0.65, 1.15, 0.483333, 1.35, 0.35, 1.40781
1695, 1680, 0.5, 0.740302, 0.000398759, 0.000497417, 0.00475632, 0.000429358, 1.5472e-05, 0.00538298, 0.0888514, 0.00483706, 0.00700321, 0.00230934, 0.125933, 0, 0, 0, 0, 0, 0, 0.0437216, 0.0473236, 1.35187e-06, 0.0204231, 0.0524851, 0.00420899, 0.292076, 0.00695945, 0.0282559, 0.00443262, 0, 0.883333, 0.55, 1.05, 0.416667, 1.25, 0.316667, -1.58751
1717.5, 1710, 0.733333, 0.692027, 0.000385869, 0.000529978, 0.0047821, 0.000414183, 1.54816e-05, 0.00540506, 0.0885355, 0.00491456, 0.00714808, 0.00219738, 0.119282, 0, 0, 0, 0, 0, 0, 0.0395929, 0.0383796, 1.20658e-06, 0.017262, 0.0382663, 0.00335988, 0.283526, 0.00676117, 0.0271405, 0.00412753, 0, 0.9, 0.433333, 1.16667, 0.3, 1.36667, 0.1, 0.239604
1730, 1725, 1.2, 1.54054, 0.000283111, 0.000387521, 0.00353011, 0.000317041, 1.57593e-05, 0.00544575, 0.0894832, 0.00496537, 0.00720232, 0.00213696, 0.116355, 0, 0, 0, 0, 0, 0, 0.0370793, 0.0344405, 1.1662e-06, 0.015115, 0.0336141, 0.00302518, 1.05071, 0.0266184, 0.0995191, 0.0102883, 0, 1.95, 1.15, 2.35, 0.75, 2.85, 0.45, -0.857327
1747.5, 1735, 0.8, 0.620878, 0.000247624, 0.000315906, 0.00295818, 0.000273011, 1.59394e-05, 0.00546676, 0.0912778, 0.0049682, 0.00728384, 0.00208645, 0.113328, 0, 0, 0, 0, 0, 0, 0.0352742, 0.0301105, 1.07817e-06, 0.0147979, 0.0355405, 0.00276689, 0.24156, 0.00569047, 0.023134, 0.00378046, 0, 0.78, 0.46, 0.94, 0.3, 1.14, 0.18, 1.12381
1765, 1760, 2.2, 2.21373, 0.000113569, 0.000136977, 0.00135514, 0.000125104, 1.60915e-05, 0.00554161, 0.0914784, 0.00504878, 0.00739416, 0.00200706, 0.110433, 0, 0, 0, 0, 0, 0, 0.0317265, 0.0275019, 1.01832e-06, 0.0138528, 0.0257511, 0.00254251, 1.66025, 0.0369899, 0.158223, 0.0332432, 0, 2.65, 1.65, 3.15, 1.25, 3.75, 0.95, 0.00549398
1801, 1770, 0.774194, 0.455272, 0.00013088, 0.000167685, 0.00154199, 0.000144428, 1.68382e-05, 0.00581186, 0.0962207, 0.00528753, 0.00751969, 0.00193158, 0.105012, 0, 0, 0, 0, 0, 0, 0.0284406, 0.0242908, 8.95912e-07, 0.0117041, 0.0233035, 0.00216029, 0.124946, 0.00299969, 0.011982, 0.00165889, 0, 0.540323, 0.362903, 0.637097, 0.282258, 0.733871, 0.217742, 3.23381
1837.5, 1832, 0.545455, 0.673293, 0.000201788, 0.000257351, 0.00241107, 0.000214954, 1.63791e-05, 0.00552842, 0.0928505, 0.00510644, 0.0074905, 0.00185954, 0.100154, 0, 0, 0, 0, 0, 0, 0.0365856, 0.0992485, 1.31729e-06, 0.0398105, 0.110975, 0.00654228, 0.144451, 0.00333605, 0.0139696, 0.00228292, 0, 0.954545, 0.409091, 1.22727, 0.227273, 1.5, 0.0454545, -0.469561
1848, 1843, 0.8, 0.836605, 0.000111707, 0.000140021, 0.00136284, 0.00012409, 1.65538e-05, 0.00560715, 0.0942257, 0.00518816, 0.00754641, 0.00182801, 0.0989594, 0, 0, 0, 0, 0, 0, 0.022779, 0.0144461, 8.05347e-07, 0.00812393, 0.0165122, 0.00135116, 0.493483, 0.0122666, 0.0467643, 0.00576756, 0, 1.15, 0.55, 1.45, 0.25, 1.75, 0.05, -0.0703019
2026.5, 1853, 0.348703, 0.357048, 4.06491e-05, 5.13666e-05, 0.00048044, 4.4256e-05, 1.90735e-05, 0.00644032, 0.107746, 0.00596663, 0.00854572, 0.00158922, 0.086026, 0, 0, 0, 0, 0, 0, 0.0162852, 0.0092179, 5.05451e-07, 0.00604885, 0.00732477, 0.000898467, 0.0883922, 0.00211097, 0.00846511, 0.00135462, 0, 0.39049, 0.324207, 0.42219, 0.292507, 0.45389, 0.260807, -0.26015
2204, 2200, 1.125, 0.923632, 0, 0, 0, 0, 2.24342e-05, 0.00762297, 0.12598, 0.00697851, 0.00959137, 0.00144598, 0.0790976, 0, 0, 0, 0, 0, 0, 0.00874236, 0.0060034, 3.30891e-07, 0.00380304, 0.00491434, 0.000562984, 0.5868, 0.013089, 0.0560111, 0.012967, 0, 1.3125, 0.5625, 1.6875, 0.3125, 2.0625, 0.0625, 0.62733
2409, 2208, 0.278607, 0.281909, 0, 0, 0, 0, 2.77197e-05, 0.00944945, 0.156449, 0.00866191, 0.0109892, 0.00108316, 0.0596292, 0, 0, 0, 0, 0, 0, 0.0062107, 0.0037715, 1.99177e-07, 0.0023059, 0.00276279, 0.000355545, 0.0178128, 0.000423541, 0.00169796, 0.000277561, 0, 0.309701, 0.254975, 0.337065, 0.227612, 0.36194, 0.202736, -0.124675
2615, 2610, 1.7, 1.2478, 0, 0, 0, 0, 0.000195412, 0.0601087, 0.978583, 0.062007, 0.139293, 0, 6.59422e-06, 0, 0, 0, 0, 0, 0, 0.00105494, 0.0015672, 9.35548e-08, 0.00113282, 0.00117944, 9.04003e-05, 0.00227883, 5.25784e-05, 0.000224639, 2.33741e-05, 0, 1.65, 0.85, 1.95, 0.55, 2.45, 0.35, 1.25154
2905, 2620, 0.0912281, 0.119696, 0, 0, 0, 0, 1.61714e-05, 0.00625609, 0.102907, 0.00493628, 0.00145375, 2.0907e-09, 2.31376e-07, 0, 0, 0, 0, 0, 0, 0.000718376, 0.000907328, 2.71913e-08, 0.000305492, 0.000731116, 6.0635e-05, 0.00123831, 3.17703e-05, 0.00011822, 1.46454e-05, 0, 0.134211, 0.104386, 0.15, 0.0903509, 0.164035, 0.0763158, -1.96449
3197.5, 3190, 0.133333, 0.382264, 0, 0, 0, 0, 5.19197e-05, 0.0217903, 0.341245, 0.015503, 0.00197737, 0, 0, 0, 0, 0, 0, 0, 0, 0.000599104, 0.000623511, 3.73644e-09, 0.000151043, 0.000262098, 6.02668e-05, 0, 0, 1.05837e-07, 1.11305e-07, 0, 0.5, 0.166667, 0.7, 0.0333333, 0.9, 0, -1.70667
3602.5, 3205, 0.0113208, 0.00719094, 0, 0, 0, 0, 8.45433e-07, 0.0003167, 0.00596314, 0.000223368, 2.37768e-05, 0, 0, 0, 0, 0, 0, 0, 0, 0.000196097, 0.000164383, 1.25271e-09, 6.10684e-05, 0.000225009, 1.6549e-05, 0, 0, 0, 0, 0, 0.00943396, 0.00314465, 0.0132075, 0.000628931, 0.0169811, 0, 1.3188
4025.22, 4000, 0, 9.64068e-06, 0, 0, 0, 0, 1.10288e-09, 4.01922e-07, 8.9708e-06, 2.65258e-07, 1.59651e-09, 0, 0, 0, 0, 0, 0, 0, 0, 0, 0, 0, 0, 0, 0, 0, 0, 0, 0, 0, 0.000628931, 0, 0.000628931, 0, 0.00188679, 0, -0.277244
