xunit, xunit_low, fitted_data, total_model, Ac228_central_fiber_shroud, Ac228_holders, Ac228_mini_shrouds, Bi212Tl208_central_fiber_shroud, Bi212Tl208_holders, Bi212Tl208_mini_shrouds, Bi212Tl208_outer_fiber_shroud, Co60_holders, K40_cables, K40_central_fiber_shroud, K40_close, K40_holders, K40_mini_shrouds, K40_outer_fiber_shroud, K42_above_array, K42_inside_ms, K42_nplus_bege, K42_nplus_invcoax, K42_nplus_semicoax, K42_outside_ms, Pb214Bi214_cables, Pb214Bi214_central_fiber_shroud, Pb214Bi214_mini_shrouds, Pb214Bi214_outer_fiber_shroud, Zn65_invcoax, 1sig_p, 1sig_m, 2sig_p, 2sig_m, 3sig_p, 3sig_m, norm_pois_res
494.783, 469.565, 865, 286.49, 0.927251, 8.94043, 0.838555, 0.597315, 9.50683, 0.579604, 1.01982, 5.51686, 4.10554, 1.00022, 24.8663, 7.05948, 3.62317, 1.25754, 132.911, 12.5397, 0.0662859, 2.53908, 8.43077, 26.3138, 28.5584, 0.639272, 2.82542, 0.795242, 1.03172, 290.275, 282.675, 294.075, 278.925, 297.725, 275.225, 152.852
530, 520, 11.65, 12.1239, 0.0424885, 0.418205, 0.0376767, 0.0317704, 0.519201, 0.0298103, 0.0390787, 0.303189, 0.186649, 0.0438743, 1.09757, 0.31534, 0.159923, 0.0540688, 5.4046, 0.500661, 0.00288415, 0.107709, 0.348725, 1.07305, 1.16131, 0.0268446, 0.117877, 0.0298236, 0.0715971, 12.925, 11.325, 13.725, 10.525, 14.475, 9.775, -0.608709
550, 540, 12.4, 11.8337, 0.0421164, 0.417072, 0.0374185, 0.0318201, 0.525707, 0.0298483, 0.0379366, 0.298133, 0.181433, 0.0432546, 1.08279, 0.313198, 0.15777, 0.0527082, 5.23432, 0.495071, 0.00283211, 0.105968, 0.34233, 1.04101, 1.11912, 0.0259187, 0.113945, 0.0286284, 0.0733936, 12.625, 11.025, 13.375, 10.275, 14.125, 9.525, 0.73615
570, 560, 12.95, 11.6174, 0.041803, 0.417328, 0.0373538, 0.0325127, 0.539752, 0.030379, 0.0373858, 0.2937, 0.177455, 0.0423631, 1.07971, 0.309621, 0.15732, 0.0516868, 5.0753, 0.479811, 0.00279469, 0.103185, 0.334773, 1.0131, 1.11856, 0.0255757, 0.11264, 0.027813, 0.0755032, 12.425, 10.825, 13.175, 10.075, 13.925, 9.325, 1.74846
584, 580, 13, 12.8892, 0.0400411, 0.398009, 0.0356458, 0.0941858, 1.76451, 0.0955726, 0.110156, 0.293195, 0.185821, 0.0418031, 1.07285, 0.306169, 0.15632, 0.0509587, 4.97128, 0.480757, 0.00274378, 0.105598, 0.319948, 0.990619, 1.12918, 0.0256119, 0.112638, 0.0275535, 0.0780084, 14.1875, 11.5625, 15.4375, 10.3125, 16.6875, 9.0625, 0.0873123
596, 588, 12.1875, 11.156, 0.0393581, 0.392697, 0.0349429, 0.0249511, 0.405613, 0.0227102, 0.026426, 0.288804, 0.180489, 0.0416401, 1.06601, 0.306567, 0.155324, 0.0500996, 4.90961, 0.468641, 0.00271719, 0.1007, 0.306868, 0.975362, 1.11451, 0.0252296, 0.110988, 0.0267752, 0.078951, 12.0312, 10.2812, 12.8438, 9.46875, 13.6562, 8.65625, 1.23534
608, 604, 11.375, 14.4668, 0.0394276, 0.394076, 0.0351575, 0.0247566, 0.403461, 0.0226422, 0.0257547, 0.289103, 0.176759, 0.042768, 1.06186, 0.299447, 0.15472, 0.0495492, 4.824, 0.462691, 0.00268155, 0.0984039, 0.316419, 0.970236, 4.14602, 0.0796659, 0.381997, 0.085219, 0.0799895, 15.8125, 13.0625, 17.1875, 11.6875, 18.5625, 10.4375, -2.29917
622, 612, 11.2, 10.6218, 0.03923, 0.393763, 0.0348493, 0.0260627, 0.421509, 0.023585, 0.0257353, 0.286104, 0.180571, 0.0429175, 1.05707, 0.303378, 0.154022, 0.0489484, 4.7385, 0.458026, 0.00265454, 0.102351, 0.314342, 0.948909, 0.816254, 0.0193691, 0.0832014, 0.0192976, 0.0811201, 11.375, 9.875, 12.125, 9.125, 12.825, 8.425, 0.793446
642, 632, 11.7, 10.4872, 0.0385929, 0.3889, 0.0342354, 0.0272432, 0.443115, 0.0245148, 0.0251093, 0.285221, 0.178582, 0.0411454, 1.04824, 0.306226, 0.152736, 0.0479399, 4.64742, 0.452255, 0.00261879, 0.100629, 0.316585, 0.923627, 0.799485, 0.0191169, 0.0814243, 0.0184365, 0.0837977, 11.225, 9.725, 11.975, 9.025, 12.675, 8.325, 1.67484
662, 652, 10.8, 10.4121, 0.0385665, 0.389753, 0.034296, 0.0273582, 0.443954, 0.0244349, 0.0244054, 0.284173, 0.180107, 0.0413954, 1.03803, 0.299686, 0.151247, 0.0471327, 4.51489, 0.445413, 0.00258062, 0.0984134, 0.308197, 0.904076, 0.896357, 0.0214411, 0.0907569, 0.0190762, 0.0863227, 11.175, 9.675, 11.875, 8.925, 12.575, 8.225, 0.537662
682, 672, 10.9, 10.2989, 0.0391421, 0.396546, 0.0347926, 0.0278128, 0.45049, 0.0247699, 0.0237553, 0.282967, 0.179533, 0.0417705, 1.04578, 0.299049, 0.152376, 0.0465429, 4.43823, 0.436225, 0.00250911, 0.0963308, 0.311104, 0.886228, 0.867935, 0.0209777, 0.087766, 0.0177556, 0.0885129, 11.025, 9.575, 11.775, 8.825, 12.475, 8.125, 0.83766
702, 692, 9.3, 10.1978, 0.0385778, 0.391523, 0.0342649, 0.0280709, 0.455434, 0.0248227, 0.0229854, 0.283544, 0.177455, 0.0411726, 1.03753, 0.301828, 0.151174, 0.0458732, 4.34082, 0.435343, 0.00251228, 0.0974289, 0.295241, 0.872489, 0.897222, 0.0216079, 0.0908893, 0.0178928, 0.0920489, 10.925, 9.475, 11.625, 8.725, 12.325, 8.075, -1.25724
717, 712, 9.3, 10.0857, 0.0382442, 0.387944, 0.0338075, 0.0278264, 0.451529, 0.024402, 0.0221915, 0.283272, 0.174516, 0.039857, 1.02773, 0.303719, 0.149746, 0.0456421, 4.25946, 0.432431, 0.00244967, 0.0924306, 0.29466, 0.855588, 0.912236, 0.0221394, 0.0920696, 0.0177736, 0.0940137, 11.15, 9.05, 12.15, 8.05, 13.15, 7.05, -0.782325
727, 722, 9.5, 10.5137, 0.0394688, 0.401743, 0.0351348, 0.0500538, 0.882196, 0.0451359, 0.0396145, 0.284254, 0.177654, 0.040966, 1.02951, 0.303628, 0.150006, 0.0451221, 4.20161, 0.428252, 0.0024548, 0.0934908, 0.294992, 0.843109, 0.899116, 0.0219744, 0.0914815, 0.0170376, 0.0956577, 11.55, 9.45, 12.65, 8.45, 13.65, 7.45, -0.988593
743, 732, 10, 9.86087, 0.038599, 0.392596, 0.0340183, 0.0229185, 0.368882, 0.020114, 0.0183824, 0.284789, 0.179627, 0.0405875, 1.02279, 0.303284, 0.149027, 0.0446236, 4.16046, 0.424246, 0.00245779, 0.0966957, 0.296411, 0.831966, 0.90034, 0.0218878, 0.0910659, 0.0168984, 0.0982051, 10.5682, 9.15909, 11.2045, 8.52273, 11.8864, 7.84091, 0.207811
765, 754, 9.68182, 9.89275, 0.0408507, 0.41671, 0.0361341, 0.0220006, 0.358027, 0.0194283, 0.0179425, 0.286492, 0.17808, 0.0410075, 1.03804, 0.303616, 0.151248, 0.0443695, 4.07464, 0.423354, 0.00240403, 0.096558, 0.293089, 0.817965, 0.988316, 0.0233436, 0.0985609, 0.0190159, 0.101564, 10.5682, 9.20455, 11.25, 8.52273, 11.8864, 7.88636, -0.31456
787, 776, 8.81818, 9.70204, 0.0430904, 0.441495, 0.0382875, 0.0210878, 0.343351, 0.0184563, 0.0173328, 0.289017, 0.181295, 0.0405133, 1.0389, 0.307448, 0.151375, 0.0435, 3.99428, 0.423148, 0.00240417, 0.0965924, 0.292863, 0.803819, 0.882226, 0.021248, 0.0878139, 0.0157847, 0.106707, 10.3864, 9.02273, 11.0682, 8.34091, 11.7045, 7.70455, -1.33095
809, 798, 9.09091, 9.4383, 0.0367556, 0.374008, 0.0317269, 0.0186044, 0.304087, 0.0161631, 0.0150022, 0.292965, 0.177859, 0.0400636, 1.04222, 0.303347, 0.151858, 0.0432873, 3.92429, 0.421242, 0.00236453, 0.0954048, 0.291353, 0.791064, 0.835352, 0.0200031, 0.0829238, 0.0153673, 0.110988, 10.1136, 8.75, 10.75, 8.11364, 11.3864, 7.47727, -0.530376
831, 820, 9.63636, 9.43737, 0.0400614, 0.40906, 0.0347908, 0.0181997, 0.298717, 0.015715, 0.0143548, 0.2986, 0.179185, 0.0401674, 1.051, 0.308131, 0.153137, 0.0430014, 3.86338, 0.420529, 0.00236632, 0.0975735, 0.295732, 0.779544, 0.839535, 0.0202595, 0.0830669, 0.0144902, 0.116778, 10.1136, 8.75, 10.75, 8.11364, 11.3864, 7.47727, 0.303821
853, 842, 8.54545, 9.34114, 0.0345688, 0.350578, 0.0294189, 0.0237605, 0.401958, 0.0210578, 0.0196172, 0.302543, 0.182018, 0.0400883, 1.06163, 0.313227, 0.154685, 0.0425371, 3.80332, 0.420632, 0.00237811, 0.0965408, 0.294675, 0.77025, 0.74602, 0.0179726, 0.0742696, 0.0135761, 0.123822, 10.0227, 8.65909, 10.6591, 8.02273, 11.2955, 7.38636, -1.2211
875, 864, 8.45455, 9.10196, 0.035147, 0.356792, 0.0298371, 0.0146457, 0.240232, 0.0126339, 0.0119186, 0.309171, 0.186559, 0.0417735, 1.06392, 0.313434, 0.15502, 0.0422313, 3.75869, 0.421064, 0.00233505, 0.0971948, 0.292259, 0.761497, 0.7217, 0.0172713, 0.0716822, 0.013273, 0.131671, 9.75, 8.43182, 10.3864, 7.79545, 11.0227, 7.15909, -1.00652
897, 886, 8.45455, 9.13549, 0.0367689, 0.374873, 0.0311997, 0.0143243, 0.23666, 0.0123951, 0.0119033, 0.318456, 0.186921, 0.0426186, 1.08429, 0.319358, 0.157988, 0.0422147, 3.737, 0.429176, 0.00240115, 0.0997594, 0.296185, 0.759295, 0.701017, 0.0166643, 0.069528, 0.0132251, 0.141259, 9.79545, 8.47727, 10.4318, 7.84091, 11.0682, 7.20455, -1.05671
911.5, 908, 9.71429, 10.911, 0.180608, 1.95448, 0.160836, 0.0138244, 0.227446, 0.01184, 0.0111126, 0.32469, 0.189507, 0.0433951, 1.09968, 0.321198, 0.160231, 0.0423953, 3.67311, 0.423915, 0.00236722, 0.0970989, 0.292809, 0.748898, 0.684936, 0.0163948, 0.0683136, 0.0130931, 0.148798, 12.2143, 9.64286, 13.5, 8.35714, 14.6429, 7.07143, -0.958518
927, 915, 10.3333, 8.97656, 0.0246963, 0.249464, 0.0203934, 0.0131362, 0.21404, 0.0111609, 0.010801, 0.332874, 0.190665, 0.0431576, 1.11048, 0.329504, 0.161804, 0.0419732, 3.64273, 0.428677, 0.00233406, 0.0994137, 0.294964, 0.745091, 0.750436, 0.017318, 0.0737456, 0.0147713, 0.152932, 9.60417, 8.35417, 10.2292, 7.72917, 10.8125, 7.14583, 2.2185
950.5, 939, 8.82609, 8.98871, 0.0252896, 0.257505, 0.0210913, 0.0124892, 0.204436, 0.0106663, 0.010603, 0.346669, 0.206757, 0.0459416, 1.18879, 0.356273, 0.173213, 0.0434794, 3.6045, 0.431428, 0.0023491, 0.0995872, 0.305117, 0.73635, 0.656533, 0.0154706, 0.0648377, 0.0122723, 0.157066, 9.63043, 8.32609, 10.2391, 7.71739, 10.8478, 7.1087, -0.260127
967.5, 962, 9.90909, 9.80193, 0.0953751, 1.02382, 0.0847488, 0.0118546, 0.193166, 0.0100453, 0.0101048, 0.357479, 0.198996, 0.0445459, 1.13462, 0.342557, 0.165321, 0.0421732, 3.5812, 0.438667, 0.00234108, 0.104441, 0.309246, 0.73954, 0.661583, 0.015415, 0.0649011, 0.0124954, 0.157301, 10.7727, 8.77273, 11.7727, 7.86364, 12.6818, 6.95455, 0.113523
987, 973, 9.21429, 8.76099, 0.0154089, 0.155722, 0.012337, 0.0113452, 0.18514, 0.00969256, 0.00990615, 0.368708, 0.202468, 0.0457054, 1.17521, 0.345822, 0.171236, 0.0423428, 3.54736, 0.439697, 0.00239599, 0.102698, 0.298682, 0.73358, 0.640802, 0.0150043, 0.0630605, 0.011881, 0.154779, 9.33929, 8.19643, 9.91071, 7.625, 10.4464, 7.08929, 0.810367
1015, 1001, 8.89286, 9.06446, 0.0148331, 0.149354, 0.011882, 0.0111472, 0.181707, 0.00948871, 0.0100531, 0.384968, 0.211151, 0.0479187, 1.21606, 0.362829, 0.177187, 0.0428393, 3.68138, 0.485895, 0.00250375, 0.114531, 0.329766, 0.76211, 0.623378, 0.014649, 0.0614999, 0.0116194, 0.145709, 9.66071, 8.48214, 10.2321, 7.91071, 10.7679, 7.375, -0.301597
1043, 1029, 9.28571, 8.83394, 0.0147378, 0.147865, 0.0117616, 0.00984132, 0.163497, 0.00848316, 0.00902282, 0.393358, 0.214734, 0.0493825, 1.25142, 0.37331, 0.18234, 0.0431987, 3.49921, 0.461934, 0.0024253, 0.109419, 0.322707, 0.72619, 0.6135, 0.0142141, 0.0599742, 0.0113968, 0.140012, 9.41071, 8.26786, 9.98214, 7.69643, 10.5179, 7.16071, 0.804314
1071, 1057, 9.78571, 8.99061, 0.0167089, 0.168264, 0.0130201, 0.00979209, 0.163612, 0.00852434, 0.00943659, 0.395795, 0.227948, 0.0523141, 1.31265, 0.398601, 0.191262, 0.0437736, 3.50489, 0.475113, 0.00244599, 0.109973, 0.326207, 0.732487, 0.605363, 0.0140725, 0.0590773, 0.0110821, 0.1382, 9.58929, 8.41071, 10.125, 7.83929, 10.6964, 7.30357, 1.40316
1098.5, 1085, 9.51852, 9.17861, 0.014778, 0.148808, 0.0115816, 0.0136484, 0.227841, 0.0113138, 0.00889946, 0.402214, 0.23734, 0.055053, 1.37562, 0.41274, 0.200437, 0.0446768, 3.50097, 0.492716, 0.00253178, 0.115631, 0.347147, 0.734084, 0.594403, 0.013707, 0.0577572, 0.0108721, 0.143839, 9.7963, 8.57407, 10.3519, 7.98148, 10.9444, 7.42593, 0.582984
1121, 1112, 10.2778, 10.8133, 0.0151929, 0.153099, 0.0117728, 0.00790634, 0.130898, 0.00680586, 0.00804242, 0.409485, 0.242285, 0.0571992, 1.43338, 0.439237, 0.208853, 0.0453344, 3.512, 0.509403, 0.00258927, 0.119299, 0.354898, 0.743736, 1.02395, 0.021719, 0.0984658, 0.0232575, 1.23445, 11.6389, 10.0278, 12.3611, 9.25, 13.1389, 8.47222, -0.690888
1144, 1130, 8.5, 9.17893, 0.0098824, 0.099939, 0.0079738, 0.00767592, 0.126762, 0.00660516, 0.00787935, 0.422634, 0.260327, 0.0600488, 1.5072, 0.456474, 0.219609, 0.0464767, 3.53143, 0.525778, 0.00265752, 0.124795, 0.371113, 0.753535, 0.550693, 0.0125406, 0.0528858, 0.00954485, 0.00447127, 9.76786, 8.58929, 10.3393, 8.01786, 10.9107, 7.44643, -1.1858
1164, 1158, 9.83333, 9.37354, 0.0113688, 0.115105, 0.00884603, 0.00747031, 0.123656, 0.00647513, 0.0078623, 0.454113, 0.271815, 0.0630037, 1.56017, 0.476807, 0.227326, 0.0476329, 3.56474, 0.541928, 0.00275371, 0.133887, 0.385903, 0.76149, 0.526266, 0.0123592, 0.0507404, 0.00834506, 0.00347984, 10.2917, 8.45833, 11.2083, 7.54167, 12.0417, 6.70833, 0.520243
1174.5, 1170, 10.7778, 11.0382, 0.00873634, 0.0886139, 0.0070404, 0.0073187, 0.121141, 0.00639493, 0.00775928, 1.99911, 0.283738, 0.0631426, 1.62247, 0.493313, 0.236404, 0.0484146, 3.58971, 0.562903, 0.00273795, 0.132657, 0.381659, 0.769812, 0.530183, 0.0123512, 0.0510575, 0.00840893, 0.00315225, 12.1667, 9.83333, 13.2778, 8.72222, 14.3889, 7.72222, -0.235176
1194, 1179, 10, 9.56617, 0.00762788, 0.0775807, 0.00617961, 0.00724906, 0.119821, 0.00630682, 0.00769082, 0.313465, 0.297917, 0.069266, 1.70716, 0.520705, 0.248743, 0.0497902, 3.61633, 0.580049, 0.00281466, 0.138072, 0.401185, 0.780187, 0.533242, 0.012459, 0.0513215, 0.00843554, 0.00257846, 10.15, 8.98333, 10.7167, 8.41667, 11.25, 7.88333, 0.768265
1224, 1209, 9.13333, 10.1428, 0.00699724, 0.0719389, 0.00570932, 0.00699672, 0.11702, 0.00609719, 0.0075662, 0.341345, 0.327239, 0.075898, 1.87132, 0.571834, 0.272662, 0.0524605, 3.69352, 0.617339, 0.00297588, 0.149356, 0.431027, 0.805405, 0.620953, 0.014312, 0.060247, 0.0108417, 0.00176994, 10.75, 9.55, 11.3167, 8.95, 11.8833, 8.41667, -1.73613
1254, 1239, 10.2, 10.5833, 0.0083231, 0.0853395, 0.0069163, 0.00686958, 0.114281, 0.00596686, 0.00746344, 0.346957, 0.355632, 0.0848675, 2.03162, 0.629449, 0.296019, 0.054422, 3.80707, 0.666642, 0.00315419, 0.158544, 0.457824, 0.838624, 0.542124, 0.0128833, 0.0528024, 0.00835724, 0.00110646, 11.1833, 9.98333, 11.7833, 9.38333, 12.35, 8.81667, -0.645275
1284, 1269, 10.8, 11.1509, 0.00632437, 0.0657926, 0.00527053, 0.00673853, 0.111926, 0.00587573, 0.00738693, 0.360561, 0.379959, 0.0916806, 2.17432, 0.664719, 0.316812, 0.0546937, 3.98069, 0.735377, 0.00341367, 0.176657, 0.508042, 0.883618, 0.537635, 0.0127967, 0.0520427, 0.00802109, 0.00053748, 11.7833, 10.5167, 12.3833, 9.91667, 12.9833, 9.31667, -0.575535
1314, 1299, 11.7333, 11.399, 0.00557401, 0.0578567, 0.00455498, 0.00656955, 0.110215, 0.00577251, 0.00723668, 0.37238, 0.382641, 0.0950582, 2.20648, 0.678998, 0.321499, 0.0526536, 4.04942, 0.797615, 0.00367164, 0.192573, 0.555324, 0.916943, 0.507514, 0.0122058, 0.048955, 0.00707176, 0.00020016, 12.0167, 10.7833, 12.65, 10.15, 13.25, 9.55, 0.542408
1333.5, 1329, 10.7778, 12.7971, 0.00543915, 0.0563041, 0.00442925, 0.00646265, 0.106574, 0.00565539, 0.00717374, 1.87675, 0.367675, 0.09292, 2.14475, 0.661312, 0.312503, 0.0503268, 3.99184, 0.836894, 0.00381342, 0.204392, 0.574703, 0.927797, 0.492087, 0.0120219, 0.0481476, 0.00707014, 3.93758e-05, 14.0556, 11.5, 15.2778, 10.3889, 16.3889, 9.16667, -1.69343
1354, 1338, 10.8438, 10.9418, 0.00583571, 0.0601789, 0.00478056, 0.00657824, 0.11022, 0.00578015, 0.00717464, 0.234598, 0.347951, 0.0879755, 2.00789, 0.624983, 0.292563, 0.0464136, 3.95814, 0.865695, 0.00389173, 0.210511, 0.593337, 0.923743, 0.47884, 0.0115175, 0.0462499, 0.00691822, 1.23049e-06, 11.5469, 10.3281, 12.1094, 9.76562, 12.7031, 9.20312, -0.167622
1377, 1370, 11.7143, 11.1494, 0.0120162, 0.119272, 0.00896834, 0.00642909, 0.107346, 0.00561739, 0.00718971, 0.261352, 0.329885, 0.0833966, 1.89112, 0.587974, 0.275549, 0.043068, 3.82752, 0.874933, 0.00394457, 0.213536, 0.603058, 0.904686, 0.868097, 0.0203908, 0.0816191, 0.0124245, 0, 12.1071, 10.25, 12.9643, 9.32143, 13.8214, 8.46429, 0.633001
1396, 1384, 9.91667, 10.2679, 0.00498722, 0.0507238, 0.00410563, 0.00613549, 0.102401, 0.00543987, 0.00712975, 0.270804, 0.320126, 0.0823515, 1.83664, 0.580952, 0.26761, 0.0415189, 3.63443, 0.845649, 0.00382344, 0.204066, 0.584669, 0.860306, 0.486855, 0.011451, 0.0472958, 0.00846557, 0, 10.9375, 9.60417, 11.6042, 8.9375, 12.2292, 8.3125, -0.537044
1420, 1408, 8.41667, 9.7795, 0.00563966, 0.0567784, 0.00456934, 0.0061067, 0.101832, 0.0054136, 0.00707843, 0.265695, 0.329556, 0.081527, 1.86737, 0.600641, 0.272087, 0.0411109, 3.30813, 0.786723, 0.00358206, 0.192311, 0.542936, 0.792252, 0.448211, 0.0106384, 0.0428025, 0.00651483, 0, 10.4375, 9.10417, 11.0625, 8.47917, 11.6875, 7.85417, -2.13496
1444, 1432, 11.25, 9.59381, 0.00549393, 0.0554953, 0.00442262, 0.00605901, 0.100655, 0.00534851, 0.00707924, 0.261655, 0.355765, 0.0875837, 2.01771, 0.644938, 0.293993, 0.0439178, 3.06398, 0.752645, 0.00342667, 0.181614, 0.520651, 0.737245, 0.391651, 0.00933658, 0.0375453, 0.00560214, 0, 10.2292, 8.9375, 10.8958, 8.3125, 11.4792, 7.6875, 2.6195
1461, 1456, 55.6, 52.4781, 0.00772859, 0.0794687, 0.00639752, 0.00601672, 0.100118, 0.00529201, 0.00700332, 0.256983, 4.86283, 1.15018, 27.1313, 8.72834, 3.9532, 0.618854, 2.95923, 0.742222, 0.00337294, 0.182779, 0.51607, 0.718452, 0.390043, 0.00926104, 0.0373908, 0.00558121, 0, 54.85, 50.15, 57.05, 47.85, 59.35, 45.65, 1.36277
1479.5, 1466, 5.18519, 5.95352, 0.00462569, 0.0467411, 0.00369247, 0.00596894, 0.0993168, 0.00528265, 0.00695313, 0.245143, 0.00247212, 0.000382536, 0.0152753, 0.00396622, 0.00222571, 0.000349567, 2.92446, 0.745944, 0.00342956, 0.182331, 0.49762, 0.710123, 0.394543, 0.00934308, 0.0376211, 0.00571149, 0, 6.42593, 5.46296, 6.90741, 4.98148, 7.35185, 4.53704, -1.63624
1506.5, 1493, 5.96296, 6.3485, 0.00471292, 0.0480861, 0.00399361, 0.00726644, 0.121, 0.00623007, 0.00742823, 0.223694, 0, 0, 0, 0, 0, 0, 3.13068, 0.807972, 0.00364289, 0.191475, 0.534839, 0.752804, 0.444875, 0.010273, 0.0423929, 0.00713139, 0, 6.83333, 5.83333, 7.35185, 5.35185, 7.7963, 4.90741, -0.795083
1525, 1520, 73.6, 75.4704, 0.0029875, 0.0302299, 0.00245345, 0.00559502, 0.0938329, 0.00497962, 0.00686212, 0.210961, 0, 0, 0, 0, 0, 0, 44.5721, 10.5132, 0.038509, 2.56428, 6.72236, 10.2612, 0.389205, 0.00917441, 0.0368784, 0.00558104, 0, 78.25, 72.65, 81.05, 69.95, 83.65, 67.25, -0.680834
1545, 1530, 1.5, 1.04786, 0.00345537, 0.0349999, 0.00281973, 0.00558735, 0.0927145, 0.00500145, 0.00676334, 0.208639, 0, 0, 0, 0, 0, 0, 0.0667367, 0.0511641, 0.00128131, 0.0193747, 0.0389225, 0.0181701, 0.434538, 0.0103371, 0.0412946, 0.00606041, 0, 1.25, 0.85, 1.45, 0.683333, 1.65, 0.516667, 2.2871
1575, 1560, 1.46667, 1.01241, 0.00810807, 0.0839486, 0.00679292, 0.00563027, 0.0930805, 0.00500279, 0.00674697, 0.188014, 0, 0, 0, 0, 0, 0, 0.0385395, 0.0640532, 0.00149121, 0.0243478, 0.0399191, 0.0169954, 0.378945, 0.00888008, 0.0360808, 0.0058377, 0, 1.18333, 0.816667, 1.38333, 0.65, 1.58333, 0.483333, 2.33125
1605, 1590, 1.23333, 0.944983, 0.00179845, 0.018501, 0.00152475, 0.00631375, 0.106667, 0.00565143, 0.00750307, 0.163385, 0, 0, 0, 0, 0, 0, 0.0408646, 0.0767462, 0.00137112, 0.0302675, 0.050937, 0.0211551, 0.363668, 0.0086141, 0.0344995, 0.0055155, 0, 1.11667, 0.75, 1.31667, 0.583333, 1.51667, 0.45, 1.57663
1635, 1620, 1.16667, 0.949682, 0.00452306, 0.0473811, 0.00388176, 0.00682427, 0.115138, 0.00612426, 0.00799808, 0.146823, 0, 0, 0, 0, 0, 0, 0.0438696, 0.0765802, 0.00119019, 0.0303937, 0.0555878, 0.023373, 0.335207, 0.00797971, 0.0318615, 0.00494576, 0, 1.11667, 0.75, 1.31667, 0.583333, 1.51667, 0.45, 1.20424
1665, 1650, 1.06667, 0.850256, 0.00106904, 0.0108694, 0.000837949, 0.0053989, 0.0908378, 0.0049007, 0.00681161, 0.134328, 0, 0, 0, 0, 0, 0, 0.040382, 0.0698868, 0.00107644, 0.0268217, 0.0534839, 0.0216525, 0.336598, 0.00797895, 0.0320885, 0.00523459, 0, 1.01667, 0.65, 1.21667, 0.516667, 1.38333, 0.383333, 1.26437
1695, 1680, 0.5, 0.759267, 0.000527766, 0.00551419, 0.000430939, 0.0054498, 0.0917275, 0.00496288, 0.00703347, 0.125723, 0, 0, 0, 0, 0, 0, 0.0368176, 0.0564897, 0.000946097, 0.0238934, 0.0443484, 0.0180158, 0.297505, 0.00703108, 0.028314, 0.00453558, 0, 0.916667, 0.583333, 1.08333, 0.45, 1.28333, 0.316667, -1.70078
1717.5, 1710, 0.733333, 0.708656, 0.000562314, 0.00554408, 0.000415707, 0.00547215, 0.0914013, 0.0050424, 0.00717896, 0.119083, 0, 0, 0, 0, 0, 0, 0.0333409, 0.0458134, 0.000844417, 0.0201951, 0.0323339, 0.0143813, 0.288797, 0.00683076, 0.0271963, 0.00422341, 0, 0.9, 0.433333, 1.16667, 0.3, 1.43333, 0.1, 0.161984
1730, 1725, 1.2, 1.57078, 0.000411166, 0.0040926, 0.000318208, 0.00551334, 0.0923798, 0.00509453, 0.00723343, 0.116161, 0, 0, 0, 0, 0, 0, 0.0312242, 0.0411113, 0.000816156, 0.0176834, 0.0284029, 0.0129487, 1.07025, 0.0268924, 0.0997237, 0.0105273, 0, 1.95, 1.15, 2.35, 0.75, 2.85, 0.45, -0.931062
1747.5, 1735, 0.8, 0.633795, 0.000335181, 0.00342954, 0.000274016, 0.00553461, 0.0942324, 0.00509743, 0.00731531, 0.113139, 0, 0, 0, 0, 0, 0, 0.0297041, 0.0359426, 0.000754544, 0.0173123, 0.0300307, 0.0118431, 0.246051, 0.00574904, 0.0231815, 0.00386827, 0, 0.78, 0.46, 0.98, 0.34, 1.14, 0.18, 1.03888
1765, 1760, 2.2, 2.2549, 0.000145335, 0.00157106, 0.000125565, 0.0056104, 0.0944395, 0.0051801, 0.0074261, 0.110249, 0, 0, 0, 0, 0, 0, 0.0267166, 0.0328287, 0.000712665, 0.0162066, 0.021759, 0.0108827, 1.69111, 0.0373706, 0.158548, 0.0340153, 0, 2.75, 1.75, 3.25, 1.35, 3.75, 0.95, -0.0814326
1801, 1770, 0.774194, 0.46535, 0.000177916, 0.00178769, 0.000144959, 0.005884, 0.0993353, 0.00542507, 0.00755218, 0.104837, 0, 0, 0, 0, 0, 0, 0.0239496, 0.0289957, 0.000626996, 0.0136928, 0.0196908, 0.00924667, 0.127268, 0.00303056, 0.0120066, 0.00169742, 0, 0.556452, 0.379032, 0.653226, 0.298387, 0.733871, 0.217742, 3.15506
1837.5, 1832, 0.545455, 0.702878, 0.000273054, 0.00279525, 0.000215745, 0.00559705, 0.095856, 0.00523927, 0.00752287, 0.0999874, 0, 0, 0, 0, 0, 0, 0.0308084, 0.118472, 0.000921895, 0.046575, 0.0937705, 0.0280029, 0.147136, 0.00337039, 0.0139983, 0.00233595, 0, 0.954545, 0.409091, 1.22727, 0.227273, 1.59091, 0.0454545, -0.583852
1848, 1843, 0.8, 0.850544, 0.000148565, 0.00158, 0.000124547, 0.00567675, 0.0972758, 0.00532312, 0.00757901, 0.0987946, 0, 0, 0, 0, 0, 0, 0.019182, 0.0172441, 0.000563615, 0.00950433, 0.0139523, 0.00578338, 0.502657, 0.0123928, 0.0468604, 0.00590153, 0, 1.15, 0.55, 1.45, 0.25, 1.85, 0.05, -0.117951
2026.5, 1853, 0.37464, 0.363216, 5.45007e-05, 0.000556993, 4.4419e-05, 0.00652027, 0.111233, 0.00612184, 0.00858265, 0.0858827, 0, 0, 0, 0, 0, 0, 0.0137137, 0.0110033, 0.000353735, 0.00707666, 0.00618922, 0.00384571, 0.0900355, 0.0021327, 0.00848251, 0.00138609, 0, 0.396254, 0.329971, 0.427954, 0.298271, 0.459654, 0.266571, 0.353096
2204, 2200, 1.25, 0.939632, 0, 0, 0, 0.00771759, 0.130058, 0.00716003, 0.00963281, 0.0789659, 0, 0, 0, 0, 0, 0, 0.00736187, 0.0071662, 0.000231571, 0.00444924, 0.00415248, 0.00240974, 0.597709, 0.0132237, 0.0561263, 0.0132682, 0, 1.3125, 0.5625, 1.6875, 0.3125, 2.0625, 0.0625, 0.913092
2409, 2208, 0.291045, 0.287517, 0, 0, 0, 0.00956674, 0.161514, 0.00888722, 0.0110367, 0.0595299, 0, 0, 0, 0, 0, 0, 0.00522998, 0.004502, 0.000139392, 0.00269771, 0.00233448, 0.00152184, 0.018144, 0.000427901, 0.00170145, 0.000284009, 0, 0.314677, 0.25995, 0.34204, 0.232587, 0.366915, 0.207711, 0.131916
2615, 2610, 1.8, 1.28279, 0, 0, 0, 0.0608548, 1.01026, 0.0636199, 0.139895, 6.58324e-06, 0, 0, 0, 0, 0, 0, 0.00088836, 0.00187075, 6.54735e-05, 0.00132531, 0.000996594, 0.00038694, 0.0023212, 5.31195e-05, 0.000225101, 2.3917e-05, 0, 1.65, 0.85, 2.05, 0.55, 2.45, 0.35, 1.39781
2905, 2620, 0.0912281, 0.123466, 0, 0, 0, 0.00633374, 0.106238, 0.00506468, 0.00146003, 2.30991e-07, 0, 0, 0, 0, 0, 0, 0.000604939, 0.00108307, 1.90296e-05, 0.000357401, 0.000617772, 0.000259536, 0.00126133, 3.20973e-05, 0.000118463, 1.49856e-05, 0, 0.139474, 0.107895, 0.153509, 0.0938596, 0.167544, 0.0780702, -2.19042
3197.5, 3190, 0.133333, 0.394152, 0, 0, 0, 0.0220607, 0.352291, 0.0159062, 0.00198591, 0, 0, 0, 0, 0, 0, 0, 0.000504501, 0.000744279, 2.61492e-06, 0.000176707, 0.000221465, 0.00025796, 0, 0, 1.06055e-07, 1.13891e-07, 0, 0.566667, 0.233333, 0.766667, 0.1, 0.966667, 0, -1.77157
3602.5, 3205, 0.0113208, 0.00742449, 0, 0, 0, 0.000320631, 0.00615616, 0.000229178, 2.38795e-05, 0, 0, 0, 0, 0, 0, 0, 0.000165132, 0.000196222, 8.76699e-07, 7.1445e-05, 0.000190126, 7.08348e-05, 0, 0, 0, 0, 0, 0.0106918, 0.00440252, 0.0144654, 0.00188679, 0.018239, 0, 1.2359
4025.22, 4000, 0, 9.94186e-06, 0, 0, 0, 4.06911e-07, 9.26119e-06, 2.72158e-07, 1.60341e-09, 0, 0, 0, 0, 0, 0, 0, 0, 0, 0, 0, 0, 0, 0, 0, 0, 0, 0, 0.000628931, 0, 0.000628931, 0, 0.00188679, 0, -0.277761
