xunit, xunit_low, fitted_data, total_model, Ac228_holders, Co60_cables, K40_close, K40_far, K42_close_coax, K42_far, K42_inside_ms, Th228_cables, U238_cables, 1sig_p, 1sig_m, 2sig_p, 2sig_m, 3sig_p, 3sig_m, norm_pois_res
7.5, 0, 0, 0, 0, 0, 0, 0, 0, 0, 0, 0, 0, 0.5, 0, 0.5, 0, 0.5, 0, 0
22.5, 15, 0, 0, 0, 0, 0, 0, 0, 0, 0, 0, 0, 0.5, 0, 0.5, 0, 0.5, 0, 0
37.5, 30, 0, 0, 0, 0, 0, 0, 0, 0, 0, 0, 0, 0.5, 0, 0.5, 0, 0.5, 0, 0
52.5, 45, 0, 0, 0, 0, 0, 0, 0, 0, 0, 0, 0, 0.5, 0, 0.5, 0, 0.5, 0, 0
67.5, 60, 0, 0, 0, 0, 0, 0, 0, 0, 0, 0, 0, 0.5, 0, 0.5, 0, 0.5, 0, 0
82.5, 75, 3, 0.0695489, 0.00236496, 0, 0.00275014, 0, 0, 0.0136275, 0.000317762, 0.00128452, 0.049204, 0.5, 0, 1.5, 0, 1.5, 0, 0.472979
97.5, 90, 7, 0.348449, 0.0124995, 6.03685e-05, 0.0110005, 0.00779141, 0.00233879, 0.0649928, 0.000635524, 0.0036877, 0.245443, 0.5, 0, 2.5, 0, 3.5, 0, 0.852422
112.5, 105, 7, 0.694486, 0.0252806, 9.05527e-05, 0.020626, 0.00584356, 0.0128633, 0.154096, 0.0033365, 0.0080729, 0.464277, 1.5, 0, 2.5, 0, 4.5, 0, 1.16543
127.5, 120, 14, 1.20613, 0.0437407, 0.00021129, 0.030939, 0.0331135, 0.0292349, 0.251585, 0.00270098, 0.0137114, 0.800893, 2.5, 0, 3.5, 0, 5.5, 0, 1.51054
142.5, 135, 43, 2.00101, 0.0710452, 0.000226382, 0.0666908, 0.0584356, 0.0315737, 0.399391, 0.00508419, 0.0225646, 1.346, 3.5, 0.5, 5.5, 0, 7.5, 0, 1.93139
157.5, 150, 59, 2.93589, 0.106668, 0.000422579, 0.0921296, 0.0486963, 0.0514534, 0.572356, 0.00587859, 0.0326434, 2.02565, 4.5, 0.5, 6.5, 0, 9.5, 0, 2.30797
172.5, 165, 64, 4.00324, 0.152692, 0.000558408, 0.121006, 0.066227, 0.0678249, 0.732741, 0.0074674, 0.0457267, 2.809, 5.5, 1.5, 8.5, 0.5, 10.5, 0, 2.57919
187.5, 180, 75, 5.29372, 0.204743, 0.000739514, 0.144382, 0.103236, 0.094721, 0.942395, 0.0112805, 0.0612889, 3.73093, 7.5, 2.5, 10.5, 0.5, 13.5, 0, 3.15695
202.5, 195, 89, 7.99737, 0.401576, 0.00101117, 0.213823, 0.134402, 0.100568, 1.43299, 0.0142993, 0.089026, 5.60968, 10.5, 4.5, 14.5, 2.5, 17.5, 0.5, 3.23992
217.5, 210, 133, 12.3746, 0.437748, 0.00149412, 0.327954, 0.231794, 0.175409, 2.1804, 0.0243088, 0.138651, 8.85681, 15.5, 8.5, 19.5, 5.5, 23.5, 2.5, 3.3188
232.5, 225, 136, 17.905, 0.557249, 0.00239965, 0.499837, 0.315552, 0.216338, 3.05885, 0.0309818, 0.187126, 13.0367, 22.5, 13.5, 26.5, 9.5, 31.5, 6.5, 3.38012
247.5, 240, 155, 26.0865, 0.708058, 0.00322971, 0.634594, 0.405153, 0.25142, 3.65113, 0.037337, 0.243523, 20.1521, 31.5, 20.5, 36.5, 15.5, 42.5, 11.5, 3.43871
262.5, 255, 144, 24.8917, 0.939387, 0.00407487, 0.776913, 0.504494, 0.292349, 4.46144, 0.0411502, 0.310132, 17.5618, 29.5, 19.5, 35.5, 15.5, 40.5, 10.5, 3.43159
277.5, 270, 150, 29.7179, 1.10462, 0.00445217, 0.909608, 0.557086, 0.359004, 4.87655, 0.0544962, 0.404287, 21.4478, 34.5, 23.5, 40.5, 18.5, 47.5, 14.5, 3.45826
292.5, 285, 142, 66.1795, 1.26169, 0.00559918, 1.00311, 0.65253, 0.401102, 5.49923, 0.0605336, 0.866657, 56.429, 74.5, 57.5, 82.5, 49.5, 90.5, 41.5, 9.3202
307.5, 300, 145, 29.8373, 1.49323, 0.00623304, 1.18806, 0.687592, 0.42566, 6.19318, 0.0651412, 0.369084, 19.4091, 35.5, 24.5, 41.5, 19.5, 47.5, 14.5, 3.45886
322.5, 315, 160, 33.7407, 1.93419, 0.00753097, 1.27263, 0.81615, 0.429168, 6.34204, 0.0619636, 0.725564, 22.1515, 39.5, 27.5, 45.5, 21.5, 52.5, 17.5, 3.47701
337.5, 330, 124, 40.4588, 5.33234, 0.00833085, 1.36407, 0.831733, 0.461911, 6.50976, 0.0649823, 0.415022, 25.4706, 46.5, 33.5, 53.5, 27.5, 60.5, 22.5, 3.50334
352.5, 345, 111, 125.991, 0.634677, 0.00834594, 1.47476, 0.880429, 0.451386, 6.60306, 0.0686366, 0.403055, 115.466, 137.5, 114.5, 148.5, 103.5, 159.5, 92.5, -1.33554
367.5, 360, 76, 11.4191, 0.658987, 0.00786299, 1.4287, 0.886273, 0.44437, 6.4238, 0.0745151, 0.44166, 1.05291, 14.5, 7.5, 18.5, 4.5, 22.5, 2.5, 3.30486
382.5, 375, 58, 11.5051, 0.704225, 0.00932693, 1.48026, 0.800567, 0.454895, 6.37558, 0.0681599, 0.458114, 1.15396, 14.5, 7.5, 18.5, 4.5, 22.5, 2.5, 3.30617
397.5, 390, 53, 11.7079, 0.728379, 0.00885907, 1.5387, 0.923282, 0.410458, 6.25398, 0.0602159, 0.500599, 1.28341, 14.5, 7.5, 18.5, 4.5, 22.5, 2.5, 3.30922
412.5, 405, 49, 11.7846, 0.783648, 0.0100664, 1.49401, 0.964187, 0.394086, 6.23197, 0.0616458, 0.524523, 1.32051, 14.5, 7.5, 18.5, 4.5, 23.5, 2.5, 3.31036
427.5, 420, 37, 11.6876, 0.755728, 0.00864778, 1.52976, 0.934969, 0.375376, 6.08416, 0.0664122, 0.600901, 1.33169, 14.5, 7.5, 18.5, 4.5, 22.5, 2.5, 3.30892
442.5, 435, 23, 11.6144, 0.781638, 0.00873834, 1.52633, 0.919386, 0.359004, 6.0003, 0.061328, 0.61338, 1.34433, 14.5, 7.5, 18.5, 4.5, 22.5, 2.5, 2.89169
457.5, 450, 20, 12.3172, 0.90091, 0.00964386, 1.53664, 0.938865, 0.368359, 5.83048, 0.0581504, 1.25195, 1.42218, 15.5, 8.5, 19.5, 5.5, 23.5, 2.5, 2.03552
472.5, 465, 29, 11.7687, 0.807698, 0.00925147, 1.56827, 0.923282, 0.350818, 5.57365, 0.0621224, 0.535374, 1.93828, 14.5, 7.5, 18.5, 4.5, 23.5, 2.5, 3.30398
487.5, 480, 21, 12.2747, 0.797481, 0.00955331, 1.58477, 1.03041, 0.334447, 5.6051, 0.0649823, 0.579511, 2.26849, 15.5, 8.5, 19.5, 5.5, 23.5, 2.5, 2.28114
502.5, 495, 17, 11.0712, 0.833341, 0.00962877, 1.60814, 1.00899, 0.342633, 5.51705, 0.0592626, 0.537385, 1.15482, 14.5, 7.5, 18.5, 4.5, 22.5, 2.5, 1.68711
517.5, 510, 27, 11.1789, 0.831214, 0.00946276, 1.63358, 1.01288, 0.294687, 5.54116, 0.0614869, 0.604708, 1.18976, 14.5, 7.5, 18.5, 4.5, 22.5, 2.5, 3.28537
532.5, 525, 13, 12.4795, 0.85513, 0.0102325, 1.64389, 1.10833, 0.299365, 5.22143, 0.062758, 0.609131, 2.66926, 16.5, 8.5, 19.5, 5.5, 24.5, 3.5, 0.191534
547.5, 540, 11, 11.0169, 0.899857, 0.0100966, 1.63633, 1.08885, 0.294687, 5.32836, 0.0624402, 0.67945, 1.01681, 14.5, 7.5, 18.5, 4.5, 22.5, 2.5, 0.0439061
562.5, 555, 12, 10.8133, 0.946348, 0.0108965, 1.62327, 1.00314, 0.263114, 5.13653, 0.057356, 0.745063, 1.0276, 13.5, 6.5, 17.5, 4.5, 21.5, 1.5, 0.40172
577.5, 570, 20, 13.6157, 0.935279, 0.010323, 1.71333, 1.07716, 0.286502, 5.03904, 0.0556083, 2.82641, 1.67207, 17.5, 9.5, 21.5, 6.5, 25.5, 3.5, 1.65029
592.5, 585, 14, 10.8718, 0.958974, 0.0111531, 1.68171, 1.11028, 0.258436, 4.95727, 0.0562438, 0.697853, 1.13985, 14.5, 7.5, 17.5, 4.5, 21.5, 1.5, 0.951468
607.5, 600, 13, 12.6939, 1.00926, 0.0110776, 1.70577, 1.10833, 0.275977, 5.04008, 0.0579915, 0.577285, 2.90811, 16.5, 8.5, 20.5, 5.5, 24.5, 3.5, 0.130743
622.5, 615, 21, 11.0203, 1.06983, 0.0116209, 1.80478, 1.16287, 0.23271, 4.98767, 0.0646645, 0.621755, 1.06444, 14.5, 7.5, 18.5, 4.5, 22.5, 2.5, 2.66208
637.5, 630, 8, 11.1271, 1.10831, 0.0115002, 1.82059, 1.22325, 0.229201, 4.83462, 0.0522718, 0.662221, 1.18514, 14.5, 7.5, 18.5, 4.5, 22.5, 2.5, -0.932177
652.5, 645, 18, 11.3441, 1.18363, 0.0114398, 1.83778, 1.2252, 0.230371, 4.79793, 0.0591037, 0.689734, 1.30891, 14.5, 7.5, 18.5, 4.5, 22.5, 2.5, 1.85292
667.5, 660, 23, 11.5131, 1.2694, 0.0113644, 1.83503, 1.2213, 0.218677, 4.76124, 0.0578327, 0.740855, 1.39737, 14.5, 7.5, 18.5, 4.5, 22.5, 2.5, 2.91712
682.5, 675, 11, 11.8263, 1.40394, 0.0131452, 1.83159, 1.31285, 0.216338, 4.7277, 0.0586271, 0.806053, 1.45609, 14.5, 7.5, 19.5, 5.5, 23.5, 2.5, -0.194446
697.5, 690, 13, 12.1938, 1.47373, 0.0129943, 1.88041, 1.28363, 0.235048, 4.81156, 0.0562438, 0.886801, 1.55336, 15.5, 8.5, 19.5, 5.5, 23.5, 2.5, 0.27366
712.5, 705, 11, 12.1586, 1.60009, 0.012949, 1.88866, 1.23299, 0.213999, 4.53272, 0.0510008, 0.991949, 1.63423, 15.5, 8.5, 19.5, 5.5, 23.5, 2.5, -0.289166
727.5, 720, 11, 18.18, 1.78907, 0.0132358, 2.02754, 1.37908, 0.191781, 4.66795, 0.056085, 6.39784, 1.65747, 22.5, 13.5, 26.5, 9.5, 32.5, 6.5, -1.77477
742.5, 735, 17, 12.0815, 1.9336, 0.0134018, 1.99591, 1.34791, 0.199967, 4.6669, 0.060057, 0.214048, 1.64969, 15.5, 8.5, 19.5, 5.5, 23.5, 2.5, 1.37097
757.5, 750, 11, 12.4326, 2.17669, 0.0138847, 2.02479, 1.41998, 0.224524, 4.58199, 0.0537017, 0.219663, 1.71741, 15.5, 8.5, 19.5, 5.5, 23.5, 2.5, -0.36602
772.5, 765, 22, 13.4708, 2.5122, 0.0148356, 2.10454, 1.42972, 0.175409, 4.6365, 0.053384, 0.224731, 2.31947, 17.5, 9.5, 21.5, 6.5, 25.5, 3.5, 2.1529
787.5, 780, 12, 18.1828, 2.97094, 0.0150619, 2.14098, 1.40245, 0.19295, 4.44991, 0.0576738, 0.315451, 6.63735, 22.5, 13.5, 26.5, 9.5, 32.5, 6.5, -1.50303
802.5, 795, 10, 12.3617, 2.81482, 0.0148808, 2.16504, 1.50959, 0.196458, 4.46983, 0.0591037, 0.222615, 0.909345, 15.5, 8.5, 19.5, 5.5, 23.5, 2.5, -0.644694
817.5, 810, 11, 12.4201, 2.93019, 0.0166617, 2.16573, 1.45894, 0.191781, 4.43209, 0.0651412, 0.247637, 0.911941, 15.5, 8.5, 19.5, 5.5, 23.5, 2.5, -0.362533
832.5, 825, 19, 16.8557, 3.6471, 0.0170692, 2.14304, 1.54465, 0.203475, 4.46878, 0.0535429, 0.247063, 4.53098, 21.5, 12.5, 25.5, 8.5, 30.5, 5.5, 0.54927
847.5, 840, 10, 13.3654, 3.0675, 0.0171748, 2.27299, 1.6732, 0.196458, 4.46039, 0.0581504, 0.264889, 1.3546, 17.5, 9.5, 21.5, 6.5, 25.5, 3.5, -0.914194
862.5, 855, 12, 13.3382, 3.14392, 0.0194688, 2.33899, 1.66152, 0.19412, 4.61239, 0.0557672, 0.997894, 0.314092, 17.5, 9.5, 21.5, 6.5, 25.5, 3.5, -0.326291
877.5, 870, 23, 12.883, 3.48816, 0.0193179, 2.37337, 1.74138, 0.190611, 4.54635, 0.0592626, 0.160449, 0.30408, 16.5, 8.5, 20.5, 5.5, 24.5, 3.5, 2.5424
892.5, 885, 13, 13.1379, 3.60977, 0.0205253, 2.42081, 1.73359, 0.17307, 4.61763, 0.0591037, 0.195644, 0.30778, 16.5, 8.5, 20.5, 5.5, 25.5, 3.5, 0.00694938
907.5, 900, 27, 27.5554, 17.8472, 0.0214006, 2.52806, 1.80176, 0.166054, 4.65432, 0.0610103, 0.179587, 0.296026, 32.5, 21.5, 38.5, 17.5, 44.5, 12.5, -0.0748582
922.5, 915, 11, 11.846, 2.05848, 0.0250227, 2.62844, 1.93227, 0.157868, 4.49603, 0.0632346, 0.162697, 0.321928, 15.5, 8.5, 19.5, 5.5, 23.5, 2.5, -0.200093
937.5, 930, 14, 11.9458, 2.2631, 0.0260792, 2.63601, 1.7706, 0.163715, 4.48031, 0.0630757, 0.166623, 0.376345, 15.5, 8.5, 19.5, 5.5, 23.5, 2.5, 0.622103
952.5, 945, 15, 12.616, 2.37547, 0.0282223, 2.88421, 2.07446, 0.167223, 4.517, 0.0684777, 0.188369, 0.312569, 16.5, 8.5, 20.5, 5.5, 24.5, 3.5, 0.693758
967.5, 960, 11, 22.7626, 12.5309, 0.0306823, 2.92683, 2.00434, 0.180087, 4.49603, 0.0592626, 0.171426, 0.363067, 27.5, 17.5, 32.5, 13.5, 38.5, 9.5, -2.7278
982.5, 975, 16, 11.6191, 1.12233, 0.0356325, 2.97702, 2.23224, 0.187103, 4.50337, 0.0645056, 0.166038, 0.330853, 14.5, 7.5, 18.5, 4.5, 22.5, 2.5, 1.25513
997.5, 990, 12, 11.4796, 0.854196, 0.0380925, 3.13172, 2.09978, 0.17424, 4.60191, 0.0646645, 0.177787, 0.337165, 14.5, 7.5, 18.5, 4.5, 22.5, 2.5, 0.199519
1012.5, 1005, 16, 12.044, 0.928281, 0.041941, 3.20047, 2.2673, 0.182426, 4.83777, 0.0649823, 0.175856, 0.345001, 15.5, 8.5, 19.5, 5.5, 23.5, 2.5, 1.12518
1027.5, 1020, 16, 12.1029, 0.943042, 0.0465441, 3.34554, 2.34132, 0.195289, 4.62811, 0.0689543, 0.165576, 0.368509, 15.5, 8.5, 19.5, 5.5, 23.5, 2.5, 1.10742
1042.5, 1035, 13, 12.5431, 0.994396, 0.0503624, 3.43698, 2.40755, 0.204644, 4.85454, 0.0670477, 0.169512, 0.358061, 16.5, 8.5, 19.5, 5.5, 24.5, 3.5, 0.173436
1057.5, 1050, 15, 13.3877, 1.41509, 0.0538034, 3.70718, 2.63155, 0.176579, 4.80527, 0.0705431, 0.167482, 0.360238, 17.5, 9.5, 21.5, 6.5, 25.5, 3.5, 0.474417
1072.5, 1065, 22, 13.8056, 1.36251, 0.0577424, 3.83369, 2.88672, 0.187103, 4.80527, 0.0716553, 0.214783, 0.38614, 17.5, 9.5, 21.5, 6.5, 25.5, 3.5, 2.05622
1087.5, 1080, 18, 14.0246, 0.75919, 0.0612438, 4.02207, 2.95294, 0.177748, 4.98033, 0.0722908, 0.619624, 0.379174, 17.5, 9.5, 21.5, 6.5, 26.5, 3.5, 1.05475
1102.5, 1095, 17, 14.7586, 1.1004, 0.0636133, 4.45453, 3.16721, 0.206983, 5.04847, 0.077375, 0.239308, 0.400723, 18.5, 10.5, 22.5, 6.5, 27.5, 4.5, 0.60918
1117.5, 1110, 26, 16.3513, 1.86663, 0.0678089, 4.80586, 3.37758, 0.222185, 5.02122, 0.0824592, 0.129398, 0.778157, 20.5, 11.5, 24.5, 8.5, 29.5, 5.5, 2.21789
1132.5, 1125, 17, 15.5608, 0.525303, 0.0750833, 5.23832, 3.59768, 0.23154, 5.3011, 0.0856368, 0.123884, 0.382222, 19.5, 11.5, 23.5, 7.5, 28.5, 4.5, 0.399064
1147.5, 1140, 13, 16.2848, 0.598046, 0.0836556, 5.6089, 3.67365, 0.209322, 5.47407, 0.0829358, 0.12763, 0.426626, 20.5, 11.5, 24.5, 8.5, 29.5, 5.5, -0.799971
1162.5, 1155, 23, 17.5462, 0.808921, 0.103426, 6.24006, 4.13334, 0.187103, 5.41851, 0.0883378, 0.126207, 0.440339, 21.5, 12.5, 26.5, 9.5, 31.5, 6.5, 1.27544
1177.5, 1170, 25, 19.1447, 0.474431, 0.60133, 6.91728, 4.56577, 0.23154, 5.66485, 0.0935809, 0.137042, 0.45884, 23.5, 14.5, 28.5, 10.5, 33.5, 7.5, 1.30945
1192.5, 1185, 23, 19.8572, 0.412919, 0.0398885, 7.69419, 4.85794, 0.235048, 5.91644, 0.0978706, 0.135105, 0.467765, 24.5, 15.5, 29.5, 11.5, 34.5, 7.5, 0.721856
1207.5, 1200, 24, 21.5868, 0.419755, 0.0442652, 8.70212, 5.41113, 0.254928, 6.03175, 0.102796, 0.132698, 0.487355, 26.5, 16.5, 31.5, 12.5, 36.5, 8.5, 0.543508
1222.5, 1215, 20, 23.567, 0.428251, 0.0509963, 9.87299, 5.83966, 0.286502, 6.31373, 0.103749, 0.139342, 0.531758, 28.5, 18.5, 33.5, 13.5, 39.5, 10.5, -0.718848
1237.5, 1230, 30, 26.5105, 0.573166, 0.0535317, 11.4536, 6.59737, 0.30872, 6.56427, 0.112011, 0.138885, 0.708939, 31.5, 20.5, 37.5, 16.5, 43.5, 12.5, 0.693422
1252.5, 1245, 26, 29.6921, 0.671145, 0.0534865, 13.2144, 7.62195, 0.340294, 6.97729, 0.119478, 0.151243, 0.542859, 34.5, 23.5, 40.5, 18.5, 47.5, 14.5, -0.660939
1267.5, 1260, 35, 32.5062, 0.417108, 0.0578481, 15.2296, 8.26668, 0.378884, 7.30225, 0.13346, 0.157742, 0.562667, 38.5, 26.5, 44.5, 21.5, 50.5, 16.5, 0.459594
1282.5, 1275, 35, 37.1521, 0.556656, 0.063402, 17.9199, 9.42566, 0.38707, 7.86622, 0.145058, 0.168625, 0.619478, 43.5, 30.5, 49.5, 24.5, 56.5, 19.5, -0.329176
1297.5, 1290, 28, 41.1199, 0.415611, 0.0687144, 20.4363, 10.3957, 0.456064, 8.39455, 0.160629, 0.176621, 0.615778, 47.5, 34.5, 54.5, 28.5, 61.5, 23.5, -2.14775
1312.5, 1305, 31, 45.8023, 0.442774, 0.0740117, 23.2256, 11.4651, 0.456064, 9.11157, 0.182078, 0.187619, 0.65757, 52.5, 38.5, 59.5, 32.5, 67.5, 26.5, -2.30313
1327.5, 1320, 34, 51.1345, 0.448579, 0.543739, 26.0541, 12.3669, 0.54026, 10.1273, 0.198442, 0.188858, 0.666276, 58.5, 43.5, 65.5, 36.5, 72.5, 29.5, -2.39615
1342.5, 1335, 37, 54.4481, 0.554194, 0.0480533, 27.9854, 13.4226, 0.612763, 10.6557, 0.212583, 0.240271, 0.716557, 62.5, 46.5, 69.5, 39.5, 76.5, 32.5, -2.3646
1357.5, 1350, 50, 56.658, 0.523724, 0.0287052, 28.8187, 13.5882, 0.684096, 11.8496, 0.24134, 0.199872, 0.72374, 64.5, 48.5, 72.5, 41.5, 79.5, 33.5, -0.884534
1372.5, 1365, 38, 61.4363, 1.53764, 0.0309992, 28.6447, 13.7265, 0.756598, 12.8528, 0.271051, 0.215973, 3.39995, 69.5, 53.5, 77.5, 45.5, 85.5, 37.5, -2.99004
1387.5, 1380, 33, 58.2326, 0.454303, 0.0389377, 28.4165, 13.7674, 0.843134, 13.4787, 0.29679, 0.23169, 0.705238, 66.5, 50.5, 73.5, 42.5, 81.5, 35.5, -3.30658
1402.5, 1395, 49, 59.9949, 0.470108, 0.0412618, 28.5705, 14.5154, 0.930838, 14.2806, 0.319192, 0.24124, 0.62579, 68.5, 51.5, 75.5, 44.5, 83.5, 36.5, -1.41949
1417.5, 1410, 57, 61.4096, 0.500527, 0.0407034, 28.9383, 14.8952, 0.892248, 14.8163, 0.316332, 0.252572, 0.757478, 69.5, 53.5, 77.5, 45.5, 85.5, 37.5, -0.562711
1432.5, 1425, 46, 64.9654, 0.903868, 0.0405223, 30.5581, 16.2704, 0.953057, 15.0762, 0.346043, 0.266041, 0.551131, 73.5, 56.5, 81.5, 48.5, 89.5, 40.5, -2.353
1447.5, 1440, 57, 69.5794, 0.560363, 0.043088, 33.5379, 18.1403, 1.02439, 15.0542, 0.361931, 0.289486, 0.567673, 78.5, 60.5, 86.5, 52.5, 94.5, 44.5, -1.50806
1462.5, 1455, 475, 514.122, 1.01349, 0.0432087, 315.439, 179.715, 1.04193, 15.5668, 0.390053, 0.30068, 0.612077, 537.5, 490.5, 559.5, 468.5, 581.5, 446.5, -1.7254
1477.5, 1470, 27, 19.1294, 0.75618, 0.0433747, 0, 0, 1.04778, 15.8698, 0.439782, 0.334773, 0.637762, 23.5, 14.5, 28.5, 10.5, 33.5, 7.5, 1.72253
1492.5, 1485, 16, 20.5806, 0.859719, 0.0422127, 0, 0, 1.12028, 17.0239, 0.487129, 0.354085, 0.693267, 25.5, 15.5, 30.5, 11.5, 35.5, 8.5, -1.01178
1507.5, 1500, 23, 23.7226, 0.6488, 0.0409147, 0, 0, 1.32025, 18.8144, 0.571971, 1.51132, 0.814942, 28.5, 18.5, 33.5, 13.5, 39.5, 10.5, -0.115239
1522.5, 1515, 187, 199.824, 0.451159, 0.0412618, 0, 0, 12.4412, 180.037, 5.72035, 0.339117, 0.793393, 214.5, 185.5, 228.5, 171.5, 242.5, 157.5, -0.907177
1537.5, 1530, 1, 2.63091, 0.555773, 0.0405978, 0, 0, 0.0608085, 0.134179, 0.047982, 0.277923, 1.51365, 4.5, 0.5, 6.5, 0, 8.5, 0, -1.06054
1552.5, 1545, 4, 2.01156, 0.577681, 0.046046, 0, 0, 0.0573003, 0.0566066, 0.0432156, 0.288212, 0.942495, 3.5, 0.5, 5.5, 0, 7.5, 0, 1.17581
1567.5, 1560, 3, 1.90462, 0.489191, 0.043752, 0, 0, 0.0491146, 0.0817651, 0.0548139, 0.307269, 0.878718, 3.5, 0.5, 4.5, 0, 7.5, 0, 0.728383
1582.5, 1575, 4, 4.25396, 2.70036, 0.043737, 0, 0, 0.0689943, 0.0807168, 0.0581504, 0.331217, 0.970791, 6.5, 1.5, 8.5, 0.5, 11.5, 0, -0.0488479
1597.5, 1590, 4, 2.09331, 0.419139, 0.0425296, 0, 0, 0.0993986, 0.0702341, 0.0622813, 0.352973, 1.04676, 3.5, 0.5, 5.5, 0, 7.5, 0, 1.1237
1612.5, 1605, 3, 2.96032, 0.252347, 0.0396319, 0, 0, 0.107584, 0.0587031, 0.0586271, 1.34117, 1.10226, 4.5, 0.5, 6.5, 0, 9.5, 0, 0.0927137
1627.5, 1620, 5, 5.09125, 1.4346, 0.0385151, 0, 0, 0.111093, 0.0765237, 0.0557672, 2.21938, 1.15537, 7.5, 2.5, 9.5, 0.5, 12.5, 0, 0.0272704
1642.5, 1635, 4, 2.01933, 0.428859, 0.0389829, 0, 0, 0.120448, 0.077572, 0.0541784, 0.0784009, 1.22089, 3.5, 0.5, 5.5, 0, 7.5, 0, 1.17086
1657.5, 1650, 1, 2.08182, 0.0964815, 0.0374737, 0, 0, 0.108754, 0.0838616, 0.0541784, 0.0899103, 1.61117, 3.5, 0.5, 5.5, 0, 7.5, 0, -0.766968
1672.5, 1665, 0, 2.06949, 0.271726, 0.0355721, 0, 0, 0.104076, 0.0911995, 0.050683, 0.247244, 1.26899, 3.5, 0.5, 5.5, 0, 7.5, 0, -1.99905
1687.5, 1680, 3, 1.84487, 0.109789, 0.0362362, 0, 0, 0.100568, 0.0807168, 0.0498886, 0.153401, 1.31427, 3.5, 0.5, 4.5, 0, 6.5, 0, 0.761038
1702.5, 1695, 1, 1.7851, 0.0667379, 0.0346817, 0, 0, 0.111093, 0.0744272, 0.0406735, 0.0696483, 1.38784, 2.5, 0, 4.5, 0, 6.5, 0, -0.584128
1717.5, 1710, 1, 1.91398, 0.0837819, 0.0342138, 0, 0, 0.0841964, 0.0807168, 0.0392436, 0.0688197, 1.52301, 3.5, 0.5, 4.5, 0, 7.5, 0, -0.664522
1732.5, 1725, 4, 6.60547, 0.0676943, 0.0345308, 0, 0, 0.0736719, 0.089103, 0.036066, 0.0702286, 6.23418, 9.5, 3.5, 12.5, 1.5, 15.5, 0.5, -1.01801
1747.5, 1740, 2, 1.62335, 0.040108, 0.0336101, 0, 0, 0.0643167, 0.0817651, 0.0365426, 0.070802, 1.2962, 2.5, 0, 4.5, 0, 6.5, 0, 0.293092
1762.5, 1755, 11, 11.3981, 0.0302849, 0.0349533, 0, 0, 0.0608085, 0.089103, 0.0414679, 0.0723246, 11.0692, 14.5, 7.5, 18.5, 4.5, 22.5, 2.5, -0.0697503
1777.5, 1770, 0, 0.66178, 0.0186676, 0.0340478, 0, 0, 0.0549616, 0.0754755, 0.0347949, 0.0718408, 0.371991, 1.5, 0, 2.5, 0, 4.5, 0, -1.15922
1792.5, 1785, 2, 0.69349, 0.0238869, 0.0328555, 0, 0, 0.0537922, 0.089103, 0.0327295, 0.0871722, 0.37395, 1.5, 0, 2.5, 0, 4.5, 0, 0.832259
1807.5, 1800, 0, 1.26568, 0.0206916, 0.0342289, 0, 0, 0.0619779, 0.0943443, 0.0341594, 0.613895, 0.406383, 2.5, 0, 3.5, 0, 5.5, 0, -1.57564
1822.5, 1815, 1, 0.715282, 0.0475439, 0.0333083, 0, 0, 0.0514534, 0.0765237, 0.0352716, 0.0362842, 0.434897, 1.5, 0, 2.5, 0, 4.5, 0, 0.167133
1837.5, 1830, 2, 1.27628, 0.0444376, 0.0335045, 0, 0, 0.196458, 0.219089, 0.104067, 0.0372615, 0.641462, 2.5, 0, 3.5, 0, 5.5, 0, 0.528867
1852.5, 1845, 6, 3.02572, 0.0196536, 0.035391, 0, 0, 0.0397594, 0.0765237, 0.0252621, 0.0408254, 2.7883, 4.5, 0.5, 6.5, 0, 9.5, 0, 1.49301
1867.5, 1860, 2, 0.481653, 0.0200095, 0.0343497, 0, 0, 0.0257267, 0.0639445, 0.0270098, 0.0422309, 0.268382, 1.5, 0, 2.5, 0, 3.5, 0, 0.842373
1882.5, 1875, 2, 0.670862, 0.0495604, 0.0349383, 0, 0, 0.0222185, 0.0733789, 0.0251032, 0.0386014, 0.427061, 1.5, 0, 2.5, 0, 4.5, 0, 0.840437
1897.5, 1890, 2, 0.679069, 0.0187566, 0.0351344, 0, 0, 0.0339124, 0.0712824, 0.0225611, 0.0370578, 0.460364, 1.5, 0, 2.5, 0, 4.5, 0, 0.833802
1912.5, 1905, 2, 0.491378, 0.0161025, 0.0351344, 0, 0, 0.0187103, 0.119503, 0.0265331, 0.0390089, 0.236385, 1.5, 0, 2.5, 0, 3.5, 0, 0.840664
1927.5, 1920, 1, 0.935601, 0.0232938, 0.0352552, 0, 0, 0.0257267, 0.512604, 0.027963, 0.0356281, 0.27513, 1.5, 0, 3.5, 0, 4.5, 0, -0.00225655
1942.5, 1935, 1, 0.442407, 0.0173777, 0.0353156, 0, 0, 0.0222185, 0.0251585, 0.0198601, 0.0368989, 0.285578, 1.5, 0, 2.5, 0, 3.5, 0, 0.369556
1957.5, 1950, 1, 0.495724, 0.0665377, 0.0361305, 0, 0, 0.0140327, 0.0251585, 0.0220844, 0.0392368, 0.292543, 1.5, 0, 2.5, 0, 3.5, 0, 0.33675
1972.5, 1965, 0, 0.479219, 0.0127886, 0.0375643, 0, 0, 0.0128633, 0.0220137, 0.0204956, 0.037852, 0.335641, 1.5, 0, 2.5, 0, 3.5, 0, -0.998984
1987.5, 1980, 0, 0.606373, 0.00141601, 0.0388018, 0, 0, 0.0210491, 0.0303998, 0.02129, 0.0461124, 0.447304, 1.5, 0, 2.5, 0, 4.5, 0, -1.10416
2002.5, 1995, 0, 0.661907, 0.00289875, 0.0393602, 0, 0, 0.0128633, 0.0314481, 0.0206545, 0.036854, 0.517828, 1.5, 0, 2.5, 0, 4.5, 0, -1.15911
2017.5, 2010, 1, 1.26971, 0.00409235, 0.0410053, 0, 0, 0.0163715, 0.027255, 0.0198601, 0.045591, 1.11554, 2.5, 0, 3.5, 0, 5.5, 0, -0.241545
2032.5, 2025, 0, 0.439242, 0.00132705, 0.0402809, 0, 0, 0.0105246, 0.0230619, 0.0192246, 0.0457498, 0.299073, 1.5, 0, 2.5, 0, 3.5, 0, -0.96602
2047.5, 2040, 0, 0.492009, 0.000133446, 0.0413826, 0, 0, 0.0128633, 0.0209654, 0.0209723, 0.0441613, 0.351531, 1.5, 0, 2.5, 0, 3.5, 0, -1.00998
2062.5, 2055, 0, 0.489894, 0.000696885, 0.042273, 0, 0, 0.00818576, 0.0241102, 0.0189068, 0.0411431, 0.354578, 1.5, 0, 2.5, 0, 3.5, 0, -1.01115
2077.5, 2070, 0, 0.531815, 2.96547e-05, 0.0447481, 0, 0, 0.00935516, 0.0178206, 0.0162059, 0.043367, 0.400288, 1.5, 0, 2.5, 0, 3.5, 0, -1.04136
2092.5, 2085, 0, 0.568669, 3.70684e-05, 0.0463328, 0, 0, 0.00701637, 0.0209654, 0.0179535, 0.0432082, 0.433156, 1.5, 0, 2.5, 0, 3.5, 0, -1.07349
2107.5, 2100, 1, 0.644023, 2.96547e-05, 0.0443255, 0, 0, 0.00818576, 0.0293516, 0.0203368, 0.0522628, 0.489531, 1.5, 0, 2.5, 0, 4.5, 0, 0.226471
2122.5, 2115, 1, 1.85412, 0.000237238, 0.048989, 0, 0, 0.00935516, 0.0188689, 0.0166825, 0.0395546, 1.72043, 3.5, 0.5, 4.5, 0, 7.5, 0, -0.632257
2137.5, 2130, 0, 0.492756, 0, 0.0526111, 0, 0, 0.00818576, 0.0220137, 0.0177947, 0.0443202, 0.347831, 1.5, 0, 2.5, 0, 3.5, 0, -1.00956
2152.5, 2145, 1, 0.599665, 0, 0.053411, 0, 0, 0.00467758, 0.0188689, 0.0131871, 0.0465441, 0.462976, 1.5, 0, 2.5, 0, 4.5, 0, 0.253937
2167.5, 2160, 4, 0.530434, 0, 0.0544976, 0, 0, 0.0116939, 0.0209654, 0.014617, 0.0503566, 0.378304, 1.5, 0, 2.5, 0, 3.5, 0, 1.0294
2182.5, 2175, 1, 0.593678, 0, 0.0594177, 0, 0, 0.00818576, 0.0241102, 0.0142993, 0.0497212, 0.437944, 1.5, 0, 2.5, 0, 4.5, 0, 0.263989
2197.5, 2190, 3, 3.64783, 0, 0.0632058, 0, 0, 0.0128633, 0.0167723, 0.0176358, 0.0451144, 3.49224, 5.5, 1.5, 7.5, 0, 10.5, 0, -0.269255
2212.5, 2205, 3, 1.31048, 0, 0.0690163, 0, 0, 0.00350818, 0.0251585, 0.0150937, 0.053216, 1.14449, 2.5, 0, 3.5, 0, 5.5, 0, 1.05346
2227.5, 2220, 2, 0.266437, 0, 0.0747362, 0, 0, 0.00467758, 0.0251585, 0.0170003, 0.0508332, 0.0940318, 0.5, 0, 1.5, 0, 2.5, 0, 0.728733
2242.5, 2235, 1, 0.277888, 0, 0.0805617, 0, 0, 0.00584697, 0.027255, 0.0136638, 0.0554399, 0.0951201, 0.5, 0, 1.5, 0, 2.5, 0, 0.451063
2257.5, 2250, 0, 0.297113, 0, 0.0892397, 0, 0, 0.00350818, 0.0241102, 0.0155703, 0.0543279, 0.110357, 0.5, 0, 1.5, 0, 3.5, 0, -0.815215
2272.5, 2265, 1, 0.34086, 0, 0.101691, 0, 0, 0.00467758, 0.0251585, 0.0144582, 0.0527394, 0.142136, 0.5, 0, 2.5, 0, 3.5, 0, 0.426325
2287.5, 2280, 1, 0.598898, 0, 0.10892, 0, 0, 0.00584697, 0.0419308, 0.010645, 0.0578227, 0.373733, 1.5, 0, 2.5, 0, 4.5, 0, 0.253851
2302.5, 2295, 1, 0.378213, 0, 0.0967405, 0, 0, 0.00584697, 0.0408825, 0.0170003, 0.0621118, 0.155631, 0.5, 0, 2.5, 0, 3.5, 0, 0.40673
2317.5, 2310, 0, 0.330524, 0, 0.1008, 0, 0, 0.00116939, 0.0408825, 0.00937397, 0.0598878, 0.11841, 0.5, 0, 1.5, 0, 3.5, 0, -0.85517
2332.5, 2325, 0, 0.343719, 0, 0.104558, 0, 0, 0.00584697, 0.0335447, 0.0154114, 0.0611586, 0.123199, 0.5, 0, 2.5, 0, 3.5, 0, -0.867601
2347.5, 2340, 0, 0.362649, 0, 0.110972, 0, 0, 0.00584697, 0.0471722, 0.0141404, 0.0671951, 0.117322, 0.5, 0, 2.5, 0, 3.5, 0, -0.8947
2362.5, 2355, 1, 0.36462, 0, 0.114594, 0, 0, 0.00584697, 0.0377377, 0.0141404, 0.0691013, 0.123199, 0.5, 0, 2.5, 0, 3.5, 0, 0.413038
2377.5, 2370, 0, 0.361448, 0, 0.114081, 0, 0, 0.00350818, 0.0419308, 0.0115983, 0.0714841, 0.118846, 0.5, 0, 2.5, 0, 3.5, 0, -0.895134
2392.5, 2385, 0, 0.35992, 0, 0.110414, 0, 0, 0.00584697, 0.0419308, 0.0109628, 0.0714841, 0.119281, 0.5, 0, 2.5, 0, 3.5, 0, -0.895683
2407.5, 2400, 0, 0.373139, 0, 0.105856, 0, 0, 0.00467758, 0.0335447, 0.0144582, 0.0752966, 0.139306, 0.5, 0, 2.5, 0, 3.5, 0, -0.907806
2422.5, 2415, 0, 0.778566, 0, 0.0973442, 0, 0, 0.0257267, 0.39415, 0.029393, 0.0854632, 0.146489, 1.5, 0, 2.5, 0, 4.5, 0, -1.25044
2437.5, 2430, 0, 0.443986, 0, 0.0962122, 0, 0, 0.00350818, 0.00524135, 0.00762628, 0.094359, 0.237038, 1.5, 0, 2.5, 0, 3.5, 0, -0.963732
2452.5, 2445, 4, 1.7374, 0, 0.0942352, 0, 0, 0.00467758, 0.00314481, 0.00953285, 0.0921351, 1.53368, 2.5, 0, 4.5, 0, 6.5, 0, 1.29496
2467.5, 2460, 0, 0.245606, 0, 0.0982648, 0, 0, 0, 0.00314481, 0.00857957, 0.105797, 0.0298203, 0.5, 0, 1.5, 0, 2.5, 0, -0.761555
2482.5, 2475, 0, 0.362174, 0, 0.1016, 0, 0, 0.00116939, 0.00314481, 0.0103273, 0.111198, 0.134735, 0.5, 0, 2.5, 0, 3.5, 0, -0.894872
2497.5, 2490, 1, 0.976978, 0, 0.803052, 0, 0, 0.00116939, 0.00943443, 0.0074674, 0.115804, 0.0400506, 1.5, 0, 3.5, 0, 5.5, 0, -0.0309549
2512.5, 2505, 0, 1.6217, 0, 1.41403, 0, 0, 0.00233879, 0.00838616, 0.0074674, 0.111992, 0.0774892, 2.5, 0, 4.5, 0, 6.5, 0, -1.76205
2527.5, 2520, 0, 0.156872, 0, 1.50921e-05, 0, 0, 0.00467758, 0.00419308, 0.00889733, 0.119934, 0.0191546, 0.5, 0, 1.5, 0, 2.5, 0, -0.643401
2542.5, 2535, 2, 0.16984, 0, 4.52764e-05, 0, 0, 0.00233879, 0.00838616, 0.00762628, 0.121841, 0.0296026, 0.5, 0, 1.5, 0, 2.5, 0, 0.637925
2557.5, 2550, 0, 0.156987, 0, 1.50921e-05, 0, 0, 0.00467758, 0.00209654, 0.00826181, 0.119299, 0.0226373, 0.5, 0, 1.5, 0, 2.5, 0, -0.643405
2572.5, 2565, 0, 0.174624, 0, 1.50921e-05, 0, 0, 0.00233879, 0.00314481, 0.00714964, 0.140427, 0.021549, 0.5, 0, 1.5, 0, 2.5, 0, -0.674126
2587.5, 2580, 0, 0.180362, 0, 0, 0, 0, 0, 0.00524135, 0.00619636, 0.14694, 0.0219843, 0.5, 0, 1.5, 0, 2.5, 0, -0.674014
2602.5, 2595, 0, 0.213371, 0, 3.01842e-05, 0, 0, 0.00116939, 0.00419308, 0.00714964, 0.166002, 0.0348266, 0.5, 0, 1.5, 0, 2.5, 0, -0.718436
2617.5, 2610, 0, 1.0673, 0, 3.01842e-05, 0, 0, 0.00116939, 0.00209654, 0.00540195, 1.03509, 0.0235079, 1.5, 0, 3.5, 0, 5.5, 0, -1.45102
2632.5, 2625, 0, 0.133021, 0, 0, 0, 0, 0.00116939, 0.00524135, 0.00587859, 0.0930882, 0.0276436, 0.5, 0, 1.5, 0, 2.5, 0, -0.611613
2647.5, 2640, 0, 0.125453, 0, 0, 0, 0, 0.00350818, 0.00524135, 0.00556083, 0.0895934, 0.021549, 0.5, 0, 1.5, 0, 2.5, 0, -0.595799
2662.5, 2655, 0, 0.18751, 0, 0, 0, 0, 0.00116939, 0.00314481, 0.00571971, 0.136773, 0.0407036, 0.5, 0, 1.5, 0, 2.5, 0, -0.689188
2677.5, 2670, 1, 0.163888, 0, 0, 0, 0, 0, 0.00524135, 0.00444867, 0.13439, 0.0198076, 0.5, 0, 1.5, 0, 2.5, 0, 0.467761
2692.5, 2685, 0, 0.280258, 0, 0, 0, 0, 0.00116939, 0.00524135, 0.00524307, 0.161078, 0.107527, 0.5, 0, 1.5, 0, 2.5, 0, -0.803018
2707.5, 2700, 0, 0.176712, 0, 0, 0, 0, 0, 0.00314481, 0.00524307, 0.150911, 0.0174133, 0.5, 0, 1.5, 0, 2.5, 0, -0.6741
2722.5, 2715, 0, 0.309424, 0, 0, 0, 0, 0.00233879, 0.00419308, 0.00508419, 0.165684, 0.132123, 0.5, 0, 1.5, 0, 3.5, 0, -0.828312
2737.5, 2730, 1, 0.225543, 0, 0, 0, 0, 0, 0.00314481, 0.00349538, 0.185382, 0.0335206, 0.5, 0, 1.5, 0, 2.5, 0, 0.472597
2752.5, 2745, 0, 0.199058, 0, 0, 0, 0, 0.00116939, 0.00419308, 0.00524307, 0.180617, 0.00783598, 0.5, 0, 1.5, 0, 2.5, 0, -0.704049
2767.5, 2760, 0, 0.226431, 0, 0, 0, 0, 0, 0.00314481, 0.00301874, 0.185223, 0.0350443, 0.5, 0, 1.5, 0, 2.5, 0, -0.732648
2782.5, 2775, 0, 0.209835, 0, 0, 0, 0, 0, 0.00209654, 0.00317762, 0.186494, 0.0180663, 0.5, 0, 1.5, 0, 2.5, 0, -0.718781
2797.5, 2790, 0, 0.255198, 0, 0, 0, 0, 0.00233879, 0.00524135, 0.00365426, 0.239392, 0.00457099, 0.5, 0, 1.5, 0, 2.5, 0, -0.775882
2812.5, 2805, 0, 0.270822, 0, 0, 0, 0, 0, 0, 0.00571971, 0.258137, 0.00696532, 0.5, 0, 1.5, 0, 2.5, 0, -0.788897
2827.5, 2820, 0, 0.254877, 0, 0, 0, 0, 0.00116939, 0.00209654, 0.00301874, 0.233356, 0.0152366, 0.5, 0, 1.5, 0, 2.5, 0, -0.77594
2842.5, 2835, 0, 0.255903, 0, 0, 0, 0, 0, 0.00209654, 0.00317762, 0.244317, 0.00631232, 0.5, 0, 1.5, 0, 2.5, 0, -0.775754
2857.5, 2850, 0, 0.248982, 0, 0, 0, 0, 0, 0, 0.0033365, 0.233674, 0.0119716, 0.5, 0, 1.5, 0, 2.5, 0, -0.760983
2872.5, 2865, 0, 0.246417, 0, 0, 0, 0, 0, 0.00104827, 0.00190657, 0.231926, 0.0115363, 0.5, 0, 1.5, 0, 2.5, 0, -0.76142
2887.5, 2880, 0, 0.287278, 0, 0, 0, 0, 0, 0.00104827, 0.0033365, 0.270051, 0.0128423, 0.5, 0, 1.5, 0, 3.5, 0, -0.817656
2902.5, 2895, 0, 0.265114, 0, 0, 0, 0, 0, 0, 0.00190657, 0.253848, 0.00935965, 0.5, 0, 1.5, 0, 2.5, 0, -0.790069
2917.5, 2910, 0, 0.280827, 0, 0, 0, 0, 0.00116939, 0.00104827, 0.00270098, 0.253054, 0.0228549, 0.5, 0, 1.5, 0, 2.5, 0, -0.802888
2932.5, 2925, 0, 0.271563, 0, 0, 0, 0, 0.00233879, 0.00314481, 0.00190657, 0.252418, 0.011754, 0.5, 0, 1.5, 0, 2.5, 0, -0.788739
2947.5, 2940, 1, 0.287715, 0, 0, 0, 0, 0, 0.00838616, 0.00270098, 0.266398, 0.0102303, 0.5, 0, 1.5, 0, 3.5, 0, 0.445132
2962.5, 2955, 0, 0.312571, 0, 0, 0, 0, 0.00116939, 0.00733789, 0.00285986, 0.294673, 0.00652999, 0.5, 0, 1.5, 0, 3.5, 0, -0.843922
2977.5, 2970, 0, 0.316876, 0, 0, 0, 0, 0.00116939, 0.00104827, 0.00285986, 0.291338, 0.0204606, 0.5, 0, 1.5, 0, 3.5, 0, -0.842692
2992.5, 2985, 0, 0.312837, 0, 0, 0, 0, 0, 0.00209654, 0.00254209, 0.297533, 0.0106656, 0.5, 0, 1.5, 0, 3.5, 0, -0.843847
3007.5, 3000, 0, 0.354084, 0, 0, 0, 0, 0.00116939, 0.00209654, 0.00190657, 0.334546, 0.014366, 0.5, 0, 2.5, 0, 3.5, 0, -0.880855
3022.5, 3015, 1, 0.334074, 0, 0, 0, 0, 0.00116939, 0, 0.00222433, 0.326762, 0.00391799, 0.5, 0, 1.5, 0, 3.5, 0, 0.435339
3037.5, 3030, 0, 0.337226, 0, 0, 0, 0, 0, 0.00314481, 0.00111217, 0.330574, 0.00239433, 0.5, 0, 1.5, 0, 3.5, 0, -0.869732
3052.5, 3045, 0, 0.359434, 0, 0, 0, 0, 0, 0.00419308, 0.00158881, 0.326444, 0.0272083, 0.5, 0, 2.5, 0, 3.5, 0, -0.878956
3067.5, 3060, 0, 0.345483, 0, 0, 0, 0, 0, 0, 0.00190657, 0.342488, 0.00108833, 0.5, 0, 2.5, 0, 3.5, 0, -0.867008
3082.5, 3075, 0, 0.33753, 0, 0, 0, 0, 0.00116939, 0.00314481, 0.00190657, 0.32565, 0.00565932, 0.5, 0, 1.5, 0, 3.5, 0, -0.869634
3097.5, 3090, 0, 0.322261, 0, 0, 0, 0, 0.00233879, 0.00209654, 0.0033365, 0.314054, 0.000435332, 0.5, 0, 1.5, 0, 3.5, 0, -0.841099
3112.5, 3105, 0, 0.311316, 0, 0, 0, 0, 0, 0.00419308, 0.00111217, 0.305793, 0.000217666, 0.5, 0, 1.5, 0, 3.5, 0, -0.844272
3127.5, 3120, 0, 0.424725, 0, 0, 0, 0, 0.00233879, 0.00628962, 0.00190657, 0.413973, 0.000217666, 1.5, 0, 2.5, 0, 3.5, 0, -0.95528
3142.5, 3135, 0, 0.324221, 0, 0, 0, 0, 0.00116939, 0.00838616, 0.000794405, 0.312783, 0.00108833, 0.5, 0, 1.5, 0, 3.5, 0, -0.857104
3157.5, 3150, 0, 0.32492, 0, 0, 0, 0, 0.00467758, 0.00524135, 0.00142993, 0.31183, 0.00174133, 0.5, 0, 1.5, 0, 3.5, 0, -0.856893
3172.5, 3165, 0, 0.342603, 0, 0, 0, 0, 0.00233879, 0.00524135, 0.00158881, 0.333434, 0, 0.5, 0, 2.5, 0, 3.5, 0, -0.867973
3187.5, 3180, 1, 0.664522, 0, 0, 0, 0, 0.00116939, 0.00314481, 0.00206545, 0.655748, 0.00239433, 1.5, 0, 2.5, 0, 4.5, 0, 0.207207
3202.5, 3195, 0, 4.45858, 0, 0, 0, 0, 0, 0.00733789, 0.00285986, 4.44838, 0, 6.5, 1.5, 9.5, 0.5, 11.5, 0, -3.08401
3217.5, 3210, 0, 0.0698187, 0, 0, 0, 0, 0.00233879, 0.00838616, 0.000953285, 0.0581404, 0, 0.5, 0, 1.5, 0, 1.5, 0, -0.494583
3232.5, 3225, 0, 0.0815229, 0, 0, 0, 0, 0, 0.00733789, 0.00206545, 0.0721195, 0, 0.5, 0, 1.5, 0, 2.5, 0, -0.513061
3247.5, 3240, 1, 0.0795152, 0, 0, 0, 0, 0.00116939, 0.00733789, 0.00174769, 0.0692602, 0, 0.5, 0, 1.5, 0, 1.5, 0, 0.431243
3262.5, 3255, 0, 0.0856207, 0, 0, 0, 0, 0, 0.0104827, 0.00111217, 0.0740258, 0, 0.5, 0, 1.5, 0, 2.5, 0, -0.528779
3277.5, 3270, 0, 0.0878134, 0, 0, 0, 0, 0, 0.00838616, 0.00270098, 0.0767263, 0, 0.5, 0, 1.5, 0, 2.5, 0, -0.529424
3292.5, 3285, 0, 0.0897188, 0, 0, 0, 0, 0, 0.0136275, 0.00222433, 0.0738669, 0, 0.5, 0, 1.5, 0, 2.5, 0, -0.529948
3307.5, 3300, 0, 0.0965442, 0, 0, 0, 0, 0.00116939, 0.00943443, 0.00301874, 0.0829216, 0, 0.5, 0, 1.5, 0, 2.5, 0, -0.546273
3322.5, 3315, 0, 0.0923248, 0, 0, 0, 0, 0, 0.00733789, 0.00127105, 0.0837159, 0, 0.5, 0, 1.5, 0, 2.5, 0, -0.530614
3337.5, 3330, 0, 0.102548, 0, 0, 0, 0, 0.00116939, 0.0125792, 0.00238321, 0.0864164, 0, 0.5, 0, 1.5, 0, 2.5, 0, -0.56228
3352.5, 3345, 0, 0.102574, 0, 0, 0, 0, 0.00233879, 0.0104827, 0.00206545, 0.0876872, 0, 0.5, 0, 1.5, 0, 2.5, 0, -0.562286
3367.5, 3360, 0, 0.0922927, 0, 0, 0, 0, 0, 0.0104827, 0.00206545, 0.0797445, 0, 0.5, 0, 1.5, 0, 2.5, 0, -0.530606
3382.5, 3375, 0, 0.101785, 0, 0, 0, 0, 0.00116939, 0.0146758, 0.000794405, 0.0851455, 0, 0.5, 0, 1.5, 0, 2.5, 0, -0.547435
3397.5, 3390, 0, 0.0853031, 0, 0, 0, 0, 0, 0.0104827, 0.00174769, 0.0730727, 0, 0.5, 0, 1.5, 0, 2.5, 0, -0.528682
3412.5, 3405, 0, 0.0860596, 0, 0, 0, 0, 0.00116939, 0.00943443, 0.00158881, 0.0738669, 0, 0.5, 0, 1.5, 0, 2.5, 0, -0.528912
3427.5, 3420, 0, 0.0899674, 0, 0, 0, 0, 0.00116939, 0.0104827, 0.00254209, 0.0757732, 0, 0.5, 0, 1.5, 0, 2.5, 0, -0.530014
3442.5, 3435, 0, 0.31973, 0, 0, 0, 0, 0.0222185, 0.178206, 0.0398791, 0.0794268, 0, 0.5, 0, 1.5, 0, 3.5, 0, -0.841855
3457.5, 3450, 0, 0.095274, 0, 0, 0, 0, 0.00116939, 0.00419308, 0.00238321, 0.0875283, 0, 0.5, 0, 1.5, 0, 2.5, 0, -0.545958
3472.5, 3465, 0, 1.13167, 0, 0, 0, 0, 0, 0, 0, 1.13167, 0, 1.5, 0, 3.5, 0, 5.5, 0, -1.49281
3487.5, 3480, 0, 0.0244635, 0, 0, 0, 0, 0, 0, 0, 0.0244635, 0, 0.5, 0, 0.5, 0, 1.5, 0, -0.368535
3502.5, 3495, 0, 0.0209687, 0, 0, 0, 0, 0, 0, 0, 0.0209687, 0, 0.5, 0, 0.5, 0, 1.5, 0, -0.351225
3517.5, 3510, 0, 0.0266874, 0, 0, 0, 0, 0, 0, 0, 0.0266874, 0, 0.5, 0, 0.5, 0, 1.5, 0, -0.370681
3532.5, 3525, 0, 0.023828, 0, 0, 0, 0, 0, 0, 0, 0.023828, 0, 0.5, 0, 0.5, 0, 1.5, 0, -0.367876
3547.5, 3540, 0, 0.0241457, 0, 0, 0, 0, 0, 0, 0, 0.0241457, 0, 0.5, 0, 0.5, 0, 1.5, 0, -0.368208
3562.5, 3555, 0, 0.0201744, 0, 0, 0, 0, 0, 0, 0, 0.0201744, 0, 0.5, 0, 0.5, 0, 1.5, 0, -0.350319
3577.5, 3570, 0, 0.0203333, 0, 0, 0, 0, 0, 0, 0, 0.0203333, 0, 0.5, 0, 0.5, 0, 1.5, 0, -0.350504
3592.5, 3585, 0, 0.023828, 0, 0, 0, 0, 0, 0, 0, 0.023828, 0, 0.5, 0, 0.5, 0, 1.5, 0, -0.367876
3607.5, 3600, 0, 0.0217629, 0, 0, 0, 0, 0, 0, 0, 0.0217629, 0, 0.5, 0, 0.5, 0, 1.5, 0, -0.352089
3622.5, 3615, 0, 0.0216041, 0, 0, 0, 0, 0, 0, 0, 0.0216041, 0, 0.5, 0, 0.5, 0, 1.5, 0, -0.351919
3637.5, 3630, 0, 0.0220807, 0, 0, 0, 0, 0, 0, 0, 0.0220807, 0, 0.5, 0, 0.5, 0, 1.5, 0, -0.352424
3652.5, 3645, 0, 0.0193801, 0, 0, 0, 0, 0, 0, 0, 0.0193801, 0, 0.5, 0, 0.5, 0, 1.5, 0, -0.34937
3667.5, 3660, 0, 0.0185859, 0, 0, 0, 0, 0, 0, 0, 0.0185859, 0, 0.5, 0, 0.5, 0, 1.5, 0, -0.348374
3682.5, 3675, 0, 0.0192213, 0, 0, 0, 0, 0, 0, 0, 0.0192213, 0, 0.5, 0, 0.5, 0, 1.5, 0, -0.349175
3697.5, 3690, 0, 0.026052, 0, 0, 0, 0, 0, 0, 0, 0.026052, 0, 0.5, 0, 0.5, 0, 1.5, 0, -0.370092
3712.5, 3705, 0, 0.20365, 0, 0, 0, 0, 0, 0, 0, 0.20365, 0, 0.5, 0, 1.5, 0, 2.5, 0, -0.703696
3727.5, 3720, 0, 0.00158854, 0, 0, 0, 0, 0, 0, 0, 0.00158854, 0, 0.5, 0, 0.5, 0, 0.5, 0, -0.21659
3742.5, 3735, 0, 0.0020651, 0, 0, 0, 0, 0, 0, 0, 0.0020651, 0, 0.5, 0, 0.5, 0, 0.5, 0, -0.219569
3757.5, 3750, 0, 0.00222395, 0, 0, 0, 0, 0, 0, 0, 0.00222395, 0, 0.5, 0, 0.5, 0, 0.5, 0, -0.220416
3772.5, 3765, 0, 0.0020651, 0, 0, 0, 0, 0, 0, 0, 0.0020651, 0, 0.5, 0, 0.5, 0, 0.5, 0, -0.219569
3787.5, 3780, 0, 0.0023828, 0, 0, 0, 0, 0, 0, 0, 0.0023828, 0, 0.5, 0, 0.5, 0, 0.5, 0, -0.234017
3802.5, 3795, 0, 0.00158854, 0, 0, 0, 0, 0, 0, 0, 0.00158854, 0, 0.5, 0, 0.5, 0, 0.5, 0, -0.21659
3817.5, 3810, 0, 0.00285937, 0, 0, 0, 0, 0, 0, 0, 0.00285937, 0, 0.5, 0, 0.5, 0, 0.5, 0, -0.236409
3832.5, 3825, 0, 0.00142968, 0, 0, 0, 0, 0, 0, 0, 0.00142968, 0, 0.5, 0, 0.5, 0, 0.5, 0, -0.215403
3847.5, 3840, 0, 0.00174739, 0, 0, 0, 0, 0, 0, 0, 0.00174739, 0, 0.5, 0, 0.5, 0, 0.5, 0, -0.217668
3862.5, 3855, 0, 0.00254166, 0, 0, 0, 0, 0, 0, 0, 0.00254166, 0, 0.5, 0, 0.5, 0, 0.5, 0, -0.234862
3877.5, 3870, 0, 0.00190624, 0, 0, 0, 0, 0, 0, 0, 0.00190624, 0, 0.5, 0, 0.5, 0, 0.5, 0, -0.218657
3892.5, 3885, 0, 0.00174739, 0, 0, 0, 0, 0, 0, 0, 0.00174739, 0, 0.5, 0, 0.5, 0, 0.5, 0, -0.217668
3907.5, 3900, 0, 0.0020651, 0, 0, 0, 0, 0, 0, 0, 0.0020651, 0, 0.5, 0, 0.5, 0, 0.5, 0, -0.219569
3922.5, 3915, 0, 0.00317707, 0, 0, 0, 0, 0, 0, 0, 0.00317707, 0, 0.5, 0, 0.5, 0, 1.5, 0, -0.237797
3937.5, 3930, 0, 0.00222395, 0, 0, 0, 0, 0, 0, 0, 0.00222395, 0, 0.5, 0, 0.5, 0, 0.5, 0, -0.220416
3952.5, 3945, 0, 0.00619529, 0, 0, 0, 0, 0, 0, 0, 0.00619529, 0, 0.5, 0, 0.5, 0, 1.5, 0, -0.273655
3967.5, 3960, 0, 0.0128671, 0, 0, 0, 0, 0, 0, 0, 0.0128671, 0, 0.5, 0, 0.5, 0, 1.5, 0, -0.313567
3982.5, 3975, 0, 0.000317707, 0, 0, 0, 0, 0, 0, 0, 0.000317707, 0, 0.5, 0, 0.5, 0, 0.5, 0, -0.164591
3997.5, 3990, 0, 0.000476561, 0, 0, 0, 0, 0, 0, 0, 0.000476561, 0, 0.5, 0, 0.5, 0, 0.5, 0, -0.180189
4012.5, 4005, 0, 0.000317707, 0, 0, 0, 0, 0, 0, 0, 0.000317707, 0, 0.5, 0, 0.5, 0, 0.5, 0, -0.164591
4027.5, 4020, 0, 0.000158854, 0, 0, 0, 0, 0, 0, 0, 0.000158854, 0, 0.5, 0, 0.5, 0, 0.5, 0, -0.160108
4042.5, 4035, 0, 0.000476561, 0, 0, 0, 0, 0, 0, 0, 0.000476561, 0, 0.5, 0, 0.5, 0, 0.5, 0, -0.180189
4057.5, 4050, 0, 0.000476561, 0, 0, 0, 0, 0, 0, 0, 0.000476561, 0, 0.5, 0, 0.5, 0, 0.5, 0, -0.180189
4072.5, 4065, 0, 0.000794268, 0, 0, 0, 0, 0, 0, 0, 0.000794268, 0, 0.5, 0, 0.5, 0, 0.5, 0, -0.197
4087.5, 4080, 0, 0.000158854, 0, 0, 0, 0, 0, 0, 0, 0.000158854, 0, 0.5, 0, 0.5, 0, 0.5, 0, -0.160108
4102.5, 4095, 0, 0.000476561, 0, 0, 0, 0, 0, 0, 0, 0.000476561, 0, 0.5, 0, 0.5, 0, 0.5, 0, -0.180189
4117.5, 4110, 0, 0.000635414, 0, 0, 0, 0, 0, 0, 0, 0.000635414, 0, 0.5, 0, 0.5, 0, 0.5, 0, -0.182491
4132.5, 4125, 0, 0.00174739, 0, 0, 0, 0, 0, 0, 0, 0.00174739, 0, 0.5, 0, 0.5, 0, 0.5, 0, -0.217668
4147.5, 4140, 0, 0.000158854, 0, 0, 0, 0, 0, 0, 0, 0.000158854, 0, 0.5, 0, 0.5, 0, 0.5, 0, -0.160108
4162.5, 4155, 0, 0, 0, 0, 0, 0, 0, 0, 0, 0, 0, 0.5, 0, 0.5, 0, 0.5, 0, 0
4177.5, 4170, 0, 0.00111198, 0, 0, 0, 0, 0, 0, 0, 0.00111198, 0, 0.5, 0, 0.5, 0, 0.5, 0, -0.200221
4192.5, 4185, 0, 0.000158854, 0, 0, 0, 0, 0, 0, 0, 0.000158854, 0, 0.5, 0, 0.5, 0, 0.5, 0, -0.160108
4207.5, 4200, 0, 0, 0, 0, 0, 0, 0, 0, 0, 0, 0, 0.5, 0, 0.5, 0, 0.5, 0, 0
4222.5, 4215, 0, 0, 0, 0, 0, 0, 0, 0, 0, 0, 0, 0.5, 0, 0.5, 0, 0.5, 0, 0
4237.5, 4230, 0, 0, 0, 0, 0, 0, 0, 0, 0, 0, 0, 0.5, 0, 0.5, 0, 0.5, 0, 0
4252.5, 4245, 0, 0.000158854, 0, 0, 0, 0, 0, 0, 0, 0.000158854, 0, 0.5, 0, 0.5, 0, 0.5, 0, -0.160108
4267.5, 4260, 0, 0, 0, 0, 0, 0, 0, 0, 0, 0, 0, 0.5, 0, 0.5, 0, 0.5, 0, 0
4282.5, 4275, 0, 0, 0, 0, 0, 0, 0, 0, 0, 0, 0, 0.5, 0, 0.5, 0, 0.5, 0, 0
4297.5, 4290, 0, 0.000158854, 0, 0, 0, 0, 0, 0, 0, 0.000158854, 0, 0.5, 0, 0.5, 0, 0.5, 0, -0.160108
4312.5, 4305, 0, 0.000317707, 0, 0, 0, 0, 0, 0, 0, 0.000317707, 0, 0.5, 0, 0.5, 0, 0.5, 0, -0.164591
4327.5, 4320, 0, 0, 0, 0, 0, 0, 0, 0, 0, 0, 0, 0.5, 0, 0.5, 0, 0.5, 0, 0
4342.5, 4335, 0, 0.000317707, 0, 0, 0, 0, 0, 0, 0, 0.000317707, 0, 0.5, 0, 0.5, 0, 0.5, 0, -0.164591
4357.5, 4350, 0, 0.000635414, 0, 0, 0, 0, 0, 0, 0, 0.000635414, 0, 0.5, 0, 0.5, 0, 0.5, 0, -0.182491
4372.5, 4365, 0, 0, 0, 0, 0, 0, 0, 0, 0, 0, 0, 0.5, 0, 0.5, 0, 0.5, 0, 0
4387.5, 4380, 0, 0.000158854, 0, 0, 0, 0, 0, 0, 0, 0.000158854, 0, 0.5, 0, 0.5, 0, 0.5, 0, -0.160108
4402.5, 4395, 0, 0, 0, 0, 0, 0, 0, 0, 0, 0, 0, 0.5, 0, 0.5, 0, 0.5, 0, 0
4417.5, 4410, 0, 0, 0, 0, 0, 0, 0, 0, 0, 0, 0, 0.5, 0, 0.5, 0, 0.5, 0, 0
4432.5, 4425, 0, 0, 0, 0, 0, 0, 0, 0, 0, 0, 0, 0.5, 0, 0.5, 0, 0.5, 0, 0
4447.5, 4440, 0, 0, 0, 0, 0, 0, 0, 0, 0, 0, 0, 0.5, 0, 0.5, 0, 0.5, 0, 0
4462.5, 4455, 0, 0, 0, 0, 0, 0, 0, 0, 0, 0, 0, 0.5, 0, 0.5, 0, 0.5, 0, 0
4477.5, 4470, 0, 0.000317707, 0, 0, 0, 0, 0, 0, 0, 0.000317707, 0, 0.5, 0, 0.5, 0, 0.5, 0, -0.164591
4492.5, 4485, 0, 0, 0, 0, 0, 0, 0, 0, 0, 0, 0, 0.5, 0, 0.5, 0, 0.5, 0, 0
4507.5, 4500, 0, 0, 0, 0, 0, 0, 0, 0, 0, 0, 0, 0.5, 0, 0.5, 0, 0.5, 0, 0
4522.5, 4515, 0, 0, 0, 0, 0, 0, 0, 0, 0, 0, 0, 0.5, 0, 0.5, 0, 0.5, 0, 0
4537.5, 4530, 0, 0, 0, 0, 0, 0, 0, 0, 0, 0, 0, 0.5, 0, 0.5, 0, 0.5, 0, 0
4552.5, 4545, 0, 0, 0, 0, 0, 0, 0, 0, 0, 0, 0, 0.5, 0, 0.5, 0, 0.5, 0, 0
4567.5, 4560, 0, 0, 0, 0, 0, 0, 0, 0, 0, 0, 0, 0.5, 0, 0.5, 0, 0.5, 0, 0
4582.5, 4575, 0, 0, 0, 0, 0, 0, 0, 0, 0, 0, 0, 0.5, 0, 0.5, 0, 0.5, 0, 0
4597.5, 4590, 0, 0, 0, 0, 0, 0, 0, 0, 0, 0, 0, 0.5, 0, 0.5, 0, 0.5, 0, 0
4612.5, 4605, 0, 0, 0, 0, 0, 0, 0, 0, 0, 0, 0, 0.5, 0, 0.5, 0, 0.5, 0, 0
4627.5, 4620, 0, 0, 0, 0, 0, 0, 0, 0, 0, 0, 0, 0.5, 0, 0.5, 0, 0.5, 0, 0
4642.5, 4635, 0, 0, 0, 0, 0, 0, 0, 0, 0, 0, 0, 0.5, 0, 0.5, 0, 0.5, 0, 0
4657.5, 4650, 0, 0, 0, 0, 0, 0, 0, 0, 0, 0, 0, 0.5, 0, 0.5, 0, 0.5, 0, 0
4672.5, 4665, 0, 0, 0, 0, 0, 0, 0, 0, 0, 0, 0, 0.5, 0, 0.5, 0, 0.5, 0, 0
4687.5, 4680, 0, 0, 0, 0, 0, 0, 0, 0, 0, 0, 0, 0.5, 0, 0.5, 0, 0.5, 0, 0
4702.5, 4695, 0, 0, 0, 0, 0, 0, 0, 0, 0, 0, 0, 0.5, 0, 0.5, 0, 0.5, 0, 0
4717.5, 4710, 0, 0, 0, 0, 0, 0, 0, 0, 0, 0, 0, 0.5, 0, 0.5, 0, 0.5, 0, 0
4732.5, 4725, 0, 0, 0, 0, 0, 0, 0, 0, 0, 0, 0, 0.5, 0, 0.5, 0, 0.5, 0, 0
4747.5, 4740, 0, 0, 0, 0, 0, 0, 0, 0, 0, 0, 0, 0.5, 0, 0.5, 0, 0.5, 0, 0
4762.5, 4755, 0, 0, 0, 0, 0, 0, 0, 0, 0, 0, 0, 0.5, 0, 0.5, 0, 0.5, 0, 0
4777.5, 4770, 0, 0, 0, 0, 0, 0, 0, 0, 0, 0, 0, 0.5, 0, 0.5, 0, 0.5, 0, 0
4792.5, 4785, 0, 0, 0, 0, 0, 0, 0, 0, 0, 0, 0, 0.5, 0, 0.5, 0, 0.5, 0, 0
4807.5, 4800, 0, 0, 0, 0, 0, 0, 0, 0, 0, 0, 0, 0.5, 0, 0.5, 0, 0.5, 0, 0
4822.5, 4815, 0, 0, 0, 0, 0, 0, 0, 0, 0, 0, 0, 0.5, 0, 0.5, 0, 0.5, 0, 0
4837.5, 4830, 0, 0, 0, 0, 0, 0, 0, 0, 0, 0, 0, 0.5, 0, 0.5, 0, 0.5, 0, 0
4852.5, 4845, 0, 0, 0, 0, 0, 0, 0, 0, 0, 0, 0, 0.5, 0, 0.5, 0, 0.5, 0, 0
4867.5, 4860, 0, 0, 0, 0, 0, 0, 0, 0, 0, 0, 0, 0.5, 0, 0.5, 0, 0.5, 0, 0
4882.5, 4875, 0, 0, 0, 0, 0, 0, 0, 0, 0, 0, 0, 0.5, 0, 0.5, 0, 0.5, 0, 0
4897.5, 4890, 0, 0, 0, 0, 0, 0, 0, 0, 0, 0, 0, 0.5, 0, 0.5, 0, 0.5, 0, 0
4912.5, 4905, 0, 0, 0, 0, 0, 0, 0, 0, 0, 0, 0, 0.5, 0, 0.5, 0, 0.5, 0, 0
4927.5, 4920, 0, 0, 0, 0, 0, 0, 0, 0, 0, 0, 0, 0.5, 0, 0.5, 0, 0.5, 0, 0
4942.5, 4935, 0, 0, 0, 0, 0, 0, 0, 0, 0, 0, 0, 0.5, 0, 0.5, 0, 0.5, 0, 0
4957.5, 4950, 0, 0, 0, 0, 0, 0, 0, 0, 0, 0, 0, 0.5, 0, 0.5, 0, 0.5, 0, 0
4972.5, 4965, 0, 0, 0, 0, 0, 0, 0, 0, 0, 0, 0, 0.5, 0, 0.5, 0, 0.5, 0, 0
4987.5, 4980, 0, 0, 0, 0, 0, 0, 0, 0, 0, 0, 0, 0.5, 0, 0.5, 0, 0.5, 0, 0
5002.5, 4995, 0, 0, 0, 0, 0, 0, 0, 0, 0, 0, 0, 0.5, 0, 0.5, 0, 0.5, 0, 0
5017.5, 5010, 0, 0, 0, 0, 0, 0, 0, 0, 0, 0, 0, 0.5, 0, 0.5, 0, 0.5, 0, 0
5032.5, 5025, 0, 0, 0, 0, 0, 0, 0, 0, 0, 0, 0, 0.5, 0, 0.5, 0, 0.5, 0, 0
5047.5, 5040, 0, 0, 0, 0, 0, 0, 0, 0, 0, 0, 0, 0.5, 0, 0.5, 0, 0.5, 0, 0
5062.5, 5055, 0, 0, 0, 0, 0, 0, 0, 0, 0, 0, 0, 0.5, 0, 0.5, 0, 0.5, 0, 0
5077.5, 5070, 0, 0, 0, 0, 0, 0, 0, 0, 0, 0, 0, 0.5, 0, 0.5, 0, 0.5, 0, 0
5092.5, 5085, 0, 0, 0, 0, 0, 0, 0, 0, 0, 0, 0, 0.5, 0, 0.5, 0, 0.5, 0, 0
5107.5, 5100, 0, 0, 0, 0, 0, 0, 0, 0, 0, 0, 0, 0.5, 0, 0.5, 0, 0.5, 0, 0
5122.5, 5115, 0, 0, 0, 0, 0, 0, 0, 0, 0, 0, 0, 0.5, 0, 0.5, 0, 0.5, 0, 0
5137.5, 5130, 0, 0, 0, 0, 0, 0, 0, 0, 0, 0, 0, 0.5, 0, 0.5, 0, 0.5, 0, 0
5152.5, 5145, 0, 0, 0, 0, 0, 0, 0, 0, 0, 0, 0, 0.5, 0, 0.5, 0, 0.5, 0, 0
5167.5, 5160, 0, 0, 0, 0, 0, 0, 0, 0, 0, 0, 0, 0.5, 0, 0.5, 0, 0.5, 0, 0
5182.5, 5175, 0, 0, 0, 0, 0, 0, 0, 0, 0, 0, 0, 0.5, 0, 0.5, 0, 0.5, 0, 0
5197.5, 5190, 0, 0, 0, 0, 0, 0, 0, 0, 0, 0, 0, 0.5, 0, 0.5, 0, 0.5, 0, 0
5212.5, 5205, 0, 0, 0, 0, 0, 0, 0, 0, 0, 0, 0, 0.5, 0, 0.5, 0, 0.5, 0, 0
5227.5, 5220, 0, 0, 0, 0, 0, 0, 0, 0, 0, 0, 0, 0.5, 0, 0.5, 0, 0.5, 0, 0
5242.5, 5235, 0, 0, 0, 0, 0, 0, 0, 0, 0, 0, 0, 0.5, 0, 0.5, 0, 0.5, 0, 0
5257.5, 5250, 0, 0, 0, 0, 0, 0, 0, 0, 0, 0, 0, 0.5, 0, 0.5, 0, 0.5, 0, 0
5272.5, 5265, 0, 0, 0, 0, 0, 0, 0, 0, 0, 0, 0, 0.5, 0, 0.5, 0, 0.5, 0, 0
5287.5, 5280, 0, 0, 0, 0, 0, 0, 0, 0, 0, 0, 0, 0.5, 0, 0.5, 0, 0.5, 0, 0
5302.5, 5295, 0, 0, 0, 0, 0, 0, 0, 0, 0, 0, 0, 0.5, 0, 0.5, 0, 0.5, 0, 0
5317.5, 5310, 0, 0, 0, 0, 0, 0, 0, 0, 0, 0, 0, 0.5, 0, 0.5, 0, 0.5, 0, 0
5332.5, 5325, 0, 0, 0, 0, 0, 0, 0, 0, 0, 0, 0, 0.5, 0, 0.5, 0, 0.5, 0, 0
5347.5, 5340, 0, 0, 0, 0, 0, 0, 0, 0, 0, 0, 0, 0.5, 0, 0.5, 0, 0.5, 0, 0
5362.5, 5355, 0, 0, 0, 0, 0, 0, 0, 0, 0, 0, 0, 0.5, 0, 0.5, 0, 0.5, 0, 0
5377.5, 5370, 0, 0, 0, 0, 0, 0, 0, 0, 0, 0, 0, 0.5, 0, 0.5, 0, 0.5, 0, 0
5392.5, 5385, 0, 0, 0, 0, 0, 0, 0, 0, 0, 0, 0, 0.5, 0, 0.5, 0, 0.5, 0, 0
5407.5, 5400, 0, 0, 0, 0, 0, 0, 0, 0, 0, 0, 0, 0.5, 0, 0.5, 0, 0.5, 0, 0
5422.5, 5415, 0, 0, 0, 0, 0, 0, 0, 0, 0, 0, 0, 0.5, 0, 0.5, 0, 0.5, 0, 0
5437.5, 5430, 0, 0, 0, 0, 0, 0, 0, 0, 0, 0, 0, 0.5, 0, 0.5, 0, 0.5, 0, 0
5452.5, 5445, 0, 0, 0, 0, 0, 0, 0, 0, 0, 0, 0, 0.5, 0, 0.5, 0, 0.5, 0, 0
5467.5, 5460, 0, 0, 0, 0, 0, 0, 0, 0, 0, 0, 0, 0.5, 0, 0.5, 0, 0.5, 0, 0
5482.5, 5475, 0, 0, 0, 0, 0, 0, 0, 0, 0, 0, 0, 0.5, 0, 0.5, 0, 0.5, 0, 0
5497.5, 5490, 0, 0, 0, 0, 0, 0, 0, 0, 0, 0, 0, 0.5, 0, 0.5, 0, 0.5, 0, 0
5512.5, 5505, 0, 0, 0, 0, 0, 0, 0, 0, 0, 0, 0, 0.5, 0, 0.5, 0, 0.5, 0, 0
5527.5, 5520, 0, 0, 0, 0, 0, 0, 0, 0, 0, 0, 0, 0.5, 0, 0.5, 0, 0.5, 0, 0
5542.5, 5535, 0, 0, 0, 0, 0, 0, 0, 0, 0, 0, 0, 0.5, 0, 0.5, 0, 0.5, 0, 0
5557.5, 5550, 0, 0, 0, 0, 0, 0, 0, 0, 0, 0, 0, 0.5, 0, 0.5, 0, 0.5, 0, 0
5572.5, 5565, 0, 0, 0, 0, 0, 0, 0, 0, 0, 0, 0, 0.5, 0, 0.5, 0, 0.5, 0, 0
5587.5, 5580, 0, 0, 0, 0, 0, 0, 0, 0, 0, 0, 0, 0.5, 0, 0.5, 0, 0.5, 0, 0
5602.5, 5595, 0, 0, 0, 0, 0, 0, 0, 0, 0, 0, 0, 0.5, 0, 0.5, 0, 0.5, 0, 0
5617.5, 5610, 0, 0, 0, 0, 0, 0, 0, 0, 0, 0, 0, 0.5, 0, 0.5, 0, 0.5, 0, 0
5632.5, 5625, 0, 0, 0, 0, 0, 0, 0, 0, 0, 0, 0, 0.5, 0, 0.5, 0, 0.5, 0, 0
5647.5, 5640, 0, 0, 0, 0, 0, 0, 0, 0, 0, 0, 0, 0.5, 0, 0.5, 0, 0.5, 0, 0
5662.5, 5655, 0, 0, 0, 0, 0, 0, 0, 0, 0, 0, 0, 0.5, 0, 0.5, 0, 0.5, 0, 0
5677.5, 5670, 0, 0, 0, 0, 0, 0, 0, 0, 0, 0, 0, 0.5, 0, 0.5, 0, 0.5, 0, 0
5692.5, 5685, 0, 0, 0, 0, 0, 0, 0, 0, 0, 0, 0, 0.5, 0, 0.5, 0, 0.5, 0, 0
5707.5, 5700, 0, 0, 0, 0, 0, 0, 0, 0, 0, 0, 0, 0.5, 0, 0.5, 0, 0.5, 0, 0
5722.5, 5715, 0, 0, 0, 0, 0, 0, 0, 0, 0, 0, 0, 0.5, 0, 0.5, 0, 0.5, 0, 0
5737.5, 5730, 0, 0, 0, 0, 0, 0, 0, 0, 0, 0, 0, 0.5, 0, 0.5, 0, 0.5, 0, 0
5752.5, 5745, 0, 0, 0, 0, 0, 0, 0, 0, 0, 0, 0, 0.5, 0, 0.5, 0, 0.5, 0, 0
5767.5, 5760, 0, 0, 0, 0, 0, 0, 0, 0, 0, 0, 0, 0.5, 0, 0.5, 0, 0.5, 0, 0
5782.5, 5775, 0, 0, 0, 0, 0, 0, 0, 0, 0, 0, 0, 0.5, 0, 0.5, 0, 0.5, 0, 0
5797.5, 5790, 0, 0, 0, 0, 0, 0, 0, 0, 0, 0, 0, 0.5, 0, 0.5, 0, 0.5, 0, 0
5812.5, 5805, 0, 0, 0, 0, 0, 0, 0, 0, 0, 0, 0, 0.5, 0, 0.5, 0, 0.5, 0, 0
5827.5, 5820, 0, 0, 0, 0, 0, 0, 0, 0, 0, 0, 0, 0.5, 0, 0.5, 0, 0.5, 0, 0
5842.5, 5835, 0, 0, 0, 0, 0, 0, 0, 0, 0, 0, 0, 0.5, 0, 0.5, 0, 0.5, 0, 0
5857.5, 5850, 0, 0, 0, 0, 0, 0, 0, 0, 0, 0, 0, 0.5, 0, 0.5, 0, 0.5, 0, 0
5872.5, 5865, 0, 0, 0, 0, 0, 0, 0, 0, 0, 0, 0, 0.5, 0, 0.5, 0, 0.5, 0, 0
5887.5, 5880, 0, 0, 0, 0, 0, 0, 0, 0, 0, 0, 0, 0.5, 0, 0.5, 0, 0.5, 0, 0
5902.5, 5895, 0, 0, 0, 0, 0, 0, 0, 0, 0, 0, 0, 0.5, 0, 0.5, 0, 0.5, 0, 0
5917.5, 5910, 0, 0, 0, 0, 0, 0, 0, 0, 0, 0, 0, 0.5, 0, 0.5, 0, 0.5, 0, 0
5932.5, 5925, 0, 0, 0, 0, 0, 0, 0, 0, 0, 0, 0, 0.5, 0, 0.5, 0, 0.5, 0, 0
5947.5, 5940, 0, 0, 0, 0, 0, 0, 0, 0, 0, 0, 0, 0.5, 0, 0.5, 0, 0.5, 0, 0
5962.5, 5955, 0, 0, 0, 0, 0, 0, 0, 0, 0, 0, 0, 0.5, 0, 0.5, 0, 0.5, 0, 0
5977.5, 5970, 0, 0, 0, 0, 0, 0, 0, 0, 0, 0, 0, 0.5, 0, 0.5, 0, 0.5, 0, 0
5992.5, 5985, 0, 0, 0, 0, 0, 0, 0, 0, 0, 0, 0, 0.5, 0, 0.5, 0, 0.5, 0, 0
6007.5, 6000, 0, 0, 0, 0, 0, 0, 0, 0, 0, 0, 0, 0.5, 0, 0.5, 0, 0.5, 0, 0
6022.5, 6015, 0, 0, 0, 0, 0, 0, 0, 0, 0, 0, 0, 0.5, 0, 0.5, 0, 0.5, 0, 0
6037.5, 6030, 0, 0, 0, 0, 0, 0, 0, 0, 0, 0, 0, 0.5, 0, 0.5, 0, 0.5, 0, 0
6052.5, 6045, 0, 0, 0, 0, 0, 0, 0, 0, 0, 0, 0, 0.5, 0, 0.5, 0, 0.5, 0, 0
6067.5, 6060, 0, 0, 0, 0, 0, 0, 0, 0, 0, 0, 0, 0.5, 0, 0.5, 0, 0.5, 0, 0
6082.5, 6075, 0, 0, 0, 0, 0, 0, 0, 0, 0, 0, 0, 0.5, 0, 0.5, 0, 0.5, 0, 0
6097.5, 6090, 0, 0, 0, 0, 0, 0, 0, 0, 0, 0, 0, 0.5, 0, 0.5, 0, 0.5, 0, 0
6112.5, 6105, 0, 0, 0, 0, 0, 0, 0, 0, 0, 0, 0, 0.5, 0, 0.5, 0, 0.5, 0, 0
6127.5, 6120, 0, 0, 0, 0, 0, 0, 0, 0, 0, 0, 0, 0.5, 0, 0.5, 0, 0.5, 0, 0
6142.5, 6135, 0, 0, 0, 0, 0, 0, 0, 0, 0, 0, 0, 0.5, 0, 0.5, 0, 0.5, 0, 0
6157.5, 6150, 0, 0, 0, 0, 0, 0, 0, 0, 0, 0, 0, 0.5, 0, 0.5, 0, 0.5, 0, 0
6172.5, 6165, 0, 0, 0, 0, 0, 0, 0, 0, 0, 0, 0, 0.5, 0, 0.5, 0, 0.5, 0, 0
6187.5, 6180, 0, 0, 0, 0, 0, 0, 0, 0, 0, 0, 0, 0.5, 0, 0.5, 0, 0.5, 0, 0
6202.5, 6195, 0, 0, 0, 0, 0, 0, 0, 0, 0, 0, 0, 0.5, 0, 0.5, 0, 0.5, 0, 0
6217.5, 6210, 0, 0, 0, 0, 0, 0, 0, 0, 0, 0, 0, 0.5, 0, 0.5, 0, 0.5, 0, 0
6232.5, 6225, 0, 0, 0, 0, 0, 0, 0, 0, 0, 0, 0, 0.5, 0, 0.5, 0, 0.5, 0, 0
6247.5, 6240, 0, 0, 0, 0, 0, 0, 0, 0, 0, 0, 0, 0.5, 0, 0.5, 0, 0.5, 0, 0
6262.5, 6255, 0, 0, 0, 0, 0, 0, 0, 0, 0, 0, 0, 0.5, 0, 0.5, 0, 0.5, 0, 0
6277.5, 6270, 0, 0, 0, 0, 0, 0, 0, 0, 0, 0, 0, 0.5, 0, 0.5, 0, 0.5, 0, 0
6292.5, 6285, 0, 0, 0, 0, 0, 0, 0, 0, 0, 0, 0, 0.5, 0, 0.5, 0, 0.5, 0, 0
6307.5, 6300, 0, 0, 0, 0, 0, 0, 0, 0, 0, 0, 0, 0.5, 0, 0.5, 0, 0.5, 0, 0
6322.5, 6315, 0, 0, 0, 0, 0, 0, 0, 0, 0, 0, 0, 0.5, 0, 0.5, 0, 0.5, 0, 0
6337.5, 6330, 0, 0, 0, 0, 0, 0, 0, 0, 0, 0, 0, 0.5, 0, 0.5, 0, 0.5, 0, 0
6352.5, 6345, 0, 0, 0, 0, 0, 0, 0, 0, 0, 0, 0, 0.5, 0, 0.5, 0, 0.5, 0, 0
6367.5, 6360, 0, 0, 0, 0, 0, 0, 0, 0, 0, 0, 0, 0.5, 0, 0.5, 0, 0.5, 0, 0
6382.5, 6375, 0, 0, 0, 0, 0, 0, 0, 0, 0, 0, 0, 0.5, 0, 0.5, 0, 0.5, 0, 0
6397.5, 6390, 0, 0, 0, 0, 0, 0, 0, 0, 0, 0, 0, 0.5, 0, 0.5, 0, 0.5, 0, 0
6412.5, 6405, 0, 0, 0, 0, 0, 0, 0, 0, 0, 0, 0, 0.5, 0, 0.5, 0, 0.5, 0, 0
6427.5, 6420, 0, 0, 0, 0, 0, 0, 0, 0, 0, 0, 0, 0.5, 0, 0.5, 0, 0.5, 0, 0
6442.5, 6435, 0, 0, 0, 0, 0, 0, 0, 0, 0, 0, 0, 0.5, 0, 0.5, 0, 0.5, 0, 0
6457.5, 6450, 0, 0, 0, 0, 0, 0, 0, 0, 0, 0, 0, 0.5, 0, 0.5, 0, 0.5, 0, 0
6472.5, 6465, 0, 0, 0, 0, 0, 0, 0, 0, 0, 0, 0, 0.5, 0, 0.5, 0, 0.5, 0, 0
6487.5, 6480, 0, 0, 0, 0, 0, 0, 0, 0, 0, 0, 0, 0.5, 0, 0.5, 0, 0.5, 0, 0
6502.5, 6495, 0, 0, 0, 0, 0, 0, 0, 0, 0, 0, 0, 0.5, 0, 0.5, 0, 0.5, 0, 0
6517.5, 6510, 0, 0, 0, 0, 0, 0, 0, 0, 0, 0, 0, 0.5, 0, 0.5, 0, 0.5, 0, 0
6532.5, 6525, 0, 0, 0, 0, 0, 0, 0, 0, 0, 0, 0, 0.5, 0, 0.5, 0, 0.5, 0, 0
6547.5, 6540, 0, 0, 0, 0, 0, 0, 0, 0, 0, 0, 0, 0.5, 0, 0.5, 0, 0.5, 0, 0
6562.5, 6555, 0, 0, 0, 0, 0, 0, 0, 0, 0, 0, 0, 0.5, 0, 0.5, 0, 0.5, 0, 0
6577.5, 6570, 0, 0, 0, 0, 0, 0, 0, 0, 0, 0, 0, 0.5, 0, 0.5, 0, 0.5, 0, 0
6592.5, 6585, 0, 0, 0, 0, 0, 0, 0, 0, 0, 0, 0, 0.5, 0, 0.5, 0, 0.5, 0, 0
6607.5, 6600, 0, 0, 0, 0, 0, 0, 0, 0, 0, 0, 0, 0.5, 0, 0.5, 0, 0.5, 0, 0
6622.5, 6615, 0, 0, 0, 0, 0, 0, 0, 0, 0, 0, 0, 0.5, 0, 0.5, 0, 0.5, 0, 0
6637.5, 6630, 0, 0, 0, 0, 0, 0, 0, 0, 0, 0, 0, 0.5, 0, 0.5, 0, 0.5, 0, 0
6652.5, 6645, 0, 0, 0, 0, 0, 0, 0, 0, 0, 0, 0, 0.5, 0, 0.5, 0, 0.5, 0, 0
6667.5, 6660, 0, 0, 0, 0, 0, 0, 0, 0, 0, 0, 0, 0.5, 0, 0.5, 0, 0.5, 0, 0
6682.5, 6675, 0, 0, 0, 0, 0, 0, 0, 0, 0, 0, 0, 0.5, 0, 0.5, 0, 0.5, 0, 0
6697.5, 6690, 0, 0, 0, 0, 0, 0, 0, 0, 0, 0, 0, 0.5, 0, 0.5, 0, 0.5, 0, 0
6712.5, 6705, 0, 0, 0, 0, 0, 0, 0, 0, 0, 0, 0, 0.5, 0, 0.5, 0, 0.5, 0, 0
6727.5, 6720, 0, 0, 0, 0, 0, 0, 0, 0, 0, 0, 0, 0.5, 0, 0.5, 0, 0.5, 0, 0
6742.5, 6735, 0, 0, 0, 0, 0, 0, 0, 0, 0, 0, 0, 0.5, 0, 0.5, 0, 0.5, 0, 0
6757.5, 6750, 0, 0, 0, 0, 0, 0, 0, 0, 0, 0, 0, 0.5, 0, 0.5, 0, 0.5, 0, 0
6772.5, 6765, 0, 0, 0, 0, 0, 0, 0, 0, 0, 0, 0, 0.5, 0, 0.5, 0, 0.5, 0, 0
6787.5, 6780, 0, 0, 0, 0, 0, 0, 0, 0, 0, 0, 0, 0.5, 0, 0.5, 0, 0.5, 0, 0
6802.5, 6795, 0, 0, 0, 0, 0, 0, 0, 0, 0, 0, 0, 0.5, 0, 0.5, 0, 0.5, 0, 0
6817.5, 6810, 0, 0, 0, 0, 0, 0, 0, 0, 0, 0, 0, 0.5, 0, 0.5, 0, 0.5, 0, 0
6832.5, 6825, 0, 0, 0, 0, 0, 0, 0, 0, 0, 0, 0, 0.5, 0, 0.5, 0, 0.5, 0, 0
6847.5, 6840, 0, 0, 0, 0, 0, 0, 0, 0, 0, 0, 0, 0.5, 0, 0.5, 0, 0.5, 0, 0
6862.5, 6855, 0, 0, 0, 0, 0, 0, 0, 0, 0, 0, 0, 0.5, 0, 0.5, 0, 0.5, 0, 0
6877.5, 6870, 0, 0, 0, 0, 0, 0, 0, 0, 0, 0, 0, 0.5, 0, 0.5, 0, 0.5, 0, 0
6892.5, 6885, 0, 0, 0, 0, 0, 0, 0, 0, 0, 0, 0, 0.5, 0, 0.5, 0, 0.5, 0, 0
6907.5, 6900, 0, 0, 0, 0, 0, 0, 0, 0, 0, 0, 0, 0.5, 0, 0.5, 0, 0.5, 0, 0
6922.5, 6915, 0, 0, 0, 0, 0, 0, 0, 0, 0, 0, 0, 0.5, 0, 0.5, 0, 0.5, 0, 0
6937.5, 6930, 0, 0, 0, 0, 0, 0, 0, 0, 0, 0, 0, 0.5, 0, 0.5, 0, 0.5, 0, 0
6952.5, 6945, 0, 0, 0, 0, 0, 0, 0, 0, 0, 0, 0, 0.5, 0, 0.5, 0, 0.5, 0, 0
6967.5, 6960, 0, 0, 0, 0, 0, 0, 0, 0, 0, 0, 0, 0.5, 0, 0.5, 0, 0.5, 0, 0
6982.5, 6975, 0, 0, 0, 0, 0, 0, 0, 0, 0, 0, 0, 0.5, 0, 0.5, 0, 0.5, 0, 0
6997.5, 6990, 0, 0, 0, 0, 0, 0, 0, 0, 0, 0, 0, 0.5, 0, 0.5, 0, 0.5, 0, 0
7012.5, 7005, 0, 0, 0, 0, 0, 0, 0, 0, 0, 0, 0, 0.5, 0, 0.5, 0, 0.5, 0, 0
7027.5, 7020, 0, 0, 0, 0, 0, 0, 0, 0, 0, 0, 0, 0.5, 0, 0.5, 0, 0.5, 0, 0
7042.5, 7035, 0, 0, 0, 0, 0, 0, 0, 0, 0, 0, 0, 0.5, 0, 0.5, 0, 0.5, 0, 0
7057.5, 7050, 0, 0, 0, 0, 0, 0, 0, 0, 0, 0, 0, 0.5, 0, 0.5, 0, 0.5, 0, 0
7072.5, 7065, 0, 0, 0, 0, 0, 0, 0, 0, 0, 0, 0, 0.5, 0, 0.5, 0, 0.5, 0, 0
7087.5, 7080, 0, 0, 0, 0, 0, 0, 0, 0, 0, 0, 0, 0.5, 0, 0.5, 0, 0.5, 0, 0
7102.5, 7095, 0, 0, 0, 0, 0, 0, 0, 0, 0, 0, 0, 0.5, 0, 0.5, 0, 0.5, 0, 0
7117.5, 7110, 0, 0, 0, 0, 0, 0, 0, 0, 0, 0, 0, 0.5, 0, 0.5, 0, 0.5, 0, 0
7132.5, 7125, 0, 0, 0, 0, 0, 0, 0, 0, 0, 0, 0, 0.5, 0, 0.5, 0, 0.5, 0, 0
7147.5, 7140, 0, 0, 0, 0, 0, 0, 0, 0, 0, 0, 0, 0.5, 0, 0.5, 0, 0.5, 0, 0
7162.5, 7155, 0, 0, 0, 0, 0, 0, 0, 0, 0, 0, 0, 0.5, 0, 0.5, 0, 0.5, 0, 0
7177.5, 7170, 0, 0, 0, 0, 0, 0, 0, 0, 0, 0, 0, 0.5, 0, 0.5, 0, 0.5, 0, 0
7192.5, 7185, 0, 0, 0, 0, 0, 0, 0, 0, 0, 0, 0, 0.5, 0, 0.5, 0, 0.5, 0, 0
7207.5, 7200, 0, 0, 0, 0, 0, 0, 0, 0, 0, 0, 0, 0.5, 0, 0.5, 0, 0.5, 0, 0
7222.5, 7215, 0, 0, 0, 0, 0, 0, 0, 0, 0, 0, 0, 0.5, 0, 0.5, 0, 0.5, 0, 0
7237.5, 7230, 0, 0, 0, 0, 0, 0, 0, 0, 0, 0, 0, 0.5, 0, 0.5, 0, 0.5, 0, 0
7252.5, 7245, 0, 0, 0, 0, 0, 0, 0, 0, 0, 0, 0, 0.5, 0, 0.5, 0, 0.5, 0, 0
7267.5, 7260, 0, 0, 0, 0, 0, 0, 0, 0, 0, 0, 0, 0.5, 0, 0.5, 0, 0.5, 0, 0
7282.5, 7275, 0, 0, 0, 0, 0, 0, 0, 0, 0, 0, 0, 0.5, 0, 0.5, 0, 0.5, 0, 0
7297.5, 7290, 0, 0, 0, 0, 0, 0, 0, 0, 0, 0, 0, 0.5, 0, 0.5, 0, 0.5, 0, 0
7312.5, 7305, 0, 0, 0, 0, 0, 0, 0, 0, 0, 0, 0, 0.5, 0, 0.5, 0, 0.5, 0, 0
7327.5, 7320, 0, 0, 0, 0, 0, 0, 0, 0, 0, 0, 0, 0.5, 0, 0.5, 0, 0.5, 0, 0
7342.5, 7335, 0, 0, 0, 0, 0, 0, 0, 0, 0, 0, 0, 0.5, 0, 0.5, 0, 0.5, 0, 0
7357.5, 7350, 0, 0, 0, 0, 0, 0, 0, 0, 0, 0, 0, 0.5, 0, 0.5, 0, 0.5, 0, 0
7372.5, 7365, 0, 0, 0, 0, 0, 0, 0, 0, 0, 0, 0, 0.5, 0, 0.5, 0, 0.5, 0, 0
7387.5, 7380, 0, 0, 0, 0, 0, 0, 0, 0, 0, 0, 0, 0.5, 0, 0.5, 0, 0.5, 0, 0
7402.5, 7395, 0, 0, 0, 0, 0, 0, 0, 0, 0, 0, 0, 0.5, 0, 0.5, 0, 0.5, 0, 0
7417.5, 7410, 0, 0, 0, 0, 0, 0, 0, 0, 0, 0, 0, 0.5, 0, 0.5, 0, 0.5, 0, 0
7432.5, 7425, 0, 0, 0, 0, 0, 0, 0, 0, 0, 0, 0, 0.5, 0, 0.5, 0, 0.5, 0, 0
7447.5, 7440, 0, 0, 0, 0, 0, 0, 0, 0, 0, 0, 0, 0.5, 0, 0.5, 0, 0.5, 0, 0
7462.5, 7455, 0, 0, 0, 0, 0, 0, 0, 0, 0, 0, 0, 0.5, 0, 0.5, 0, 0.5, 0, 0
7477.5, 7470, 0, 0, 0, 0, 0, 0, 0, 0, 0, 0, 0, 0.5, 0, 0.5, 0, 0.5, 0, 0
7492.5, 7485, 0, 0, 0, 0, 0, 0, 0, 0, 0, 0, 0, 0.5, 0, 0.5, 0, 0.5, 0, 0
7507.5, 7500, 0, 0, 0, 0, 0, 0, 0, 0, 0, 0, 0, 0.5, 0, 0.5, 0, 0.5, 0, 0
7522.5, 7515, 0, 0, 0, 0, 0, 0, 0, 0, 0, 0, 0, 0.5, 0, 0.5, 0, 0.5, 0, 0
7537.5, 7530, 0, 0, 0, 0, 0, 0, 0, 0, 0, 0, 0, 0.5, 0, 0.5, 0, 0.5, 0, 0
7552.5, 7545, 0, 0, 0, 0, 0, 0, 0, 0, 0, 0, 0, 0.5, 0, 0.5, 0, 0.5, 0, 0
7567.5, 7560, 0, 0, 0, 0, 0, 0, 0, 0, 0, 0, 0, 0.5, 0, 0.5, 0, 0.5, 0, 0
7582.5, 7575, 0, 0, 0, 0, 0, 0, 0, 0, 0, 0, 0, 0.5, 0, 0.5, 0, 0.5, 0, 0
7597.5, 7590, 0, 0, 0, 0, 0, 0, 0, 0, 0, 0, 0, 0.5, 0, 0.5, 0, 0.5, 0, 0
7612.5, 7605, 0, 0, 0, 0, 0, 0, 0, 0, 0, 0, 0, 0.5, 0, 0.5, 0, 0.5, 0, 0
7627.5, 7620, 0, 0, 0, 0, 0, 0, 0, 0, 0, 0, 0, 0.5, 0, 0.5, 0, 0.5, 0, 0
7642.5, 7635, 0, 0, 0, 0, 0, 0, 0, 0, 0, 0, 0, 0.5, 0, 0.5, 0, 0.5, 0, 0
7657.5, 7650, 0, 0, 0, 0, 0, 0, 0, 0, 0, 0, 0, 0.5, 0, 0.5, 0, 0.5, 0, 0
7672.5, 7665, 0, 0, 0, 0, 0, 0, 0, 0, 0, 0, 0, 0.5, 0, 0.5, 0, 0.5, 0, 0
7687.5, 7680, 0, 0, 0, 0, 0, 0, 0, 0, 0, 0, 0, 0.5, 0, 0.5, 0, 0.5, 0, 0
7702.5, 7695, 0, 0, 0, 0, 0, 0, 0, 0, 0, 0, 0, 0.5, 0, 0.5, 0, 0.5, 0, 0
7717.5, 7710, 0, 0, 0, 0, 0, 0, 0, 0, 0, 0, 0, 0.5, 0, 0.5, 0, 0.5, 0, 0
7732.5, 7725, 0, 0, 0, 0, 0, 0, 0, 0, 0, 0, 0, 0.5, 0, 0.5, 0, 0.5, 0, 0
7747.5, 7740, 0, 0, 0, 0, 0, 0, 0, 0, 0, 0, 0, 0.5, 0, 0.5, 0, 0.5, 0, 0
7762.5, 7755, 0, 0, 0, 0, 0, 0, 0, 0, 0, 0, 0, 0.5, 0, 0.5, 0, 0.5, 0, 0
7777.5, 7770, 0, 0, 0, 0, 0, 0, 0, 0, 0, 0, 0, 0.5, 0, 0.5, 0, 0.5, 0, 0
7792.5, 7785, 0, 0, 0, 0, 0, 0, 0, 0, 0, 0, 0, 0.5, 0, 0.5, 0, 0.5, 0, 0
7807.5, 7800, 0, 0, 0, 0, 0, 0, 0, 0, 0, 0, 0, 0.5, 0, 0.5, 0, 0.5, 0, 0
7822.5, 7815, 0, 0, 0, 0, 0, 0, 0, 0, 0, 0, 0, 0.5, 0, 0.5, 0, 0.5, 0, 0
7837.5, 7830, 0, 0, 0, 0, 0, 0, 0, 0, 0, 0, 0, 0.5, 0, 0.5, 0, 0.5, 0, 0
7852.5, 7845, 0, 0, 0, 0, 0, 0, 0, 0, 0, 0, 0, 0.5, 0, 0.5, 0, 0.5, 0, 0
7867.5, 7860, 0, 0, 0, 0, 0, 0, 0, 0, 0, 0, 0, 0.5, 0, 0.5, 0, 0.5, 0, 0
7882.5, 7875, 0, 0, 0, 0, 0, 0, 0, 0, 0, 0, 0, 0.5, 0, 0.5, 0, 0.5, 0, 0
7897.5, 7890, 0, 0, 0, 0, 0, 0, 0, 0, 0, 0, 0, 0.5, 0, 0.5, 0, 0.5, 0, 0
7912.5, 7905, 0, 0, 0, 0, 0, 0, 0, 0, 0, 0, 0, 0.5, 0, 0.5, 0, 0.5, 0, 0
7927.5, 7920, 0, 0, 0, 0, 0, 0, 0, 0, 0, 0, 0, 0.5, 0, 0.5, 0, 0.5, 0, 0
7942.5, 7935, 0, 0, 0, 0, 0, 0, 0, 0, 0, 0, 0, 0.5, 0, 0.5, 0, 0.5, 0, 0
7957.5, 7950, 0, 0, 0, 0, 0, 0, 0, 0, 0, 0, 0, 0.5, 0, 0.5, 0, 0.5, 0, 0
7972.5, 7965, 0, 0, 0, 0, 0, 0, 0, 0, 0, 0, 0, 0.5, 0, 0.5, 0, 0.5, 0, 0
7987.5, 7980, 0, 0, 0, 0, 0, 0, 0, 0, 0, 0, 0, 0.5, 0, 0.5, 0, 0.5, 0, 0
