xunit, xunit_low, fitted_data, total_model, Nnbb_coax, Ac228_holders, Co60_cables, K40_close, K40_far, K42_close_coax, K42_far, K42_inside_ms, Th228_cables, U238_cables, alpha_high_energy_coax, 1sig_p, 1sig_m, 2sig_p, 2sig_m, 3sig_p, 3sig_m, norm_pois_res
570, 565, 0, 1634.79, 0, 0, 0, 0, 0, 0, 0, 0, 0, 0, 1634.79, 111.7, 106.233, 114.367, 103.567, 117.033, 100.967, -23.8369
580, 575, 0, 0.430186, 0, 0, 0, 0, 0, 0, 0, 0, 0, 0, 0.430186, 0.1, 0, 0.166667, 0, 0.233333, 0, 0.942845
590, 585, 2912, 9.67305, 6.78536, 0.0715762, 0.00062775, 0.249909, 0.0660175, 0.648966, 0.496647, 0.123767, 0.0893122, 0.793271, 0.347599, 0.833333, 0.366667, 1.1, 0.233333, 1.36667, 0.1, 3.27528
600, 595, 6659, 34.1939, 24.7851, 0.231364, 0.00134518, 0.802737, 0.213586, 3.16087, 1.49415, 0.426481, 0.124382, 2.62618, 0.327781, 2.63333, 1.83333, 3.1, 1.5, 3.5, 1.16667, 3.47896
610, 605, 7525, 44.9553, 32.0617, 0.257692, 0.00185336, 0.992062, 0.209703, 5.9723, 1.75089, 0.431469, 0.140896, 2.81365, 0.323086, 3.43333, 2.5, 3.9, 2.1, 4.36667, 1.7, 3.51839
620, 615, 8311, 54.8685, 38.6523, 0.359389, 0.00176368, 0.901186, 0.25242, 7.61967, 2.47061, 0.433028, 0.182561, 3.64664, 0.348906, 4.16667, 3.1, 4.7, 2.63333, 5.16667, 2.16667, 81.4237
630, 625, 8314, 65.9863, 45.0416, 0.493248, 0.00230175, 1.15109, 0.446589, 8.46832, 4.10365, 0.439575, 0.217156, 5.30544, 0.317359, 4.96667, 3.83333, 5.5, 3.3, 6.03333, 2.76667, 77.0649
640, 635, 7663, 76.6653, 51.4839, 0.646625, 0.00254089, 1.34799, 0.598041, 8.08711, 6.27543, 0.405282, 0.259435, 7.2368, 0.322108, 5.7, 4.5, 6.3, 3.9, 6.9, 3.36667, 65.9369
650, 645, 6601, 87.8732, 58.4591, 1.02225, 0.00304907, 1.52217, 0.702892, 7.62421, 8.72289, 0.369742, 0.280651, 8.85579, 0.31037, 6.5, 5.23333, 7.16667, 4.56667, 7.76667, 3.96667, 62.0997
660, 655, 5750, 98.6737, 65.5219, 0.91055, 0.00355725, 1.75693, 0.854344, 7.07962, 10.0718, 0.361013, 0.324746, 11.4805, 0.308668, 7.3, 5.9, 7.9, 5.23333, 8.56667, 4.56667, 64.6629
670, 665, 7777, 156.408, 109.188, 1.44594, 0.00517146, 2.31734, 0.900945, 9.24663, 15.4318, 0.476985, 0.452055, 16.6269, 0.31584, 11.3, 9.56667, 12.1, 8.7, 12.9667, 7.9, 42.9856
680, 675, 9385, 232.211, 170, 2.01702, 0.00672589, 2.93832, 1.11841, 12.1806, 21.7325, 0.574877, 0.529904, 20.727, 0.386023, 16.5, 14.4333, 17.5667, 13.4333, 18.5, 12.4333, 29.5167
690, 685, 13064, 383.562, 280.656, 3.61361, 0.0109109, 5.26323, 2.09703, 16.7233, 33.0754, 0.913443, 0.877593, 39.648, 0.683382, 26.9, 24.2333, 28.2333, 22.9, 29.5, 21.6333, 14.5234
700, 695, 13903, 499.598, 369.509, 10.3764, 0.0156041, 6.68695, 3.33194, 17.7422, 39.0794, 1.06714, 1.16649, 50.3333, 0.288952, 34.8333, 31.7667, 36.3, 30.3, 37.7667, 28.8333, 7.17631
710, 705, 12606, 526.186, 402.621, 5.40313, 0.0220011, 8.61807, 4.18629, 16.4216, 38.991, 1.0662, 1.13983, 47.4254, 0.292154, 36.6333, 33.5, 38.1667, 31.9667, 39.6333, 30.5, 7.01057
720, 715, 11558, 555.994, 431.697, 3.34443, 0.0242132, 9.72372, 4.79209, 15.0533, 37.7515, 1.07431, 1.15476, 51.0811, 0.297071, 38.7, 35.4333, 40.2333, 33.9, 41.7667, 32.3667, 5.89522
730, 725, 10227, 663.387, 462.951, 3.18812, 0.0225093, 8.83011, 4.49696, 13.2788, 35.0283, 1.05529, 1.13106, 133.104, 0.30125, 45.9667, 42.5, 47.7, 40.7667, 49.3667, 39.1, -0.636241
740, 735, 9241, 600.062, 493.375, 3.87523, 0.0212239, 8.82254, 4.47366, 12.8205, 33.8856, 0.96987, 1.13992, 40.3724, 0.306911, 41.7, 38.3667, 43.3, 36.7, 44.9, 35.1, 1.38543
750, 745, 8337, 624.63, 520.882, 4.05773, 0.0203271, 8.28485, 3.96105, 11.3932, 31.0804, 0.895361, 1.21816, 42.5258, 0.31177, 43.3667, 39.9667, 45.0333, 38.3, 46.6333, 36.6333, 3.21574
760, 755, 7666, 896.113, 550.547, 2.91601, 0.0185336, 7.61086, 3.47174, 10.3812, 29.8157, 0.901908, 5.70792, 284.424, 0.317039, 61.7667, 57.7, 63.7667, 55.7, 65.7, 53.7667, -8.38856
770, 765, 6735, 661.105, 581.872, 2.92679, 0.0187129, 7.33066, 3.52999, 9.93643, 28.5803, 0.925913, 0.696417, 24.965, 0.322871, 45.8333, 42.3, 47.5, 40.6333, 49.1667, 38.9667, -0.548566
780, 775, 6049, 693.133, 612.72, 4.40339, 0.0178759, 7.49726, 3.16884, 8.9108, 25.5773, 0.861691, 2.37881, 27.2671, 0.329828, 47.9667, 44.4333, 49.7667, 42.7, 51.4333, 40.9667, -1.63832
790, 785, 5386, 741.304, 641.683, 26.3016, 0.0177564, 7.51241, 3.21156, 8.46605, 24.0221, 0.809005, 0.626384, 28.319, 0.334552, 51.2333, 47.5667, 53.1, 45.7667, 54.8333, 44.0333, -3.53708
800, 795, 4892, 1184.29, 666.763, 1.20508, 0.0155443, 6.6188, 2.91254, 7.6401, 22.7384, 0.817422, 0.5708, 474.664, 0.341204, 81.3, 76.6333, 83.5667, 74.3667, 85.7667, 72.1, -15.5255
810, 805, 4169, 734.02, 692.329, 1.15669, 0.0166503, 6.25529, 2.81934, 7.45403, 21.3621, 0.761306, 0.575567, 0.943507, 0.347308, 50.7667, 47.1, 52.5667, 45.3, 54.3, 43.5667, -4.68834
820, 815, 3766, 758.663, 718.944, 1.12166, 0.0163813, 5.84635, 2.69895, 6.92306, 20.4151, 0.772841, 0.609984, 0.960874, 0.353594, 52.4333, 48.7, 54.3, 46.9, 56.0333, 45.1, -5.2884
830, 825, 3250, 779.826, 741.363, 1.10323, 0.0134817, 5.91451, 2.35333, 6.41478, 19.9985, 0.754136, 0.615711, 0.935818, 0.359819, 53.9, 50.1, 55.7667, 48.2333, 57.5667, 46.4333, -6.29629
840, 835, 2657, 804.679, 767.729, 1.29261, 0.0148269, 5.73276, 2.52032, 6.14702, 18.6432, 0.74073, 0.595131, 0.896772, 0.366488, 55.5667, 51.7, 57.4333, 49.8333, 59.3, 47.9667, -5.17079
850, 845, 2326, 825.745, 789.739, 1.05914, 0.013392, 5.76305, 2.62517, 5.77942, 18.0497, 0.732001, 0.663752, 0.946556, 0.373898, 56.9667, 53.1, 58.9, 51.1667, 60.7667, 49.3, -9.17829
860, 855, 2090, 847.252, 813.154, 1.07988, 0.0138404, 5.43741, 2.41935, 5.44813, 17.0207, 0.753201, 0.605017, 0.940002, 0.380566, 58.4333, 54.5, 60.3667, 52.5667, 62.3, 50.7, -6.98279
870, 865, 1805, 870.175, 834.044, 1.48504, 0.0133322, 5.53586, 2.21741, 5.55705, 16.3915, 0.716102, 2.8046, 1.02375, 0.386856, 60.0333, 56.0333, 61.9667, 54.0333, 63.9, 52.1667, -8.34528
880, 875, 1529, 888.239, 854.251, 1.10396, 0.0133621, 5.31624, 2.34556, 5.11911, 15.8632, 0.706437, 0.671785, 2.45452, 0.394032, 61.2333, 57.1667, 63.2333, 55.2333, 65.1667, 53.3, -9.50361
890, 885, 1250, 909.033, 874.306, 1.02119, 0.0126746, 5.07391, 2.12809, 5.02381, 15.4066, 0.724519, 0.560259, 4.37546, 0.400435, 62.6333, 58.5667, 64.6333, 56.5667, 66.6333, 54.6333, -10.7141
900, 895, 1173, 917.347, 887.092, 1.0911, 0.0133621, 4.99818, 2.2679, 4.68344, 14.7563, 0.698643, 0.576764, 0.761298, 0.407546, 63.2333, 59.1, 65.2333, 57.1, 67.1667, 55.1, -10.3457
910, 905, 1172, 933.671, 903.597, 1.04942, 0.0124952, 4.92245, 2.19411, 4.66529, 14.6595, 0.677132, 0.697326, 0.780119, 0.416322, 64.3, 60.1667, 66.3667, 58.1667, 68.3, 56.1667, -11.2472
920, 915, 1005, 947.544, 916.565, 1.03039, 0.012286, 4.93759, 2.27566, 4.45653, 13.3968, 0.681185, 0.62787, 3.13898, 0.421734, 65.2333, 61.1, 67.3, 59.0333, 69.3, 57.0333, -12.4599
930, 925, 946, 961.507, 933.378, 1.10616, 0.0121365, 4.7104, 2.25625, 4.34988, 13.1233, 0.681185, 0.571608, 0.889925, 0.428897, 66.1667, 62.0333, 68.2333, 59.9667, 70.3, 57.9, -13.3677
940, 935, 1000, 974.7, 946.341, 1.19162, 0.0130034, 5.08905, 2.19799, 4.45199, 12.9865, 0.671209, 0.553813, 0.768303, 0.435852, 67.1, 62.9, 69.1667, 60.7667, 71.1667, 58.7667, -13.5073
950, 945, 1005, 988.422, 954.207, 1.16216, 0.0112696, 4.70283, 2.13586, 4.29089, 12.4625, 0.660921, 6.27441, 2.07056, 0.443644, 68.0333, 63.7667, 70.1, 61.7, 72.1667, 59.6333, -13.5952
960, 955, 960, 988.479, 961.135, 1.12439, 0.0126447, 4.97546, 2.12033, 4.07078, 12.3046, 0.675574, 0.783231, 0.827726, 0.449888, 68.0333, 63.7667, 70.1, 61.7, 72.1667, 59.6333, -14.3282
970, 965, 1001, 1001.17, 970.316, 1.19062, 0.0124354, 4.38476, 2.13198, 4.03902, 11.9953, 0.672144, 0.379742, 5.58731, 0.458249, 68.9, 64.6333, 70.9667, 62.5, 73.0333, 60.4333, -14.8909
980, 975, 1005, 1003.12, 977.554, 1.25554, 0.0113593, 4.77856, 2.2679, 3.75538, 11.2798, 0.679938, 0.403076, 0.671619, 0.465334, 69.0333, 64.7, 71.1, 62.6333, 73.1667, 60.5667, -15.2223
990, 985, 999, 1004.89, 980.015, 1.25621, 0.0117479, 4.28631, 2.15528, 3.72134, 11.2819, 0.659362, 0.359503, 0.668286, 0.47287, 69.1667, 64.8333, 71.2333, 62.7667, 73.3, 60.7, -15.8009
1000, 995, 1063, 1007.68, 983.334, 1.34999, 0.0124354, 4.08942, 2.15528, 3.72815, 10.7747, 0.699579, 0.376492, 0.676354, 0.480062, 69.3, 65.0333, 71.4333, 62.9, 73.5, 60.8333, -15.8039
1010, 1005, 1042, 1012.66, 988.028, 1.46404, 0.0127344, 4.30146, 2.17469, 3.62604, 10.9494, 0.64658, 0.356167, 0.611592, 0.487687, 69.6333, 65.3667, 71.7667, 63.2333, 73.8333, 61.1667, -16.8642
1020, 1015, 1005, 1013.62, 989.264, 1.6541, 0.0130931, 4.37719, 2.02713, 3.47628, 10.5895, 0.704567, 0.365501, 0.652929, 0.495521, 69.7, 65.4333, 71.8333, 63.3, 73.9, 61.2333, -17.4832
1030, 1025, 1005, 1010.01, 985.32, 1.71905, 0.0128838, 4.73312, 2.30285, 3.48535, 10.2949, 0.672144, 0.395095, 0.568454, 0.503662, 69.5, 65.1667, 71.5667, 63.1, 73.6333, 61.0333, -18.5021
1040, 1035, 1035, 1008.39, 984.171, 1.7133, 0.0114191, 4.43777, 2.29508, 3.35828, 10.2465, 0.663415, 0.38602, 0.595364, 0.511243, 69.3667, 65.1, 71.5, 62.9667, 73.5667, 60.9, -17.7732
1050, 1045, 994, 1019.15, 980.288, 1.75318, 0.0121664, 4.22573, 2.37663, 3.55343, 10.2928, 0.678691, 14.8759, 0.577469, 0.518835, 70.1, 65.7667, 72.2333, 63.6333, 74.3, 61.5667, -19.0499
1060, 1055, 990, 997.61, 974.416, 1.70541, 0.0144681, 4.20301, 2.25625, 3.24937, 9.90348, 0.62694, 0.0879328, 0.620492, 0.526976, 68.6333, 64.3667, 70.7667, 62.3, 72.7667, 60.2333, -17.7493
1070, 1065, 994, 991.931, 968.521, 1.85965, 0.0131827, 4.30146, 2.27955, 3.29248, 9.86349, 0.637851, 0.0978522, 0.530415, 0.534416, 68.2333, 63.9667, 70.3667, 61.9, 72.3667, 59.8333, -17.3974
1080, 1075, 961, 982.497, 958.693, 2.07087, 0.0136311, 4.28631, 2.2912, 3.29021, 9.68462, 0.631304, 0.0880439, 0.9053, 0.541748, 67.6333, 63.3667, 69.7, 61.3, 71.7667, 59.2333, -17.3393
1090, 1085, 981, 991.089, 952.708, 2.92056, 0.0143785, 4.43777, 2.22129, 3.20398, 9.77511, 0.642216, 0.268798, 14.3475, 0.549726, 68.2333, 63.9667, 70.3, 61.8333, 72.3667, 59.8333, -19.0616
1100, 1095, 942, 960.82, 937.7, 1.98102, 0.0155443, 4.3469, 2.22518, 3.1291, 9.79194, 0.623199, 0.0771708, 0.370473, 0.559736, 66.1667, 61.9667, 68.2333, 59.9, 70.2333, 57.9, -18.5766
1110, 1105, 928, 952.711, 930.502, 1.58317, 0.0159329, 4.15, 2.33003, 3.13591, 9.33949, 0.655621, 0.0827641, 0.350776, 0.56581, 65.6333, 61.4333, 67.6333, 59.3667, 69.6333, 57.3667, -17.8096
1120, 1115, 933, 946.183, 915.014, 3.44697, 0.0160525, 4.52865, 2.41158, 3.04742, 9.52257, 0.630993, 0.086547, 6.90522, 0.573331, 65.1667, 60.9667, 67.2333, 58.9667, 69.1667, 56.9667, -17.2036
1130, 1125, 891, 928.509, 904.794, 1.48913, 0.0163215, 4.35447, 2.27955, 3.00884, 9.32265, 0.652192, 0.0871667, 1.92292, 0.581646, 63.9667, 59.8333, 65.9667, 57.8333, 67.9667, 55.8333, -18.2305
1140, 1135, 960, 913.727, 889.864, 1.32351, 0.0178759, 4.63467, 2.3611, 3.10868, 9.35211, 0.647204, 1.60479, 0.223891, 0.589214, 62.9667, 58.9, 64.9667, 56.8333, 66.9, 54.9, -19.8071
1150, 1145, 913, 896.295, 873.9, 1.56121, 0.0190119, 4.61953, 2.41935, 2.88631, 9.37947, 0.646269, 0.0642969, 0.200805, 0.597849, 61.7667, 57.7, 63.7667, 55.7667, 65.7, 53.7667, -19.1493
1160, 1155, 885, 880.903, 858.026, 1.34957, 0.020088, 4.46049, 2.52808, 3.14953, 9.78563, 0.636916, 0.12641, 0.215614, 0.605457, 60.7667, 56.7, 62.7, 54.7667, 64.6333, 52.8333, -18.1908
1170, 1165, 895, 908.378, 841.273, 46.1181, 0.0215826, 4.59681, 2.55138, 2.98842, 9.32476, 0.626628, 0.0539183, 0.209516, 0.613475, 62.5667, 58.5, 64.6333, 56.5, 66.5667, 54.5667, -19.5219
1180, 1175, 843, 840.993, 819.405, 0.754711, 0.024841, 4.55894, 2.6873, 3.08372, 8.97963, 0.614781, 0.0598043, 0.202983, 0.620827, 58.0333, 54.1, 59.9667, 52.1667, 61.8333, 50.3, -19.7929
1190, 1185, 821, 821.728, 800.025, 0.963406, 0.0257676, 4.68768, 2.52032, 2.82277, 8.967, 0.63411, 0.0647355, 0.388542, 0.628697, 56.7, 52.8333, 58.6333, 50.9667, 60.5, 49.1, -16.491
1200, 1195, 817, 804.346, 782.008, 1.07313, 0.0305804, 5.00575, 2.88535, 2.84773, 8.94806, 0.606052, 0.0960851, 0.20821, 0.637102, 55.5667, 51.7, 57.4333, 49.8333, 59.3, 47.9667, -17.7126
1210, 1205, 812, 817.101, 763.091, 33.1234, 0.029295, 4.80128, 2.68342, 2.89765, 8.91229, 0.601376, 0.0608279, 0.255688, 0.644889, 56.4333, 52.5667, 58.3, 50.6333, 60.1667, 48.7667, -19.0695
1220, 1215, 784, 763.046, 741.131, 0.587315, 0.0267541, 5.08905, 2.88924, 2.8205, 8.94175, 0.638475, 0.0583903, 0.209516, 0.653587, 52.7667, 48.9667, 54.5667, 47.1667, 56.3667, 45.3667, -16.9077
1230, 1225, 747, 739.315, 717.563, 0.235046, 0.0288466, 5.41469, 2.92807, 2.79781, 8.81127, 0.627251, 0.0605139, 0.187301, 0.661349, 51.1, 47.4333, 52.9667, 45.6333, 54.7, 43.9, -17.4075
1240, 1235, 705, 718.009, 695.765, 0.296175, 0.029564, 5.31624, 3.19214, 2.74562, 9.07433, 0.646892, 0.0596714, 0.213437, 0.669598, 49.7, 46.0333, 51.4333, 44.3, 53.2333, 42.5, -17.6151
1250, 1245, 650, 700.113, 676.432, 0.365622, 0.0303412, 5.92208, 3.25816, 2.94984, 9.53941, 0.66248, 0.0624995, 0.212565, 0.678032, 48.5, 44.9, 50.2333, 43.1, 51.9667, 41.4333, -16.4444
1260, 1255, 652, 676.396, 653.345, 0.344151, 0.0311782, 5.84635, 3.34359, 2.71386, 9.2027, 0.616964, 0.0580557, 0.208645, 0.685494, 46.8333, 43.3, 48.5667, 41.6333, 50.3, 39.9, -16.818
1270, 1265, 640, 651.921, 628.258, 0.496264, 0.0307597, 5.9448, 3.70863, 2.8137, 9.06802, 0.629122, 0.0580275, 0.219535, 0.693893, 45.1667, 41.7, 46.9, 40.0333, 48.5667, 38.3667, -16.7597
1280, 1275, 665, 632.262, 608.394, 0.535125, 0.0313875, 6.39918, 3.40184, 2.66394, 9.108, 0.629434, 0.152619, 0.244363, 0.702195, 43.8333, 40.4333, 45.5, 38.7667, 47.1667, 37.1667, -16.316
1290, 1285, 609, 609.5, 584.666, 0.266586, 0.0314473, 6.96715, 3.92998, 2.61855, 9.2511, 0.618211, 0.225411, 0.215614, 0.710397, 42.3, 38.9667, 43.9667, 37.3, 45.5667, 35.7, -14.1566
1300, 1295, 585, 588.054, 562.514, 0.628992, 0.0317462, 7.20192, 3.94552, 2.67301, 9.40052, 0.624134, 0.0959983, 0.21997, 0.718146, 40.8333, 37.5667, 42.4333, 35.9667, 44.0333, 34.3667, -14.8477
1310, 1305, 620, 568.721, 540.848, 1.03736, 0.0326131, 8.08038, 4.03095, 2.7842, 9.44681, 0.616964, 0.0606667, 1.05716, 0.726234, 39.5667, 36.3, 41.1, 34.7, 42.6333, 33.1667, -15.2098
1320, 1315, 529, 543.826, 517.183, 0.170567, 0.0292352, 8.27728, 4.31055, 2.67301, 9.54151, 0.606676, 0.0613911, 0.238265, 0.734552, 37.8333, 34.7, 39.3667, 33.1, 40.9, 31.6333, -14.0577
1330, 1325, 482, 522.155, 493.58, 0.412156, 0.0301918, 9.3375, 4.91636, 2.58679, 9.56677, 0.642527, 0.0545649, 0.285744, 0.742847, 36.3667, 33.2333, 37.9, 31.7667, 39.3667, 30.2333, -13.8794
1340, 1335, 491, 501.79, 471.833, 0.329246, 0.0419397, 9.8146, 5.34742, 2.6662, 10.0318, 0.629746, 0.0572883, 0.287922, 0.750513, 34.9667, 31.9, 36.4333, 30.4333, 37.9, 28.9667, -13.2938
1350, 1345, 437, 478.861, 446.558, 0.211557, 1.2601, 10.9733, 5.53382, 2.63898, 10.0087, 0.612287, 0.059218, 0.24567, 0.758944, 33.4333, 30.4333, 34.9, 28.9667, 36.3, 27.5667, -13.4745
1360, 1355, 510, 461.141, 427.078, 0.153488, 0.0204168, 12.2834, 6.41923, 2.87042, 10.6, 0.64128, 0.0669214, 0.241314, 0.766776, 32.2333, 29.3, 33.6333, 27.8333, 35.0333, 26.4333, -13.744
1370, 1365, 413, 440.266, 403.286, 0.157747, 0.0194005, 14.063, 7.28911, 2.88631, 10.8126, 0.656245, 0.0663499, 0.253075, 0.775971, 30.7667, 27.9, 32.1667, 26.5, 33.5667, 25.1667, -13.0712
1380, 1375, 418, 422.215, 382.645, 0.180704, 0.0170987, 15.9109, 7.89103, 2.91581, 10.9136, 0.643151, 0.0679244, 0.244799, 0.784434, 29.5667, 26.7667, 30.9, 25.3667, 32.2333, 24.0333, -13.1018
1390, 1385, 390, 405.497, 362.405, 0.27781, 0.0155443, 17.7511, 8.37257, 2.86816, 11.6165, 0.688044, 0.0716991, 0.638567, 0.791876, 28.4333, 25.6333, 29.7667, 24.3, 31.0333, 23.0333, -12.3403
1400, 1395, 396, 381.679, 341.187, 0.532352, 0.0151258, 15.0021, 7.55318, 3.17449, 12.3678, 0.695838, 0.0745541, 0.277468, 0.799579, 26.7667, 24.1, 28.1, 22.8333, 29.3667, 21.5667, -13.0872
1410, 1405, 332, 364.205, 321.895, 0.171321, 0.0137208, 15.873, 8.00365, 3.19037, 13.1569, 0.735742, 0.086235, 0.269191, 0.809837, 25.5667, 22.9667, 26.8333, 21.7, 28.1, 20.5, -11.7482
1420, 1415, 367, 345.401, 301.526, 0.433316, 0.01396, 16.2441, 7.9221, 3.43543, 13.824, 0.745407, 0.0913472, 0.34629, 0.818987, 24.3, 21.7667, 25.5, 20.5, 26.7667, 19.3, -11.2134
1430, 1425, 343, 327.756, 282.871, 0.173118, 0.0149464, 16.2895, 8.11239, 3.53301, 14.8426, 0.744471, 0.0899056, 0.258737, 0.826864, 23.1, 20.6333, 24.3, 19.4333, 25.4333, 18.2333, -10.4814
1440, 1435, 327, 307.205, 263.388, 0.192992, 0.0153051, 16.3501, 8.81916, 3.21533, 13.3232, 0.707373, 0.0894522, 0.270063, 0.833931, 21.7, 19.3, 22.8333, 18.1, 23.9667, 16.9667, -10.6237
1450, 1445, 300, 291.374, 246.447, 0.188911, 1.05342, 16.4864, 8.70654, 3.19945, 13.3274, 0.740419, 0.0972532, 0.284001, 0.843379, 20.5667, 18.2333, 21.7, 17.1, 22.8333, 16.0333, -11.2113
1460, 1455, 306, 271.353, 228.773, 0.239238, 0.041581, 15.2066, 8.14345, 3.22441, 13.7609, 0.707996, 0.115343, 0.289228, 0.85097, 19.2333, 16.9667, 20.3, 15.8333, 21.3667, 14.7667, 90.0666
1472.5, 1465, 248, 252.665, 212.028, 0.266098, 0.00490243, 13.7071, 7.53765, 3.31517, 13.843, 0.70332, 0.114172, 0.286179, 0.859715, 17.9667, 15.7667, 18.9667, 14.7, 20.0333, 13.6333, -7.59117
1487.5, 1480, 233, 240.393, 197.561, 0.587226, 0.005859, 11.6927, 7.25028, 3.21987, 13.9503, 0.717349, 0.123058, 4.41683, 0.868159, 17.1, 14.9667, 18.1, 13.9, 19.1, 12.9, -8.15195
1502.5, 1495, 243, 219.244, 181.499, 0.199757, 0.00675578, 10.7234, 7.16096, 3.17902, 14.1944, 0.74416, 0.145047, 0.515732, 0.87625, 15.6333, 13.5667, 16.6333, 12.6333, 17.5667, 11.6333, -7.78313
1515, 1510, 202, 204.946, 167.252, 0.211934, 0.00744332, 10.2387, 8.06579, 3.01565, 13.9314, 0.714231, 0.123915, 0.500923, 0.884645, 14.6333, 12.7, 15.6333, 11.7, 16.5, 10.7667, -9.28658
1525, 1520, 201, 190.863, 153.622, 0.204437, 0.00807107, 10.2084, 8.72984, 2.91127, 13.1822, 0.673391, 0.113969, 0.317977, 0.89228, 13.7, 11.7667, 14.5667, 10.8333, 15.5, 9.96667, 38.3731
1537.5, 1530, 190, 177.183, 139.595, 0.371433, 0.00816075, 9.9812, 9.99583, 2.70251, 12.5403, 0.679315, 0.123713, 0.284001, 0.901615, 12.7, 10.9, 13.6333, 10.0333, 14.5, 9.16667, -7.82682
1552.5, 1545, 169, 165.493, 127.248, 0.221915, 0.00789171, 9.76916, 11.6734, 2.43929, 12.1636, 0.642216, 0.127147, 0.289664, 0.910622, 11.9, 10.1667, 12.7667, 9.3, 13.6333, 8.43333, -8.04492
1567.5, 1560, 1805, 1776.61, 116.622, 1.17754, 0.00848957, 1173.06, 468.666, 2.33945, 12.736, 0.62694, 0.12994, 0.33148, 0.918617, 121.3, 115.633, 124.1, 112.833, 126.833, 110.1, -40.9874
1582.5, 1575, 112, 121.55, 104.289, 0.268405, 0.00780203, 0, 0, 2.20331, 12.7297, 0.616964, 0.120899, 0.38767, 0.927132, 8.9, 7.36667, 9.63333, 6.63333, 10.3, 5.9, -4.58508
1597.5, 1590, 118, 114.413, 94.7155, 1.04572, 0.00834011, 0, 0, 2.28046, 14.2807, 0.633487, 0.118287, 0.39464, 0.936283, 8.36667, 6.9, 9.1, 6.16667, 9.76667, 5.5, -7.51779
1612.5, 1605, 104, 106.566, 85.1862, 0.732087, 0.00720418, 0, 0, 2.03539, 15.1456, 0.576124, 1.3734, 0.564954, 0.944571, 7.83333, 6.36667, 8.5, 5.7, 9.16667, 5.03333, -7.32007
1627.5, 1620, 759, 780.104, 75.2524, 0.134768, 0.00765257, 0, 0, 113.775, 570.471, 18.8942, 0.163044, 0.452573, 0.953545, 53.9, 50.1, 55.7667, 48.2333, 57.5667, 46.4333, -26.5698
1642.5, 1635, 73, 72.0633, 67.6884, 0.201332, 0.00857925, 0, 0, 1.40912, 0.254637, 0.485715, 0.0833305, 0.970483, 0.961646, 5.43333, 4.23333, 5.96667, 3.63333, 6.5, 3.1, -4.71943
1657.5, 1650, 62, 63.3376, 59.4545, 0.406212, 0.00980486, 0, 0, 1.30474, 0.117848, 0.476674, 0.0790678, 0.517039, 0.971698, 4.76667, 3.63333, 5.3, 3.1, 5.83333, 2.63333, -4.31458
1672.5, 1665, 49, 55.9148, 52.3275, 0.164956, 0.00986464, 0, 0, 1.31155, 0.115744, 0.479168, 0.0772569, 0.448652, 0.980095, 4.23333, 3.16667, 4.76667, 2.7, 5.23333, 2.23333, -4.13431
1687.5, 1680, 71, 54.7805, 46.1598, 5.24161, 0.00905753, 0, 0, 1.22078, 0.115744, 0.46888, 0.0745541, 0.5031, 0.987023, 4.16667, 3.1, 4.7, 2.63333, 5.16667, 2.16667, -5.10452
1702.5, 1695, 34, 44.3981, 40.458, 0.51982, 0.00893796, 0, 0, 1.27524, 0.105222, 0.480727, 0.0710858, 0.483935, 0.995088, 3.43333, 2.5, 3.9, 2.1, 4.36667, 1.7, -3.9
1717.5, 1710, 31, 40.1684, 34.7527, 0.0854168, 0.00857925, 0, 0, 1.22305, 0.136788, 0.473244, 1.98594, 0.49918, 1.0035, 3.1, 2.23333, 3.56667, 1.83333, 4.03333, 1.5, -3.9
1730, 1725, 38, 40.5201, 29.7971, 2.97672, 0.00798139, 0, 0, 1.26163, 0.117848, 0.455474, 4.37768, 0.51399, 1.0116, 3.1, 2.23333, 3.56667, 1.83333, 4.03333, 1.5, -3.9
1747.5, 1735, 32, 29.7811, 25.5729, 0.874951, 0.00696503, 0, 0, 1.2344, 0.107326, 0.486962, 0.0224287, 0.455186, 1.02002, 2.3, 1.56667, 2.7, 1.23333, 3.16667, 0.966667, -2.52733
1765, 1760, 29, 25.7599, 21.7136, 0.0528781, 0.007533, 0, 0, 1.22078, 0.162042, 0.453916, 0.0228467, 1.09854, 1.02778, 2.03333, 1.3, 2.43333, 1.03333, 2.76667, 0.766667, 0.46607
1802.5, 1770, 25, 22.11, 18.4684, 0.33732, 0.00702482, 0, 0, 1.14136, 0.107326, 0.455163, 0.207335, 0.35021, 1.03582, 1.76667, 1.1, 2.1, 0.833333, 2.5, 0.633333, 1.03599
1839, 1835, 17, 18.668, 15.224, 0.154265, 0.00741343, 0, 0, 1.16632, 0.103117, 0.446433, 0.113182, 0.408579, 1.04468, 1.5, 0.9, 1.83333, 0.633333, 2.16667, 0.433333, -3.9
1848, 1843, 14, 15.7485, 12.5973, 0.0813577, 0.00699493, 0, 0, 1.1459, 0.107326, 0.418064, 0.0166127, 0.321897, 1.05314, 1.3, 0.766667, 1.56667, 0.5, 1.9, 0.3, -2.11252
1933.5, 1853, 13, 13.1847, 10.1907, 0.0489743, 0.00705471, 0, 0, 0.94395, 0.136788, 0.409646, 0.0166409, 0.370247, 1.06067, 1.1, 0.566667, 1.36667, 0.366667, 1.7, 0.233333, 3.32964
2039, 2014, 22, 16.0778, 8.55159, 0.0641014, 0.00639707, 0, 0, 1.05741, 0.105222, 0.393123, 0.0140704, 4.8167, 1.06923, 1.3, 0.766667, 1.63333, 0.566667, 1.96667, 0.366667, -3.9
2132, 2064, 11, 9.69431, 6.79807, 0.0342022, 0.00558996, 0, 0, 0.96891, 0.0904908, 0.417128, 0.0158607, 0.286615, 1.07744, 0.833333, 0.366667, 1.1, 0.233333, 1.36667, 0.1, 2.63326
2204, 2200, 31, 28.6102, 5.28668, 0.030742, 0.00603836, 0, 0, 0.932604, 0.0925952, 0.390941, 0.0157213, 20.7696, 1.08532, 2.23333, 1.5, 2.63333, 1.16667, 3.03333, 0.9, -3.9
2409, 2208, 13, 6.7728, 4.17273, 0.00652104, 0.00645686, 0, 0, 0.869069, 0.0904908, 0.407152, 0.0150805, 0.111945, 1.09335, 0.633333, 0.233333, 0.833333, 0.1, 1.03333, 0.0333333, 3.2076
2615, 2610, 3, 5.69371, 3.09831, 0.0125541, 0.00612803, 0, 0, 0.839571, 0.107326, 0.401541, 0.0164251, 0.109332, 1.10253, 0.5, 0.166667, 0.7, 0.0333333, 0.9, 0, -1.15548
3560, 2620, 7, 5.48552, 2.4425, 0.0101143, 0.00630739, 0, 0, 0.803265, 0.0968041, 0.379718, 0.51426, 0.121528, 1.11102, 0.5, 0.166667, 0.7, 0.0333333, 0.9, 0, 3.16449
4880, 4500, 2, 4.32844, 1.71893, 0.0696908, 0.00556007, 0, 0, 0.787381, 0.0904908, 0.390941, 0.00897224, 0.137209, 1.11927, 0.433333, 0.1, 0.633333, 0.0333333, 0.766667, 0, 2.76618
5279.24, 5260, 5, 4.42293, 1.28832, 0.0415661, 0.0054405, 0, 0, 1.09371, 0.0652375, 0.458592, 0.00810147, 0.334094, 1.12787, 0.433333, 0.1, 0.633333, 0.0333333, 0.766667, 0, 2.77028
5317.73, 5298.48, 7, 6.3126, 0.928293, 0.0101364, 0.00558996, 0, 0, 0.673926, 0.0799686, 0.375977, 0.0086518, 3.09396, 1.1361, 0.566667, 0.233333, 0.766667, 0.1, 0.966667, 0, 3.19343
5356.21, 5336.97, 7, 2.9934, 0.53721, 0.0110902, 0.00478286, 0, 0, 0.680733, 0.0968041, 0.371612, 0.00833137, 0.139387, 1.14345, 0.3, 0.0333333, 0.433333, 0, 0.633333, 0, 2.31187
5394.69, 5375.45, 5, 2.87196, 0.401672, 0.0737055, 0.00582911, 0, 0, 0.599045, 0.0526109, 0.380341, 0.00672918, 0.199062, 1.15296, 0.3, 0.0333333, 0.433333, 0, 0.566667, 0, 2.30354
5433.18, 5413.93, 5, 2.73187, 0.24778, 0.00942667, 0.00591878, 0, 0, 0.608122, 0.0757597, 0.356648, 0.00874235, 0.258302, 1.16117, 0.3, 0.0333333, 0.433333, 0, 0.566667, 0, 2.21745
5471.66, 5452.42, 5, 2.54658, 0.112242, 0.0176556, 0.00630739, 0, 0, 0.578623, 0.199921, 0.327966, 0.00897224, 0.125884, 1.16901, 0.3, 0.0333333, 0.366667, 0, 0.566667, 0, 2.13794
5510.14, 5490.9, 5, 3.9702, 0.0811815, 0.0359323, 0.00550028, 0, 0, 0.592238, 1.5636, 0.360701, 0.00993355, 0.144179, 1.17694, 0.366667, 0.1, 0.566667, 0.0333333, 0.7, 0, 2.57761
5548.63, 5529.39, 1, 2.29366, 0.0303548, 0.0116669, 0.00618782, 0, 0, 0.526434, 0.033671, 0.320484, 0.00769049, 0.172056, 1.18512, 0.233333, 0.0333333, 0.366667, 0, 0.5, 0, 2.05872
5587.11, 5567.87, 5, 2.3929, 0.028237, 0.127937, 0.00597857, 0, 0, 0.494666, 0.0399843, 0.329214, 0.00737005, 0.166393, 1.19312, 0.233333, 0.0333333, 0.366667, 0, 0.566667, 0, 2.06773
5625.59, 5606.35, 5, 2.25682, 0.00776519, 0.0266165, 0.00642696, 0, 0, 0.469706, 0.0462976, 0.322667, 0.0118562, 0.162909, 1.20258, 0.233333, 0.0333333, 0.366667, 0, 0.5, 0, 2.0041
5664.08, 5644.84, 4, 2.28081, 0, 0.000931577, 0.0071145, 0, 0, 0.492397, 0.0399843, 0.337631, 0.0112153, 0.181639, 1.2099, 0.233333, 0.0333333, 0.366667, 0, 0.5, 0, 2.05752
5702.56, 5683.32, 4, 2.24736, 0, 0.000754134, 0.00597857, 0, 0, 0.4334, 0.0210444, 0.348542, 0.00993355, 0.209081, 1.21863, 0.233333, 0.0333333, 0.366667, 0, 0.5, 0, 2.00319
5741.05, 5721.8, 1, 2.38664, 0, 0.000998118, 0.00684546, 0, 0, 0.426593, 0.0231488, 0.311443, 0.00993355, 0.380701, 1.22697, 0.233333, 0.0333333, 0.366667, 0, 0.566667, 0, 2.06718
5779.53, 5760.29, 0, 2.13525, 0, 0.00246203, 0.00684546, 0, 0, 0.363058, 0.0357754, 0.327343, 0.00897224, 0.155504, 1.23529, 0.233333, 0.0333333, 0.366667, 0, 0.5, 0, 1.99211
5818.01, 5798.77, 0, 2.11676, 0, 0, 0.00600846, 0, 0, 0.33129, 0.048402, 0.301156, 0.0108949, 0.175105, 1.2439, 0.233333, 0.0333333, 0.366667, 0, 0.5, 0, 1.94376
5856.5, 5837.25, 3, 2.08316, 0, 0.000199624, 0.00708461, 0, 0, 0.313137, 0.033671, 0.311132, 0.00897224, 0.155939, 1.25303, 0.233333, 0.0333333, 0.366667, 0, 0.5, 0, 1.94025
5894.98, 5875.74, 3, 2.16535, 0, 0, 0.00762268, 0, 0, 0.394825, 0.0441932, 0.292426, 0.0128175, 0.15289, 1.26058, 0.233333, 0.0333333, 0.366667, 0, 0.5, 0, 1.99515
5933.46, 5914.22, 2, 2.0992, 0, 0, 0.00741343, 0, 0, 0.308599, 0.0526109, 0.291491, 0.0150605, 0.154197, 1.26983, 0.233333, 0.0333333, 0.366667, 0, 0.5, 0, 1.94193
5971.95, 5952.7, 2, 2.06446, 0, 2.21804e-05, 0.00834011, 0, 0, 0.265486, 0.0462976, 0.283385, 0.0217897, 0.159424, 1.27971, 0.233333, 0.0333333, 0.366667, 0, 0.5, 0, 1.93826
6010.43, 5991.19, 5, 3.84645, 0, 0.000155263, 0.0087885, 0, 0, 0.245064, 0.0294621, 0.297726, 0.012497, 1.96536, 1.2874, 0.366667, 0.1, 0.566667, 0.0333333, 0.7, 0, 2.57156
6048.91, 6029.67, 1, 1.98972, 0, 0, 0.00825043, 0, 0, 0.249602, 0.0441932, 0.28588, 0.0112153, 0.0940863, 1.29649, 0.233333, 0.0333333, 0.366667, 0, 0.5, 0, 1.93014
6087.4, 6068.16, 2, 2.02761, 0, 0, 0.00869882, 0, 0, 0.256409, 0.033671, 0.277774, 0.0140992, 0.132418, 1.30454, 0.233333, 0.0333333, 0.366667, 0, 0.5, 0, 1.9343
6125.88, 6106.64, 0, 2.00249, 0, 0, 0.00872871, 0, 0, 0.270024, 0.0252532, 0.280268, 0.012497, 0.0919084, 1.31381, 0.233333, 0.0333333, 0.366667, 0, 0.5, 0, 1.93155
6164.36, 6145.12, 1, 1.95364, 0, 0, 0.00983475, 0, 0, 0.211027, 0.0441932, 0.255951, 0.00833137, 0.101056, 1.32324, 0.233333, 0.0333333, 0.366667, 0, 0.5, 0, 1.88339
6202.85, 6183.61, 5, 7.67523, 0, 0, 0.00950593, 0, 0, 0.208758, 0.0357754, 0.243481, 0.0163423, 5.82987, 1.3315, 0.7, 0.3, 0.9, 0.166667, 1.1, 0.0333333, 3.23041
6241.33, 6222.09, 4, 4.09587, 0, 0, 0.00974507, 0, 0, 0.215565, 0.0420887, 0.264057, 0.0128175, 2.2119, 1.33969, 0.366667, 0.1, 0.566667, 0.0333333, 0.766667, 0, 2.75562
6279.82, 6260.57, 2, 1.8901, 0, 0, 0.0126148, 0, 0, 0.190605, 0.0252532, 0.255016, 0.0147401, 0.0431229, 1.34875, 0.233333, 0.0333333, 0.3, 0, 0.5, 0, 1.87601
6318.3, 6299.06, 0, 1.91798, 0, 0, 0.0127941, 0, 0, 0.190605, 0.0357754, 0.258133, 0.0140992, 0.0487855, 1.35779, 0.233333, 0.0333333, 0.3, 0, 0.5, 0, 1.87928
6356.78, 6337.54, 1, 1.86215, 0, 0, 0.0151557, 0, 0, 0.142954, 0.0357754, 0.228828, 0.0140992, 0.0570616, 1.36828, 0.233333, 0.0333333, 0.3, 0, 0.5, 0, 1.83313
6395.27, 6376.02, 0, 1.9114, 0, 0, 0.0163514, 0, 0, 0.163376, 0.0378799, 0.235687, 0.0160219, 0.0666445, 1.37544, 0.233333, 0.0333333, 0.3, 0, 0.5, 0, 1.87851
6433.75, 6414.51, 4, 2.34993, 0, 0, 0.0177265, 0, 0, 0.15203, 0.0420887, 0.226023, 0.0189058, 0.508763, 1.38439, 0.233333, 0.0333333, 0.366667, 0, 0.5, 0, 2.06388
6472.23, 6452.99, 0, 1.9339, 0, 0, 0.0157834, 0, 0, 0.124801, 0.0252532, 0.22914, 0.0211489, 0.122835, 1.39494, 0.233333, 0.0333333, 0.366667, 0, 0.5, 0, 1.88113
6510.72, 6491.48, 3, 1.84242, 0, 0, 0.0145877, 0, 0, 0.108917, 0.0189399, 0.231322, 0.020508, 0.0448652, 1.40328, 0.233333, 0.0333333, 0.3, 0, 0.433333, 0, 1.83072
6549.2, 6529.96, 2, 1.8546, 0, 0, 0.0152752, 0, 0, 0.115725, 0.0231488, 0.216046, 0.0233919, 0.0496567, 1.41135, 0.233333, 0.0333333, 0.3, 0, 0.5, 0, 1.83221
6587.68, 6568.44, 1, 1.81755, 0, 0, 0.0151557, 0, 0, 0.0907644, 0.00841774, 0.212929, 0.0298007, 0.0383315, 1.42215, 0.233333, 0.0333333, 0.3, 0, 0.433333, 0, 1.82764
6626.17, 6606.93, 2, 1.8089, 0, 0, 0.0144084, 0, 0, 0.0771498, 0.0294621, 0.199835, 0.0249941, 0.0322333, 1.43082, 0.166667, 0, 0.3, 0, 0.433333, 0, 1.82656
6664.65, 6645.41, 1, 1.83283, 0, 0, 0.0153948, 0, 0, 0.0953026, 0.0231488, 0.200459, 0.030762, 0.0278774, 1.43988, 0.233333, 0.0333333, 0.3, 0, 0.433333, 0, 1.82954
6703.14, 6683.89, 1, 1.80211, 0, 0, 0.0129436, 0, 0, 0.0771498, 0.0210444, 0.195159, 0.025635, 0.0217792, 1.4484, 0.166667, 0, 0.3, 0, 0.433333, 0, 1.82571
6741.62, 6722.38, 3, 1.80431, 0, 0, 0.0124952, 0, 0, 0.0680733, 0.033671, 0.18643, 0.0221102, 0.0217792, 1.45975, 0.166667, 0, 0.3, 0, 0.433333, 0, 1.82598
6780.1, 6760.86, 3, 3.02272, 0, 0, 0.0102532, 0, 0, 0.172452, 1.10272, 0.212929, 0.0275576, 0.028313, 1.46849, 0.3, 0.0333333, 0.433333, 0, 0.633333, 0, 2.31382
6818.59, 6799.34, 2, 1.92061, 0, 0, 0.00938636, 0, 0, 0.0544587, 0.00420887, 0.18643, 0.0304415, 0.157246, 1.47844, 0.233333, 0.0333333, 0.3, 0, 0.5, 0, 1.87959
6857.07, 6837.83, 6, 4.42594, 0, 0, 0.00902764, 0, 0, 0.0521895, 0.00631331, 0.163983, 0.0288393, 2.67841, 1.48717, 0.433333, 0.1, 0.633333, 0.0333333, 0.766667, 0, 2.77041
6895.55, 6876.31, 0, 1.79326, 0, 0, 0.00881839, 0, 0, 0.061266, 0.00420887, 0.179571, 0.0365298, 0.00609819, 1.49677, 0.166667, 0, 0.3, 0, 0.433333, 0, 1.82459
6934.04, 6914.8, 4, 1.803, 0, 0, 0.00783193, 0, 0, 0.0340367, 0.00420887, 0.173024, 0.0346072, 0.0431229, 1.50617, 0.166667, 0, 0.3, 0, 0.433333, 0, 1.82582
6972.52, 6953.28, 3, 1.97631, 0, 0, 0.184678, 0, 0, 0.0544587, 0.0105222, 0.161801, 0.0355685, 0.012632, 1.51665, 0.233333, 0.0333333, 0.366667, 0, 0.5, 0, 1.88597
7011, 6991.76, 3, 2.1463, 0, 0, 0.368071, 0, 0, 0.0431131, 0.0105222, 0.150266, 0.0301211, 0.0182946, 1.52591, 0.233333, 0.0333333, 0.366667, 0, 0.5, 0, 1.99323
7049.49, 7030.25, 2, 1.75109, 0, 0, 0, 0, 0, 0.0272293, 0.00420887, 0.154319, 0.0224306, 0.00653377, 1.53637, 0.166667, 0, 0.3, 0, 0.433333, 0, 1.78228
7087.97, 7068.73, 3, 1.76262, 0, 0, 0, 0, 0, 0.0317675, 0.00631331, 0.149643, 0.022751, 0.00653377, 1.54561, 0.166667, 0, 0.3, 0, 0.433333, 0, 1.78378
7126.45, 7107.21, 1, 1.73629, 0, 0, 0, 0, 0, 0.0136147, 0.00631331, 0.132496, 0.0221102, 0.0056626, 1.55609, 0.166667, 0, 0.3, 0, 0.433333, 0, 1.78033
7164.94, 7145.7, 3, 1.7657, 0, 0, 0, 0, 0, 0.0317675, 0.00631331, 0.135925, 0.0192262, 0.00784053, 1.56463, 0.166667, 0, 0.3, 0, 0.433333, 0, 1.78418
7203.42, 7184.18, 2, 1.76346, 0, 0, 0, 0, 0, 0.0294984, 0.00420887, 0.132184, 0.0163423, 0.00609819, 1.57513, 0.166667, 0, 0.3, 0, 0.433333, 0, 1.78389
7241.91, 7222.66, 4, 1.78874, 0, 0, 2.98929e-05, 0, 0, 0.0272293, 0, 0.140913, 0.0262758, 0.00827611, 1.58602, 0.166667, 0, 0.3, 0, 0.433333, 0, 1.82402
7280.39, 7261.15, 4, 3.50512, 0, 0, 0, 0, 0, 0.0272293, 0.00631331, 0.129067, 1.74093, 0.00479143, 1.59678, 0.366667, 0.1, 0.5, 0, 0.7, 0, 2.55366
7318.87, 7299.63, 1, 1.78183, 0, 0, 0, 0, 0, 0.0249602, 0.00210444, 0.128131, 0.0137788, 0.00784053, 1.60501, 0.166667, 0, 0.3, 0, 0.433333, 0, 1.82314
7357.36, 7338.11, 2, 1.77403, 0, 0, 0, 0, 0, 0.0226911, 0.00420887, 0.113791, 0.0140992, 0.00392026, 1.61532, 0.166667, 0, 0.3, 0, 0.433333, 0, 1.82214
7395.84, 7376.6, 2, 1.76689, 0, 0, 0, 0, 0, 0.0113456, 0, 0.106932, 0.0121766, 0.00914728, 1.62729, 0.166667, 0, 0.3, 0, 0.433333, 0, 1.78433
7434.32, 7415.08, 2, 1.79259, 0, 0, 0, 0, 0, 0.0272293, 0.00210444, 0.110673, 0.0134584, 0.00217792, 1.63695, 0.166667, 0, 0.3, 0, 0.433333, 0, 1.82451
7472.81, 7453.57, 1, 1.89434, 0, 0, 0, 0, 0, 0.0181529, 0.00420887, 0.11005, 0.0224306, 0.0919084, 1.64759, 0.233333, 0.0333333, 0.3, 0, 0.5, 0, 1.87651
7511.29, 7492.05, 1, 1.8082, 0, 0, 0, 0, 0, 0.0226911, 0.00420887, 0.0985146, 0.0195467, 0.00479143, 1.65845, 0.166667, 0, 0.3, 0, 0.433333, 0, 1.82647
7549.77, 7530.53, 2, 1.83673, 0, 0, 0, 0, 0, 0.00907644, 0.00841774, 0.0982029, 0.0182649, 0.0348468, 1.66792, 0.233333, 0.0333333, 0.3, 0, 0.433333, 0, 1.83002
7588.26, 7569.02, 2, 1.82082, 0, 0, 0, 0, 0, 0.00453822, 0.00841774, 0.0985146, 0.0240328, 0.00609819, 1.67921, 0.233333, 0.0333333, 0.3, 0, 0.433333, 0, 1.82805
7626.74, 7607.5, 0, 1.82859, 0, 0, 0, 0, 0, 0.020422, 0, 0.0919678, 0.0230715, 0.00304909, 1.69008, 0.233333, 0.0333333, 0.3, 0, 0.433333, 0, 1.82901
7665.23, 7645.98, 3, 1.87524, 0, 0, 0, 0, 0, 0.0181529, 0.00420887, 0.0816799, 0.0262758, 0.0444297, 1.70049, 0.233333, 0.0333333, 0.3, 0, 0.5, 0, 1.87424
7703.71, 7684.47, 1, 1.84268, 0, 0, 0, 0, 0, 0.0113456, 0, 0.0807446, 0.0253145, 0.0139387, 1.71134, 0.233333, 0.0333333, 0.3, 0, 0.433333, 0, 1.83075
7742.19, 7722.95, 0, 1.84959, 0, 0, 0, 0, 0, 0.0136147, 0.00210444, 0.07638, 0.0326846, 0.00261351, 1.72219, 0.233333, 0.0333333, 0.3, 0, 0.433333, 0, 1.8316
7780.68, 7761.43, 1, 1.85802, 0, 0, 0, 0, 0, 0.0136147, 0, 0.075133, 0.0304415, 0.00392026, 1.73491, 0.233333, 0.0333333, 0.3, 0, 0.5, 0, 1.83263
7819.16, 7799.92, 3, 1.86245, 0, 0, 0, 0, 0, 0.00680733, 0.00210444, 0.0654686, 0.0349276, 0.00696936, 1.74618, 0.233333, 0.0333333, 0.3, 0, 0.5, 0, 1.83316
7857.64, 7838.4, 1, 1.87676, 0, 0, 0, 0, 0, 0.00680733, 0.00841774, 0.0707684, 0.0326846, 0.00217792, 1.75591, 0.233333, 0.0333333, 0.3, 0, 0.5, 0, 1.87442
7896.13, 7876.89, 2, 1.88737, 0, 0, 0, 0, 0, 0.0113456, 0, 0.0682744, 0.0365298, 0.00392026, 1.7673, 0.233333, 0.0333333, 0.3, 0, 0.5, 0, 1.87568
7934.61, 7915.37, 2, 1.88502, 0, 0, 0, 0, 0, 0.00680733, 0.00210444, 0.0554924, 0.0323642, 0.0087117, 1.77954, 0.233333, 0.0333333, 0.3, 0, 0.5, 0, 1.8754
7973.09, 7953.85, 2, 1.91317, 0, 0, 0, 0, 0, 0.00907644, 0.00420887, 0.0539337, 0.0378116, 0.0182946, 1.78985, 0.233333, 0.0333333, 0.3, 0, 0.5, 0, 1.87872
8011.58, 7992.34, 1, 1.90395, 0, 0, 0, 0, 0, 0.00907644, 0.00420887, 0.0536219, 0.0317233, 0.00261351, 1.80271, 0.233333, 0.0333333, 0.3, 0, 0.5, 0, 1.87764
8050.06, 8030.82, 1, 1.94051, 0, 0, 0, 0, 0, 0.00453822, 0.00420887, 0.0564277, 0.0317233, 0.0291842, 1.81443, 0.233333, 0.0333333, 0.366667, 0, 0.5, 0, 1.88189
8088.55, 8069.3, 4, 1.92318, 0, 0, 0, 0, 0, 0.00226911, 0.00210444, 0.0492573, 0.038132, 0.00479143, 1.82663, 0.233333, 0.0333333, 0.3, 0, 0.5, 0, 1.87989
8127.03, 8107.79, 6, 1.92975, 0, 0, 0, 0, 0, 0.00226911, 0.00210444, 0.0467633, 0.0374911, 0.00348468, 1.83764, 0.233333, 0.0333333, 0.366667, 0, 0.5, 0, 1.88065
8165.51, 8146.27, 4, 1.93703, 0, 0, 0, 0, 0, 0.00226911, 0, 0.0386576, 0.0426181, 0.00261351, 1.85087, 0.233333, 0.0333333, 0.366667, 0, 0.5, 0, 1.88149
8204, 8184.75, 0, 1.98419, 0, 0, 0, 0, 0, 0.00453822, 0, 0.042087, 0.0397342, 0.0348468, 1.86299, 0.233333, 0.0333333, 0.366667, 0, 0.5, 0, 1.88685
8242.48, 8223.24, 0, 1.97436, 0, 0, 0, 0, 0, 0.00453822, 0.00210444, 0.0349166, 0.0448612, 0.0130675, 1.87488, 0.233333, 0.0333333, 0.366667, 0, 0.5, 0, 1.88575
8280.96, 8261.72, 2, 1.99221, 0, 0, 0, 0, 0, 0.00680733, 0, 0.0380341, 0.0471043, 0.012632, 1.88763, 0.233333, 0.0333333, 0.366667, 0, 0.5, 0, 1.93042
8319.45, 8300.2, 2, 1.97866, 0, 0, 0, 0, 0, 0, 0.00210444, 0.0321108, 0.0438999, 0.000435585, 1.90011, 0.233333, 0.0333333, 0.366667, 0, 0.5, 0, 1.88623
8357.93, 8338.69, 2, 1.99297, 0, 0, 0, 0, 0, 0.00226911, 0.00210444, 0.0289932, 0.0461429, 0.000435585, 1.91302, 0.233333, 0.0333333, 0.366667, 0, 0.5, 0, 1.9305
8396.41, 8377.17, 3, 2.04963, 0, 0, 0, 0, 0, 0.00226911, 0.00210444, 0.0277462, 0.0362094, 0.056626, 1.92468, 0.233333, 0.0333333, 0.366667, 0, 0.5, 0, 1.93668
8434.9, 8415.66, 2, 2.00972, 0, 0, 0, 0, 0, 0.00453822, 0.00420887, 0.0258757, 0.0368503, 0, 1.93825, 0.233333, 0.0333333, 0.366667, 0, 0.5, 0, 1.93235
8473.38, 8454.14, 0, 2.03312, 0, 0, 0, 0, 0, 0.00226911, 0.00420887, 0.0243169, 0.0384525, 0.0121964, 1.95167, 0.233333, 0.0333333, 0.366667, 0, 0.5, 0, 1.9349
8511.86, 8492.62, 5, 2.03042, 0, 0, 0, 0, 0, 0, 0.00631331, 0.0243169, 0.0333255, 0.00174234, 1.96472, 0.233333, 0.0333333, 0.366667, 0, 0.5, 0, 1.9346
8550.35, 8531.11, 4, 2.03482, 0, 0, 0, 0, 0, 0.00226911, 0.00210444, 0.0180818, 0.033005, 0, 1.97936, 0.233333, 0.0333333, 0.366667, 0, 0.5, 0, 1.93508
8588.83, 8569.59, 1, 2.06438, 0, 0, 0, 0, 0, 0.00226911, 0.00210444, 0.0187053, 0.0490269, 0, 1.99228, 0.233333, 0.0333333, 0.366667, 0, 0.5, 0, 1.93825
8627.32, 8608.07, 2, 2.0623, 0, 0, 0, 0, 0, 0.00226911, 0.00210444, 0.0202641, 0.0323642, 0.00087117, 2.00443, 0.233333, 0.0333333, 0.366667, 0, 0.5, 0, 1.93803
8665.8, 8646.56, 1, 2.06873, 0, 0, 0, 0, 0, 0.00453822, 0, 0.0115349, 0.0317233, 0.00087117, 2.02007, 0.233333, 0.0333333, 0.366667, 0, 0.5, 0, 1.93872
8704.28, 8685.04, 2, 2.07548, 0, 0, 0, 0, 0, 0, 0.00841774, 0.0102879, 0.0230715, 0, 2.03371, 0.233333, 0.0333333, 0.366667, 0, 0.5, 0, 1.93943
8742.77, 8723.52, 4, 2.16866, 0, 0, 0, 0, 0, 0.00226911, 0, 0.0121585, 0.101899, 0.00348468, 2.04885, 0.233333, 0.0333333, 0.366667, 0, 0.5, 0, 1.99548
8781.25, 8762.01, 4, 3.00506, 0, 0, 0, 0, 0, 0.00226911, 0, 0.00966441, 0.931511, 0, 2.06162, 0.3, 0.0333333, 0.433333, 0, 0.633333, 0, 2.31265
8819.73, 8800.49, 0, 2.09652, 0, 0, 0, 0, 0, 0, 0.00420887, 0.00810564, 0.00769049, 0, 2.07651, 0.233333, 0.0333333, 0.366667, 0, 0.5, 0, 1.94165
8858.22, 8838.98, 0, 2.11295, 0, 0, 0, 0, 0, 0.00226911, 0.00420887, 0.00748213, 0.00769049, 0, 2.0913, 0.233333, 0.0333333, 0.366667, 0, 0.5, 0, 1.94336
8896.7, 8877.46, 4, 2.12114, 0, 0, 0, 0, 0, 0, 0, 0.0062351, 0.00833137, 0, 2.10658, 0.233333, 0.0333333, 0.366667, 0, 0.5, 0, 1.99067
8935.18, 8915.94, 0, 2.13915, 0, 0, 0, 0, 0, 0.00226911, 0, 0.00529984, 0.0108949, 0, 2.12069, 0.233333, 0.0333333, 0.366667, 0, 0.5, 0, 1.99251
8973.67, 8954.43, 6, 2.15795, 0, 0, 0, 0, 0, 0.00226911, 0.00631331, 0.00467633, 0.00801093, 0, 2.13668, 0.233333, 0.0333333, 0.366667, 0, 0.5, 0, 1.9944
9012.15, 8992.91, 3, 2.16923, 0, 0, 0, 0, 0, 0.00226911, 0, 0.00529984, 0.00961311, 0, 2.15204, 0.233333, 0.0333333, 0.366667, 0, 0.5, 0, 1.99553
9050.64, 9031.39, 2, 2.18858, 0, 0, 0, 0, 0, 0, 0.00210444, 0.00311755, 0.0157014, 0, 2.16766, 0.233333, 0.0333333, 0.366667, 0, 0.5, 0, 1.99746
9089.12, 9069.88, 1, 2.19967, 0, 0, 0, 0, 0, 0, 0.00210444, 0.00187053, 0.00993355, 0, 2.18576, 0.233333, 0.0333333, 0.366667, 0, 0.5, 0, 1.99855
9127.6, 9108.36, 6, 2.22277, 0, 0, 0, 0, 0, 0.00453822, 0.00210444, 0.00218229, 0.012497, 0, 2.20145, 0.233333, 0.0333333, 0.366667, 0, 0.5, 0, 2.00081
9166.09, 9146.84, 1, 2.22989, 0, 0, 0, 0, 0, 0, 0, 0.00124702, 0.0118562, 0, 2.21679, 0.233333, 0.0333333, 0.366667, 0, 0.5, 0, 2.0015
9204.57, 9185.33, 2, 2.2441, 0, 0, 0, 0, 0, 0, 0.00210444, 0.000311755, 0.00833137, 0, 2.23335, 0.233333, 0.0333333, 0.366667, 0, 0.5, 0, 2.00288
9243.05, 9223.81, 2, 2.26157, 0, 0, 0, 0, 0, 0, 0, 0.00187053, 0.00929268, 0, 2.25041, 0.233333, 0.0333333, 0.366667, 0, 0.5, 0, 2.05571
9281.54, 9262.3, 0, 2.28052, 0, 0, 0, 0, 0, 0, 0.00420887, 0.00124702, 0.00737005, 0, 2.26769, 0.233333, 0.0333333, 0.366667, 0, 0.5, 0, 2.05749
9320.02, 9300.78, 1, 2.2926, 0, 0, 0, 0, 0, 0, 0, 0.00062351, 0.00737005, 0, 2.2846, 0.233333, 0.0333333, 0.366667, 0, 0.5, 0, 2.05862
9358.5, 9339.26, 0, 2.31656, 0, 0, 0, 0, 0, 0, 0.00210444, 0.00062351, 0.010254, 0, 2.30358, 0.233333, 0.0333333, 0.366667, 0, 0.5, 0, 2.06084
9396.99, 9377.75, 3, 2.59519, 0, 0, 0, 0, 0, 0.0589969, 0.187295, 0.0208876, 0.00704962, 0, 2.32096, 0.3, 0.0333333, 0.433333, 0, 0.566667, 0, 2.14188
9435.47, 9416.23, 1, 2.351, 0, 0, 0, 0, 0, 0, 0.00631331, 0.000311755, 0.00480656, 0, 2.33957, 0.233333, 0.0333333, 0.366667, 0, 0.5, 0, 2.06398
9473.95, 9454.71, 4, 2.58972, 0, 0, 0, 0, 0, 0, 0, 0, 0.230715, 0, 2.35901, 0.3, 0.0333333, 0.433333, 0, 0.566667, 0, 2.14144
9512.44, 9493.2, 4, 2.37972, 0, 0, 0, 0, 0, 0, 0, 0, 0.00416568, 0, 2.37556, 0.233333, 0.0333333, 0.366667, 0, 0.566667, 0, 2.06656
9550.92, 9531.68, 1, 2.39701, 0, 0, 0, 0, 0, 0, 0, 0, 0.00192262, 0, 2.39509, 0.233333, 0.0333333, 0.366667, 0, 0.566667, 0, 2.0681
9589.41, 9570.16, 1, 2.42082, 0, 0, 0, 0, 0, 0, 0, 0, 0.00576787, 0, 2.41505, 0.233333, 0.0333333, 0.366667, 0, 0.566667, 0, 2.12733
9627.89, 9608.65, 1, 2.43935, 0, 0, 0, 0, 0, 0, 0, 0, 0.00384525, 0, 2.43551, 0.233333, 0.0333333, 0.366667, 0, 0.566667, 0, 2.12893
9666.37, 9647.13, 1, 2.45959, 0, 0, 0, 0, 0, 0, 0, 0, 0.00352481, 0, 2.45606, 0.3, 0.0333333, 0.366667, 0, 0.566667, 0, 2.13067
9704.86, 9685.61, 2, 2.48135, 0, 0, 0, 0, 0, 0, 0, 0, 0.00384525, 0, 2.47751, 0.3, 0.0333333, 0.366667, 0, 0.566667, 0, 2.13251
9743.34, 9724.1, 2, 2.50102, 0, 0, 0, 0, 0, 0, 0, 0, 0.00224306, 0, 2.49878, 0.3, 0.0333333, 0.366667, 0, 0.566667, 0, 2.13416
9781.82, 9762.58, 2, 2.52409, 0, 0, 0, 0, 0, 0, 0, 0, 0.00352481, 0, 2.52057, 0.3, 0.0333333, 0.366667, 0, 0.566667, 0, 2.13608
9820.31, 9801.07, 3, 2.54188, 0, 0, 0, 0, 0, 0, 0, 0, 0.000961311, 0, 2.54092, 0.3, 0.0333333, 0.366667, 0, 0.566667, 0, 2.13755
9858.79, 9839.55, 2, 2.56712, 0, 0, 0, 0, 0, 0, 0, 0, 0.00320437, 0, 2.56391, 0.3, 0.0333333, 0.433333, 0, 0.566667, 0, 2.13961
9897.27, 9878.03, 4, 2.5889, 0, 0, 0, 0, 0, 0, 0, 0, 0.00192262, 0, 2.58698, 0.3, 0.0333333, 0.433333, 0, 0.566667, 0, 2.14137
9935.76, 9916.52, 2, 2.61157, 0, 0, 0, 0, 0, 0, 0, 0, 0.000961311, 0, 2.61061, 0.3, 0.0333333, 0.433333, 0, 0.566667, 0, 2.2082
9974.24, 9955, 2, 2.63617, 0, 0, 0, 0, 0, 0, 0, 0, 0.00192262, 0, 2.63425, 0.3, 0.0333333, 0.433333, 0, 0.566667, 0, 2.21013
10012.7, 9993.48, 3, 2.66036, 0, 0, 0, 0, 0, 0, 0, 0, 0.00192262, 0, 2.65844, 0.3, 0.0333333, 0.433333, 0, 0.566667, 0, 2.21201
10051.2, 10032, 2, 2.68547, 0, 0, 0, 0, 0, 0, 0, 0, 0.00224306, 0, 2.68323, 0.3, 0.0333333, 0.433333, 0, 0.566667, 0, 2.21394
10089.7, 10070.5, 4, 2.74851, 0, 0, 0, 0, 0, 0, 0, 0, 0.0394138, 0, 2.7091, 0.3, 0.0333333, 0.433333, 0, 0.566667, 0, 2.2187
10128.2, 10108.9, 1, 2.73503, 0, 0, 0, 0, 0, 0, 0, 0, 0.000640874, 0, 2.73438, 0.3, 0.0333333, 0.433333, 0, 0.566667, 0, 2.21769
10166.7, 10147.4, 2, 2.76295, 0, 0, 0, 0, 0, 0, 0, 0, 0, 0, 2.76295, 0.3, 0.0333333, 0.433333, 0, 0.566667, 0, 2.21977
10205.1, 10185.9, 1, 2.78814, 0, 0, 0, 0, 0, 0, 0, 0, 0.000320437, 0, 2.78782, 0.3, 0.0333333, 0.433333, 0, 0.566667, 0, 2.22163
10243.6, 10224.4, 4, 2.81551, 0, 0, 0, 0, 0, 0, 0, 0, 0.000320437, 0, 2.81519, 0.3, 0.0333333, 0.433333, 0, 0.566667, 0, 2.22362
10282.1, 10262.9, 5, 2.84404, 0, 0, 0, 0, 0, 0, 0, 0, 0, 0, 2.84404, 0.3, 0.0333333, 0.433333, 0, 0.566667, 0, 2.30157
10320.6, 10301.4, 3, 2.87521, 0, 0, 0, 0, 0, 0, 0, 0, 0.000320437, 0, 2.87489, 0.3, 0.0333333, 0.433333, 0, 0.566667, 0, 2.30377
10359.1, 10339.8, 2, 2.90377, 0, 0, 0, 0, 0, 0, 0, 0, 0, 0, 2.90377, 0.3, 0.0333333, 0.433333, 0, 0.633333, 0, 2.30576
10397.6, 10378.3, 0, 2.93571, 0, 0, 0, 0, 0, 0, 0, 0, 0.000320437, 0, 2.93539, 0.3, 0.0333333, 0.433333, 0, 0.633333, 0, 2.30796
10436, 10416.8, 2, 2.96383, 0, 0, 0, 0, 0, 0, 0, 0, 0, 0, 2.96383, 0.3, 0.0333333, 0.433333, 0, 0.633333, 0, 2.30988
10474.5, 10455.3, 0, 2.99738, 0, 0, 0, 0, 0, 0, 0, 0, 0, 0, 2.99738, 0.3, 0.0333333, 0.433333, 0, 0.633333, 0, 2.31214
10513, 10493.8, 3, 3.03293, 0, 0, 0, 0, 0, 0, 0, 0, 0.000640874, 0, 3.03228, 0.3, 0.0333333, 0.433333, 0, 0.633333, 0, 2.3145
10551.5, 10532.3, 5, 3.06549, 0, 0, 0, 0, 0, 0, 0, 0, 0, 0, 3.06549, 0.3, 0.0333333, 0.433333, 0, 0.633333, 0, 2.31664
10590, 10570.7, 1, 3.09864, 0, 0, 0, 0, 0, 0, 0, 0, 0, 0, 3.09864, 0.3, 0.0333333, 0.433333, 0, 0.633333, 0, 2.31879
10628.5, 10609.2, 1, 3.13619, 0, 0, 0, 0, 0, 0, 0, 0, 0, 0, 3.13619, 0.3, 0.0333333, 0.433333, 0, 0.633333, 0, 2.4132
10666.9, 10647.7, 3, 3.17123, 0, 0, 0, 0, 0, 0, 0, 0, 0, 0, 3.17123, 0.3, 0.0333333, 0.433333, 0, 0.633333, 0, 2.4154
10705.4, 10686.2, 0, 3.21085, 0, 0, 0, 0, 0, 0, 0, 0, 0.00128175, 0, 3.20957, 0.3, 0.0333333, 0.433333, 0, 0.633333, 0, 2.41785
10743.9, 10724.7, 0, 3.25429, 0, 0, 0, 0, 0, 0, 0, 0, 0.00480656, 0, 3.24948, 0.3, 0.0333333, 0.5, 0, 0.633333, 0, 2.42049
10782.4, 10763.2, 3, 3.28931, 0, 0, 0, 0, 0, 0, 0, 0, 0, 0, 3.28931, 0.3, 0.0333333, 0.5, 0, 0.633333, 0, 2.4226
10820.9, 10801.6, 5, 3.33022, 0, 0, 0, 0, 0, 0, 0, 0, 0, 0, 3.33022, 0.366667, 0.1, 0.5, 0, 0.633333, 0, 2.42502
10859.4, 10840.1, 5, 3.37135, 0, 0, 0, 0, 0, 0, 0, 0, 0, 0, 3.37135, 0.366667, 0.1, 0.5, 0, 0.633333, 0, 2.42743
10897.8, 10878.6, 6, 3.41578, 0, 0, 0, 0, 0, 0, 0, 0, 0, 0, 3.41578, 0.366667, 0.1, 0.5, 0, 0.633333, 0, 2.42999
10936.3, 10917.1, 3, 3.46132, 0, 0, 0, 0, 0, 0, 0, 0, 0, 0, 3.46132, 0.366667, 0.1, 0.5, 0, 0.7, 0, 2.43258
10974.8, 10955.6, 7, 3.50627, 0, 0, 0, 0, 0, 0, 0, 0, 0, 0, 3.50627, 0.366667, 0.1, 0.5, 0, 0.7, 0, 2.55372
11013.3, 10994.1, 2, 3.55708, 0, 0, 0, 0, 0, 0, 0, 0, 0, 0, 3.55708, 0.366667, 0.1, 0.5, 0, 0.7, 0, 2.55651
11051.8, 11032.5, 4, 3.60513, 0, 0, 0, 0, 0, 0, 0, 0, 0, 0, 3.60513, 0.366667, 0.1, 0.5, 0, 0.7, 0, 2.5591
11090.3, 11071, 5, 3.65987, 0, 0, 0, 0, 0, 0, 0, 0, 0, 0, 3.65987, 0.366667, 0.1, 0.5, 0, 0.7, 0, 2.56201
11128.8, 11109.5, 5, 3.71288, 0, 0, 0, 0, 0, 0, 0, 0, 0.000320437, 0, 3.71256, 0.366667, 0.1, 0.5, 0, 0.7, 0, 2.56478
11167.2, 11148, 3, 3.76573, 0, 0, 0, 0, 0, 0, 0, 0, 0, 0, 3.76573, 0.366667, 0.1, 0.566667, 0.0333333, 0.7, 0, 2.5675
11205.7, 11186.5, 3, 3.82183, 0, 0, 0, 0, 0, 0, 0, 0, 0, 0, 3.82183, 0.366667, 0.1, 0.566667, 0.0333333, 0.7, 0, 2.57033
11244.2, 11225, 5, 3.88301, 0, 0, 0, 0, 0, 0, 0, 0, 0, 0, 3.88301, 0.366667, 0.1, 0.566667, 0.0333333, 0.7, 0, 2.57337
11282.7, 11263.4, 5, 3.94258, 0, 0, 0, 0, 0, 0, 0, 0, 0.000320437, 0, 3.94226, 0.366667, 0.1, 0.566667, 0.0333333, 0.7, 0, 2.57628
11321.2, 11301.9, 4, 4.00863, 0, 0, 0, 0, 0, 0, 0, 0, 0, 0, 4.00863, 0.366667, 0.1, 0.566667, 0.0333333, 0.7, 0, 2.57944
11359.7, 11340.4, 6, 4.07166, 0, 0, 0, 0, 0, 0, 0, 0, 0, 0, 4.07166, 0.366667, 0.1, 0.566667, 0.0333333, 0.766667, 0, 2.75449
11398.1, 11378.9, 6, 4.14228, 0, 0, 0, 0, 0, 0, 0, 0, 0, 0, 4.14228, 0.433333, 0.1, 0.566667, 0.0333333, 0.766667, 0, 2.75779
11436.6, 11417.4, 9, 4.21161, 0, 0, 0, 0, 0, 0, 0, 0, 0, 0, 4.21161, 0.433333, 0.1, 0.566667, 0.0333333, 0.766667, 0, 2.76096
11475.1, 11455.9, 4, 4.28638, 0, 0, 0, 0, 0, 0, 0, 0, 0, 0, 4.28638, 0.433333, 0.1, 0.566667, 0.0333333, 0.766667, 0, 2.76432
11513.6, 11494.3, 4, 4.36366, 0, 0, 0, 0, 0, 0, 0, 0, 0, 0, 4.36366, 0.433333, 0.1, 0.633333, 0.0333333, 0.766667, 0, 2.76772
11552.1, 11532.8, 9, 4.44856, 0, 0, 0, 0, 0, 0, 0, 0, 0, 0, 4.44856, 0.433333, 0.1, 0.633333, 0.0333333, 0.766667, 0, 2.77138
11590.6, 11571.3, 2, 4.52915, 0, 0, 0, 0, 0, 0, 0, 0, 0, 0, 4.52915, 0.433333, 0.1, 0.633333, 0.0333333, 0.766667, 0, 2.77477
11629, 11609.8, 7, 4.61767, 0, 0, 0, 0, 0, 0, 0, 0, 0, 0, 4.61767, 0.433333, 0.1, 0.633333, 0.0333333, 0.766667, 0, 2.77841
11667.5, 11648.3, 5, 4.70999, 0, 0, 0, 0, 0, 0, 0, 0, 0, 0, 4.70999, 0.433333, 0.1, 0.633333, 0.0333333, 0.833333, 0, 2.78213
11706, 11686.8, 6, 4.80659, 0, 0, 0, 0, 0, 0, 0, 0, 0, 0, 4.80659, 0.5, 0.166667, 0.633333, 0.0333333, 0.833333, 0, 2.78593
11744.5, 11725.2, 4, 4.90525, 0, 0, 0, 0, 0, 0, 0, 0, 0, 0, 4.90525, 0.5, 0.166667, 0.633333, 0.0333333, 0.833333, 0, 2.78972
11783, 11763.7, 6, 5.01047, 0, 0, 0, 0, 0, 0, 0, 0, 0, 0, 5.01047, 0.5, 0.166667, 0.633333, 0.0333333, 0.833333, 0, 2.79366
11821.5, 11802.2, 4, 5.12151, 0, 0, 0, 0, 0, 0, 0, 0, 0, 0, 5.12151, 0.5, 0.166667, 0.633333, 0.0333333, 0.833333, 0, 2.79772
11859.9, 11840.7, 8, 5.23913, 0, 0, 0, 0, 0, 0, 0, 0, 0, 0, 5.23913, 0.5, 0.166667, 0.7, 0.0333333, 0.833333, 0, 2.8019
11898.4, 11879.2, 3, 5.36533, 0, 0, 0, 0, 0, 0, 0, 0, 0, 0, 5.36533, 0.5, 0.166667, 0.7, 0.0333333, 0.9, 0, 3.1598
11936.9, 11917.7, 6, 5.49121, 0, 0, 0, 0, 0, 0, 0, 0, 0, 0, 5.49121, 0.5, 0.166667, 0.7, 0.0333333, 0.9, 0, 3.1647
11975.4, 11956.1, 11, 5.62434, 0, 0, 0, 0, 0, 0, 0, 0, 0, 0, 5.62434, 0.5, 0.166667, 0.7, 0.0333333, 0.9, 0, 3.16972
12013.9, 11994.6, 7, 5.77306, 0, 0, 0, 0, 0, 0, 0, 0, 0, 0, 5.77306, 0.5, 0.166667, 0.766667, 0.1, 0.9, 0, 3.17516
12052.4, 12033.1, 5, 5.92769, 0, 0, 0, 0, 0, 0, 0, 0, 0, 0, 5.92769, 0.566667, 0.233333, 0.766667, 0.1, 0.966667, 0, 3.18062
12090.8, 12071.6, 5, 6.09251, 0, 0, 0, 0, 0, 0, 0, 0, 0, 0, 6.09251, 0.566667, 0.233333, 0.766667, 0.1, 0.966667, 0, 3.18624
12129.3, 12110.1, 7, 6.27043, 0, 0, 0, 0, 0, 0, 0, 0, 0, 0, 6.27043, 0.566667, 0.233333, 0.766667, 0.1, 0.966667, 0, 3.19208
12167.8, 12148.6, 3, 6.46226, 0, 0, 0, 0, 0, 0, 0, 0, 0, 0, 6.46226, 0.633333, 0.233333, 0.766667, 0.1, 1.03333, 0.0333333, 3.19813
12206.3, 12187, 7, 6.67621, 0, 0, 0, 0, 0, 0, 0, 0, 0, 0, 6.67621, 0.633333, 0.233333, 0.833333, 0.1, 1.03333, 0.0333333, 3.20459
12244.8, 12225.5, 8, 6.92808, 0, 0, 0, 0, 0, 0, 0, 0, 0, 0, 6.92808, 0.633333, 0.233333, 0.833333, 0.1, 1.1, 0.0333333, 3.21181
12283.3, 12264, 7, 7.24892, 0, 0, 0, 0, 0, 0, 0, 0, 0, 0, 7.24892, 0.633333, 0.233333, 0.833333, 0.1, 1.1, 0.0333333, 3.22036
12321.7, 12302.5, 11, 7.42629, 0, 0, 0, 0, 0, 0, 0, 0, 0, 0, 7.42629, 0.7, 0.3, 0.9, 0.166667, 1.1, 0.0333333, 3.22474
12360.2, 12341, 4, 7.58493, 0, 0, 0, 0, 0, 0, 0, 0, 0, 0, 7.58493, 0.7, 0.3, 0.9, 0.166667, 1.1, 0.0333333, 3.22843
12398.7, 12379.5, 10, 7.86172, 0, 0, 0, 0, 0, 0, 0, 0, 0, 0, 7.86172, 0.7, 0.3, 0.9, 0.166667, 1.16667, 0.0333333, 3.2342
12437.2, 12418, 9, 8.18009, 0, 0, 0, 0, 0, 0, 0, 0, 0, 0, 8.18009, 0.7, 0.3, 0.966667, 0.166667, 1.16667, 0.0333333, 3.23951
12475.7, 12456.4, 7, 8.54075, 0, 0, 0, 0, 0, 0, 0, 0, 0, 0, 8.54075, 0.766667, 0.366667, 0.966667, 0.166667, 1.23333, 0.0333333, 3.24297
12514.2, 12494.9, 14, 8.94892, 0, 0, 0, 0, 0, 0, 0, 0, 0, 0, 8.94892, 0.766667, 0.366667, 1.03333, 0.233333, 1.3, 0.1, 3.24177
12552.6, 12533.4, 12, 9.41447, 0, 0, 0, 0, 0, 0, 0, 0, 0, 0, 9.41447, 0.833333, 0.366667, 1.1, 0.233333, 1.3, 0.1, 3.22977
12591.1, 12571.9, 7, 9.98881, 0, 0, 0, 0, 0, 0, 0, 0, 0, 0, 9.98881, 0.9, 0.433333, 1.1, 0.233333, 1.36667, 0.1, 3.19075
12629.6, 12610.4, 15, 10.7499, 0, 0, 0, 0, 0, 0, 0, 0, 0, 0, 10.7499, 0.9, 0.433333, 1.16667, 0.3, 1.43333, 0.1, 3.08392
12668.1, 12648.9, 6, 11.8375, 0, 0, 0, 0, 0, 0, 0, 0, 0, 0, 11.8375, 1.03333, 0.566667, 1.3, 0.366667, 1.56667, 0.166667, 2.8338
12706.6, 12687.3, 13, 13.6838, 0, 0, 0, 0, 0, 0, 0, 0, 0, 0, 13.6838, 1.16667, 0.633333, 1.43333, 0.433333, 1.7, 0.233333, 2.3127
12745.1, 12725.8, 17, 17.6565, 0, 0, 0, 0, 0, 0, 0, 0, 0, 0, 17.6565, 1.43333, 0.833333, 1.76667, 0.633333, 2.1, 0.433333, 1.24795
12783.5, 12764.3, 24, 17.8936, 0, 0, 0, 0, 0, 0, 0, 0, 0, 0, 17.8936, 1.5, 0.9, 1.76667, 0.633333, 2.1, 0.433333, 1.18926
12822, 12802.8, 13, 11.5859, 0, 0, 0, 0, 0, 0, 0, 0, 0, 0, 11.5859, 0.966667, 0.5, 1.23333, 0.3, 1.5, 0.166667, 2.89891
12860.5, 12841.3, 10, 12.1056, 0, 0, 0, 0, 0, 0, 0, 0, 0, 0, 12.1056, 1.03333, 0.566667, 1.3, 0.366667, 1.56667, 0.166667, 2.76151
12899, 12879.8, 6, 12.7212, 0, 0, 0, 0, 0, 0, 0, 0, 0, 0, 12.7212, 1.1, 0.566667, 1.36667, 0.366667, 1.63333, 0.233333, 2.58867
12937.5, 12918.2, 17, 13.3967, 0, 0, 0, 0, 0, 0, 0, 0, 0, 0, 13.3967, 1.16667, 0.633333, 1.43333, 0.433333, 1.7, 0.233333, 2.39494
12976, 12956.7, 13, 14.1411, 0, 0, 0, 0, 0, 0, 0, 0, 0, 0, 14.1411, 1.16667, 0.633333, 1.43333, 0.433333, 1.76667, 0.233333, 2.18264
13014.4, 12995.2, 16, 14.9545, 0, 0, 0, 0, 0, 0, 0, 0, 0, 0, 14.9545, 1.23333, 0.7, 1.56667, 0.5, 1.83333, 0.3, 1.9555
13052.9, 13033.7, 17, 15.8499, 0, 0, 0, 0, 0, 0, 0, 0, 0, 0, 15.8499, 1.3, 0.766667, 1.63333, 0.566667, 1.9, 0.3, 1.71291
13091.4, 13072.2, 16, 16.8471, 0, 0, 0, 0, 0, 0, 0, 0, 0, 0, 16.8471, 1.43333, 0.833333, 1.7, 0.566667, 2.03333, 0.366667, 1.45232
13129.9, 13110.7, 15, 17.9512, 0, 0, 0, 0, 0, 0, 0, 0, 0, 0, 17.9512, 1.5, 0.9, 1.76667, 0.633333, 2.1, 0.433333, 1.17509
13168.4, 13149.1, 21, 19.1917, 0, 0, 0, 0, 0, 0, 0, 0, 0, 0, 19.1917, 1.56667, 0.966667, 1.9, 0.7, 2.23333, 0.5, 0.876689
13206.9, 13187.6, 21, 20.5754, 0, 0, 0, 0, 0, 0, 0, 0, 0, 0, 20.5754, 1.7, 1.03333, 2.03333, 0.766667, 2.36667, 0.566667, 0.558588
13245.3, 13226.1, 28, 22.1397, 0, 0, 0, 0, 0, 0, 0, 0, 0, 0, 22.1397, 1.76667, 1.1, 2.1, 0.833333, 2.5, 0.633333, 0.215699
13283.8, 13264.6, 20, 23.9038, 0, 0, 0, 0, 0, 0, 0, 0, 0, 0, 23.9038, 1.9, 1.23333, 2.3, 0.966667, 2.63333, 0.7, -0.15219
13322.3, 13303.1, 32, 25.9151, 0, 0, 0, 0, 0, 0, 0, 0, 0, 0, 25.9151, 2.1, 1.36667, 2.43333, 1.03333, 2.83333, 0.766667, -0.550363
13360.8, 13341.6, 18, 28.2074, 0, 0, 0, 0, 0, 0, 0, 0, 0, 0, 28.2074, 2.23333, 1.5, 2.63333, 1.16667, 3.03333, 0.9, -0.980243
13399.3, 13380, 41, 30.8713, 0, 0, 0, 0, 0, 0, 0, 0, 0, 0, 30.8713, 2.43333, 1.63333, 2.83333, 1.3, 3.23333, 1.03333, -1.45241
13437.8, 13418.5, 31, 33.9454, 0, 0, 0, 0, 0, 0, 0, 0, 0, 0, 33.9454, 2.63333, 1.83333, 3.1, 1.5, 3.5, 1.16667, -1.96703
13476.2, 13457, 42, 37.5438, 0, 0, 0, 0, 0, 0, 0, 0, 0, 0, 37.5438, 2.9, 2.03333, 3.36667, 1.7, 3.83333, 1.36667, -2.54029
13514.7, 13495.5, 47, 41.7898, 0, 0, 0, 0, 0, 0, 0, 0, 0, 0, 41.7898, 3.16667, 2.3, 3.63333, 1.9, 4.16667, 1.56667, -3.23908
13553.2, 13534, 50, 46.8498, 0, 0, 0, 0, 0, 0, 0, 0, 0, 0, 46.8498, 3.56667, 2.63333, 4.1, 2.23333, 4.56667, 1.83333, -3.9
13591.7, 13572.5, 51, 52.9566, 0, 0, 0, 0, 0, 0, 0, 0, 0, 0, 52.9566, 4.03333, 3.03333, 4.5, 2.5, 5.03333, 2.03333, -4.11654
13630.2, 13610.9, 63, 60.3848, 0, 0, 0, 0, 0, 0, 0, 0, 0, 0, 60.3848, 4.56667, 3.5, 5.1, 2.96667, 5.56667, 2.43333, -4.81096
13668.7, 13649.4, 62, 69.5858, 0, 0, 0, 0, 0, 0, 0, 0, 0, 0, 69.5858, 5.23333, 4.03333, 5.76667, 3.5, 6.3, 2.96667, -5.58462
13707.2, 13687.9, 84, 81.0731, 0, 0, 0, 0, 0, 0, 0, 0, 0, 0, 81.0731, 6.03333, 4.76667, 6.63333, 4.16667, 7.23333, 3.56667, -6.44966
13745.6, 13726.4, 68, 93.6539, 0, 0, 0, 0, 0, 0, 0, 0, 0, 0, 93.6539, 6.9, 5.56667, 7.56667, 4.9, 8.16667, 4.3, -7.30084
13784.1, 13764.9, 87, 98.6115, 0, 0, 0, 0, 0, 0, 0, 0, 0, 0, 98.6115, 7.3, 5.9, 7.9, 5.23333, 8.56667, 4.56667, -7.6142
13822.6, 13803.4, 90, 88.8373, 0, 0, 0, 0, 0, 0, 0, 0, 0, 0, 88.8373, 6.56667, 5.23333, 7.23333, 4.63333, 7.83333, 4.03333, -6.98513
13861.1, 13841.8, 80, 74.9415, 0, 0, 0, 0, 0, 0, 0, 0, 0, 0, 74.9415, 5.63333, 4.36667, 6.16667, 3.83333, 6.76667, 3.23333, -6.00003
13899.6, 13880.3, 69, 67.05, 0, 0, 0, 0, 0, 0, 0, 0, 0, 0, 67.05, 5.03333, 3.9, 5.56667, 3.36667, 6.1, 2.83333, -5.37956
13938.1, 13918.8, 61, 60.8936, 0, 0, 0, 0, 0, 0, 0, 0, 0, 0, 60.8936, 4.63333, 3.5, 5.1, 2.96667, 5.63333, 2.5, -4.85602
13976.5, 13957.3, 40, 37.6454, 0, 0, 0, 0, 0, 0, 0, 0, 0, 0, 37.6454, 2.9, 2.03333, 3.36667, 1.7, 3.83333, 1.36667, -2.55625
14015, 13995.8, 15, 15.7123, 0, 0, 0, 0, 0, 0, 0, 0, 0, 0, 15.7123, 1.3, 0.766667, 1.56667, 0.5, 1.9, 0.3, 1.74966
14053.5, 14034.3, 0, 1.00521, 0, 0, 0, 0, 0, 0, 0, 0, 0, 0, 1.00521, 0.1, 0, 0.233333, 0, 0.366667, 0, 1.36681
14092, 14072.7, 1, 0.0963425, 0, 0, 0, 0, 0, 0, 0, 0, 0, 0, 0.0963425, 0.0333333, 0, 0.1, 0, 0.166667, 0, 0.528247
14130.5, 14111.2, 1, 0.110996, 0, 0, 0, 0, 0, 0, 0, 0, 0, 0, 0.110996, 0.0333333, 0, 0.1, 0, 0.166667, 0, 0.562888
14169, 14149.7, 0, 0.129904, 0, 0, 0, 0, 0, 0, 0, 0, 0, 0, 0.129904, 0.0333333, 0, 0.1, 0, 0.166667, 0, 0.593484
14207.4, 14188.2, 1, 0.154, 0, 0, 0, 0, 0, 0, 0, 0, 0, 0, 0.154, 0.0333333, 0, 0.1, 0, 0.166667, 0, 0.620911
14245.9, 14226.7, 0, 0.185276, 0, 0, 0, 0, 0, 0, 0, 0, 0, 0, 0.185276, 0.0333333, 0, 0.1, 0, 0.166667, 0, 0.663852
14284.4, 14265.2, 0, 0.226953, 0, 0, 0, 0, 0, 0, 0, 0, 0, 0, 0.226953, 0.0333333, 0, 0.1, 0, 0.166667, 0, 0.728893
14322.9, 14303.6, 1, 0.284054, 0, 0, 0, 0, 0, 0, 0, 0, 0, 0, 0.284054, 0.0333333, 0, 0.1, 0, 0.233333, 0, 0.794362
14361.4, 14342.1, 1, 0.365693, 0, 0, 0, 0, 0, 0, 0, 0, 0, 0, 0.365693, 0.0333333, 0, 0.166667, 0, 0.233333, 0, 0.876634
14399.9, 14380.6, 0, 0.487846, 0, 0, 0, 0, 0, 0, 0, 0, 0, 0, 0.487846, 0.1, 0, 0.166667, 0, 0.233333, 0, 0.988784
14438.3, 14419.1, 1, 0.683564, 0, 0, 0, 0, 0, 0, 0, 0, 0, 0, 0.683564, 0.1, 0, 0.166667, 0, 0.3, 0, 1.16214
14476.8, 14457.6, 0, 1.02674, 0, 0, 0, 0, 0, 0, 0, 0, 0, 0, 1.02674, 0.1, 0, 0.233333, 0, 0.366667, 0, 1.39542
14515.3, 14496.1, 1, 1.71564, 0, 0, 0, 0, 0, 0, 0, 0, 0, 0, 1.71564, 0.166667, 0, 0.3, 0, 0.433333, 0, 1.77758
14553.8, 14534.5, 1, 3.43038, 0, 0, 0, 0, 0, 0, 0, 0, 0, 0, 3.43038, 0.366667, 0.1, 0.5, 0, 0.633333, 0, 2.43083
14592.3, 14573, 0, 4.36595, 0, 0, 0, 0, 0, 0, 0, 0, 0, 0, 4.36595, 0.433333, 0.1, 0.633333, 0.0333333, 0.766667, 0, 2.76782
14630.8, 14611.5, 1, 0.0809862, 0, 0, 0, 0, 0, 0, 0, 0, 0, 0, 0.0809862, 0.0333333, 0, 0.1, 0, 0.166667, 0, 0.502329
14669.2, 14650, 0, 0.00720274, 0, 0, 0, 0, 0, 0, 0, 0, 0, 0, 0.00720274, 0.0333333, 0, 0.0333333, 0, 0.1, 0, 0.26816
14707.7, 14688.5, 0, 0.00768819, 0, 0, 0, 0, 0, 0, 0, 0, 0, 0, 0.00768819, 0.0333333, 0, 0.0333333, 0, 0.1, 0, 0.274407
14746.2, 14727, 0, 0.00819208, 0, 0, 0, 0, 0, 0, 0, 0, 0, 0, 0.00819208, 0.0333333, 0, 0.0333333, 0, 0.1, 0, 0.26751
14784.7, 14765.5, 0, 0.00876951, 0, 0, 0, 0, 0, 0, 0, 0, 0, 0, 0.00876951, 0.0333333, 0, 0.0333333, 0, 0.1, 0, 0.274284
14823.2, 14803.9, 1, 0.00940233, 0, 0, 0, 0, 0, 0, 0, 0, 0, 0, 0.00940233, 0.0333333, 0, 0.0333333, 0, 0.1, 0, 0.281444
14861.7, 14842.4, 0, 0.0101099, 0, 0, 0, 0, 0, 0, 0, 0, 0, 0, 0.0101099, 0.0333333, 0, 0.0333333, 0, 0.1, 0, 0.289159
14900.1, 14880.9, 0, 0.0108816, 0, 0, 0, 0, 0, 0, 0, 0, 0, 0, 0.0108816, 0.0333333, 0, 0.0333333, 0, 0.1, 0, 0.284047
14938.6, 14919.4, 0, 0.0117733, 0, 0, 0, 0, 0, 0, 0, 0, 0, 0, 0.0117733, 0.0333333, 0, 0.0333333, 0, 0.1, 0, 0.292859
14977.1, 14957.9, 0, 0.0127848, 0, 0, 0, 0, 0, 0, 0, 0, 0, 0, 0.0127848, 0.0333333, 0, 0.0333333, 0, 0.1, 0, 0.302461
15015.6, 14996.4, 0, 0.0139246, 0, 0, 0, 0, 0, 0, 0, 0, 0, 0, 0.0139246, 0.0333333, 0, 0.0333333, 0, 0.1, 0, 0.312841
15054.1, 15034.8, 0, 0.0152343, 0, 0, 0, 0, 0, 0, 0, 0, 0, 0, 0.0152343, 0.0333333, 0, 0.0333333, 0, 0.1, 0, 0.310776
15092.6, 15073.3, 0, 0.0167242, 0, 0, 0, 0, 0, 0, 0, 0, 0, 0, 0.0167242, 0.0333333, 0, 0.0333333, 0, 0.1, 0, 0.322962
15131, 15111.8, 0, 0.0184324, 0, 0, 0, 0, 0, 0, 0, 0, 0, 0, 0.0184324, 0.0333333, 0, 0.0333333, 0, 0.1, 0, 0.322867
15169.5, 15150.3, 0, 0.0204365, 0, 0, 0, 0, 0, 0, 0, 0, 0, 0, 0.0204365, 0.0333333, 0, 0.0333333, 0, 0.1, 0, 0.337537
15208, 15188.8, 0, 0.0227477, 0, 0, 0, 0, 0, 0, 0, 0, 0, 0, 0.0227477, 0.0333333, 0, 0.0333333, 0, 0.1, 0, 0.340144
15246.5, 15227.3, 0, 0.025475, 0, 0, 0, 0, 0, 0, 0, 0, 0, 0, 0.025475, 0.0333333, 0, 0.0333333, 0, 0.1, 0, 0.35794
15285, 15265.7, 0, 0.0286826, 0, 0, 0, 0, 0, 0, 0, 0, 0, 0, 0.0286826, 0.0333333, 0, 0.0333333, 0, 0.1, 0, 0.364126
15323.5, 15304.2, 0, 0.0325189, 0, 0, 0, 0, 0, 0, 0, 0, 0, 0, 0.0325189, 0.0333333, 0, 0.0333333, 0, 0.1, 0, 0.386368
15361.9, 15342.7, 1, 0.0370662, 0, 0, 0, 0, 0, 0, 0, 0, 0, 0, 0.0370662, 0.0333333, 0, 0.0333333, 0, 0.1, 0, 0.397313
15400.4, 15381.2, 0, 0.0426788, 0, 0, 0, 0, 0, 0, 0, 0, 0, 0, 0.0426788, 0.0333333, 0, 0.0333333, 0, 0.1, 0, 0.412014
15438.9, 15419.7, 1, 0.0495146, 0, 0, 0, 0, 0, 0, 0, 0, 0, 0, 0.0495146, 0.0333333, 0, 0.1, 0, 0.1, 0, 0.430525
15477.4, 15458.2, 0, 0.058124, 0, 0, 0, 0, 0, 0, 0, 0, 0, 0, 0.058124, 0.0333333, 0, 0.1, 0, 0.1, 0, 0.454554
15515.9, 15496.6, 0, 0.0689831, 0, 0, 0, 0, 0, 0, 0, 0, 0, 0, 0.0689831, 0.0333333, 0, 0.1, 0, 0.1, 0, 0.470793
15554.4, 15535.1, 0, 0.0830179, 0, 0, 0, 0, 0, 0, 0, 0, 0, 0, 0.0830179, 0.0333333, 0, 0.1, 0, 0.166667, 0, 0.509834
15592.8, 15573.6, 1, 0.10161, 0, 0, 0, 0, 0, 0, 0, 0, 0, 0, 0.10161, 0.0333333, 0, 0.1, 0, 0.166667, 0, 0.546274
15631.3, 15612.1, 0, 0.126979, 0, 0, 0, 0, 0, 0, 0, 0, 0, 0, 0.126979, 0.0333333, 0, 0.1, 0, 0.166667, 0, 0.584381
15669.8, 15650.6, 0, 0.163007, 0, 0, 0, 0, 0, 0, 0, 0, 0, 0, 0.163007, 0.0333333, 0, 0.1, 0, 0.166667, 0, 0.631851
15708.3, 15689.1, 0, 0.216436, 0, 0, 0, 0, 0, 0, 0, 0, 0, 0, 0.216436, 0.0333333, 0, 0.1, 0, 0.166667, 0, 0.716908
15746.8, 15727.5, 1, 0.300632, 0, 0, 0, 0, 0, 0, 0, 0, 0, 0, 0.300632, 0.0333333, 0, 0.1, 0, 0.233333, 0, 0.802837
15785.3, 15766, 1, 0.445713, 0, 0, 0, 0, 0, 0, 0, 0, 0, 0, 0.445713, 0.1, 0, 0.166667, 0, 0.233333, 0, 0.961632
15823.8, 15804.5, 0, 0.72742, 0, 0, 0, 0, 0, 0, 0, 0, 0, 0, 0.72742, 0.1, 0, 0.166667, 0, 0.3, 0, 1.17751
15862.2, 15843, 0, 1.39773, 0, 0, 0, 0, 0, 0, 0, 0, 0, 0, 1.39773, 0.166667, 0, 0.3, 0, 0.433333, 0, 1.60158
15900.7, 15881.5, 0, 2.61543, 0, 0, 0, 0, 0, 0, 0, 0, 0, 0, 2.61543, 0.3, 0.0333333, 0.433333, 0, 0.566667, 0, 2.2085
15939.2, 15920, 0, 0.286987, 0, 0, 0, 0, 0, 0, 0, 0, 0, 0, 0.286987, 0.0333333, 0, 0.1, 0, 0.233333, 0, 0.785562
15977.7, 15958.4, 0, 0.000412323, 0, 0, 0, 0, 0, 0, 0, 0, 0, 0, 0.000412323, 0.0333333, 0, 0.0333333, 0, 0.0333333, 0, 0.161076
16016.2, 15996.9, 1, 0.000414905, 0, 0, 0, 0, 0, 0, 0, 0, 0, 0, 0.000414905, 0.0333333, 0, 0.0333333, 0, 0.0333333, 0, 0.16131
16054.7, 16035.4, 0, 0.000416015, 0, 0, 0, 0, 0, 0, 0, 0, 0, 0, 0.000416015, 0.0333333, 0, 0.0333333, 0, 0.0333333, 0, 0.16141
16093.1, 16073.9, 0, 0.000415008, 0, 0, 0, 0, 0, 0, 0, 0, 0, 0, 0.000415008, 0.0333333, 0, 0.0333333, 0, 0.0333333, 0, 0.161319
16131.6, 16112.4, 0, 0.000421686, 0, 0, 0, 0, 0, 0, 0, 0, 0, 0, 0.000421686, 0.0333333, 0, 0.0333333, 0, 0.0333333, 0, 0.161918
16170.1, 16150.9, 0, 0.00042526, 0, 0, 0, 0, 0, 0, 0, 0, 0, 0, 0.00042526, 0.0333333, 0, 0.0333333, 0, 0.0333333, 0, 0.162236
16208.6, 16189.3, 0, 0.000426297, 0, 0, 0, 0, 0, 0, 0, 0, 0, 0, 0.000426297, 0.0333333, 0, 0.0333333, 0, 0.0333333, 0, 0.162328
16247.1, 16227.8, 0, 0.000433416, 0, 0, 0, 0, 0, 0, 0, 0, 0, 0, 0.000433416, 0.0333333, 0, 0.0333333, 0, 0.0333333, 0, 0.162954
16285.6, 16266.3, 0, 0.00043674, 0, 0, 0, 0, 0, 0, 0, 0, 0, 0, 0.00043674, 0.0333333, 0, 0.0333333, 0, 0.0333333, 0, 0.163245
16324, 16304.8, 0, 0.000436637, 0, 0, 0, 0, 0, 0, 0, 0, 0, 0, 0.000436637, 0.0333333, 0, 0.0333333, 0, 0.0333333, 0, 0.163236
16362.5, 16343.3, 0, 0.000439954, 0, 0, 0, 0, 0, 0, 0, 0, 0, 0, 0.000439954, 0.0333333, 0, 0.0333333, 0, 0.0333333, 0, 0.163524
16401, 16381.8, 0, 0.000446588, 0, 0, 0, 0, 0, 0, 0, 0, 0, 0, 0.000446588, 0.0333333, 0, 0.0333333, 0, 0.0333333, 0, 0.164095
16439.5, 16420.2, 0, 0.000452736, 0, 0, 0, 0, 0, 0, 0, 0, 0, 0, 0.000452736, 0.0333333, 0, 0.0333333, 0, 0.0333333, 0, 0.16462
16478, 16458.7, 0, 0.000452839, 0, 0, 0, 0, 0, 0, 0, 0, 0, 0, 0.000452839, 0.0333333, 0, 0.0333333, 0, 0.0333333, 0, 0.164629
16516.5, 16497.2, 0, 0.000454266, 0, 0, 0, 0, 0, 0, 0, 0, 0, 0, 0.000454266, 0.0333333, 0, 0.0333333, 0, 0.0333333, 0, 0.16475
16554.9, 16535.7, 0, 0.000463525, 0, 0, 0, 0, 0, 0, 0, 0, 0, 0, 0.000463525, 0.0333333, 0, 0.0333333, 0, 0.0333333, 0, 0.165529
16593.4, 16574.2, 0, 0.000467062, 0, 0, 0, 0, 0, 0, 0, 0, 0, 0, 0.000467062, 0.0333333, 0, 0.0333333, 0, 0.0333333, 0, 0.165824
16631.9, 16612.7, 0, 0.000473313, 0, 0, 0, 0, 0, 0, 0, 0, 0, 0, 0.000473313, 0.0333333, 0, 0.0333333, 0, 0.0333333, 0, 0.166341
16670.4, 16651.1, 0, 0.000476498, 0, 0, 0, 0, 0, 0, 0, 0, 0, 0, 0.000476498, 0.0333333, 0, 0.0333333, 0, 0.0333333, 0, 0.166602
16708.9, 16689.6, 0, 0.000481859, 0, 0, 0, 0, 0, 0, 0, 0, 0, 0, 0.000481859, 0.0333333, 0, 0.0333333, 0, 0.0333333, 0, 0.16704
16747.4, 16728.1, 1, 0.000485992, 0, 0, 0, 0, 0, 0, 0, 0, 0, 0, 0.000485992, 0.0333333, 0, 0.0333333, 0, 0.0333333, 0, 0.167375
16785.8, 16766.6, 0, 0.000492339, 0, 0, 0, 0, 0, 0, 0, 0, 0, 0, 0.000492339, 0.0333333, 0, 0.0333333, 0, 0.0333333, 0, 0.167886
16824.3, 16805.1, 0, 0.000499135, 0, 0, 0, 0, 0, 0, 0, 0, 0, 0, 0.000499135, 0.0333333, 0, 0.0333333, 0, 0.0333333, 0, 0.168429
16862.8, 16843.6, 0, 0.000505474, 0, 0, 0, 0, 0, 0, 0, 0, 0, 0, 0.000505474, 0.0333333, 0, 0.0333333, 0, 0.0333333, 0, 0.16893
16901.3, 16882, 0, 0.000511409, 0, 0, 0, 0, 0, 0, 0, 0, 0, 0, 0.000511409, 0.0333333, 0, 0.0333333, 0, 0.0333333, 0, 0.169395
16939.8, 16920.5, 0, 0.000519903, 0, 0, 0, 0, 0, 0, 0, 0, 0, 0, 0.000519903, 0.0333333, 0, 0.0333333, 0, 0.0333333, 0, 0.170054
16978.3, 16959, 0, 0.000525177, 0, 0, 0, 0, 0, 0, 0, 0, 0, 0, 0.000525177, 0.0333333, 0, 0.0333333, 0, 0.0333333, 0, 0.17046
17016.7, 16997.5, 0, 0.000527515, 0, 0, 0, 0, 0, 0, 0, 0, 0, 0, 0.000527515, 0.0333333, 0, 0.0333333, 0, 0.0333333, 0, 0.170639
17055.2, 17036, 0, 0.000539253, 0, 0, 0, 0, 0, 0, 0, 0, 0, 0, 0.000539253, 0.0333333, 0, 0.0333333, 0, 0.0333333, 0, 0.17153
17093.7, 17074.5, 0, 0.000547865, 0, 0, 0, 0, 0, 0, 0, 0, 0, 0, 0.000547865, 0.0333333, 0, 0.0333333, 0, 0.0333333, 0, 0.172174
17132.2, 17113, 0, 0.000554403, 0, 0, 0, 0, 0, 0, 0, 0, 0, 0, 0.000554403, 0.0333333, 0, 0.0333333, 0, 0.0333333, 0, 0.172659
17170.7, 17151.4, 0, 0.000558793, 0, 0, 0, 0, 0, 0, 0, 0, 0, 0, 0.000558793, 0.0333333, 0, 0.0333333, 0, 0.0333333, 0, 0.172983
17209.2, 17189.9, 0, 0.000573752, 0, 0, 0, 0, 0, 0, 0, 0, 0, 0, 0.000573752, 0.0333333, 0, 0.0333333, 0, 0.0333333, 0, 0.174072
17247.6, 17228.4, 0, 0.000580746, 0, 0, 0, 0, 0, 0, 0, 0, 0, 0, 0.000580746, 0.0333333, 0, 0.0333333, 0, 0.0333333, 0, 0.174575
17286.1, 17266.9, 0, 0.000586115, 0, 0, 0, 0, 0, 0, 0, 0, 0, 0, 0.000586115, 0.0333333, 0, 0.0333333, 0, 0.0333333, 0, 0.174958
17324.6, 17305.4, 0, 0.00060078, 0, 0, 0, 0, 0, 0, 0, 0, 0, 0, 0.00060078, 0.0333333, 0, 0.0333333, 0, 0.0333333, 0, 0.175992
17363.1, 17343.9, 0, 0.000612135, 0, 0, 0, 0, 0, 0, 0, 0, 0, 0, 0.000612135, 0.0333333, 0, 0.0333333, 0, 0.0333333, 0, 0.176781
17401.6, 17382.3, 0, 0.000622071, 0, 0, 0, 0, 0, 0, 0, 0, 0, 0, 0.000622071, 0.0333333, 0, 0.0333333, 0, 0.0333333, 0, 0.177463
17440.1, 17420.8, 0, 0.000637912, 0, 0, 0, 0, 0, 0, 0, 0, 0, 0, 0.000637912, 0.0333333, 0, 0.0333333, 0, 0.0333333, 0, 0.178535
17478.5, 17459.3, 0, 0.000653312, 0, 0, 0, 0, 0, 0, 0, 0, 0, 0, 0.000653312, 0.0333333, 0, 0.0333333, 0, 0.0333333, 0, 0.179561
17517, 17497.8, 0, 0.000660335, 0, 0, 0, 0, 0, 0, 0, 0, 0, 0, 0.000660335, 0.0333333, 0, 0.0333333, 0, 0.0333333, 0, 0.180023
17555.5, 17536.3, 0, 0.000674603, 0, 0, 0, 0, 0, 0, 0, 0, 0, 0, 0.000674603, 0.0333333, 0, 0.0333333, 0, 0.0333333, 0, 0.180952
17594, 17574.8, 0, 0.000689716, 0, 0, 0, 0, 0, 0, 0, 0, 0, 0, 0.000689716, 0.0333333, 0, 0.0333333, 0, 0.0333333, 0, 0.181921
17632.5, 17613.2, 0, 0.000709499, 0, 0, 0, 0, 0, 0, 0, 0, 0, 0, 0.000709499, 0.0333333, 0, 0.0333333, 0, 0.0333333, 0, 0.183168
17671, 17651.7, 0, 0.000720671, 0, 0, 0, 0, 0, 0, 0, 0, 0, 0, 0.000720671, 0.0333333, 0, 0.0333333, 0, 0.0333333, 0, 0.171321
17709.4, 17690.2, 0, 0.000741344, 0, 0, 0, 0, 0, 0, 0, 0, 0, 0, 0.000741344, 0.0333333, 0, 0.0333333, 0, 0.0333333, 0, 0.172546
17747.9, 17728.7, 0, 0.000760627, 0, 0, 0, 0, 0, 0, 0, 0, 0, 0, 0.000760627, 0.0333333, 0, 0.0333333, 0, 0.0333333, 0, 0.173669
17786.4, 17767.2, 0, 0.000779668, 0, 0, 0, 0, 0, 0, 0, 0, 0, 0, 0.000779668, 0.0333333, 0, 0.0333333, 0, 0.0333333, 0, 0.174759
17824.9, 17805.7, 0, 0.000793347, 0, 0, 0, 0, 0, 0, 0, 0, 0, 0, 0.000793347, 0.0333333, 0, 0.0333333, 0, 0.0333333, 0, 0.175531
17863.4, 17844.1, 1, 0.00081605, 0, 0, 0, 0, 0, 0, 0, 0, 0, 0, 0.00081605, 0.0333333, 0, 0.0333333, 0, 0.0333333, 0, 0.176793
17901.9, 17882.6, 0, 0.000839988, 0, 0, 0, 0, 0, 0, 0, 0, 0, 0, 0.000839988, 0.0333333, 0, 0.0333333, 0, 0.0333333, 0, 0.178099
17940.3, 17921.1, 0, 0.000863765, 0, 0, 0, 0, 0, 0, 0, 0, 0, 0, 0.000863765, 0.0333333, 0, 0.0333333, 0, 0.0333333, 0, 0.179372
17978.8, 17959.6, 0, 0.000893668, 0, 0, 0, 0, 0, 0, 0, 0, 0, 0, 0.000893668, 0.0333333, 0, 0.0333333, 0, 0.0333333, 0, 0.18094
18017.3, 17998.1, 0, 0.000914709, 0, 0, 0, 0, 0, 0, 0, 0, 0, 0, 0.000914709, 0.0333333, 0, 0.0333333, 0, 0.0333333, 0, 0.182023
18055.8, 18036.6, 0, 0.000945774, 0, 0, 0, 0, 0, 0, 0, 0, 0, 0, 0.000945774, 0.0333333, 0, 0.0333333, 0, 0.0333333, 0, 0.183591
18094.3, 18075, 0, 0.0009837, 0, 0, 0, 0, 0, 0, 0, 0, 0, 0, 0.0009837, 0.0333333, 0, 0.0333333, 0, 0.0333333, 0, 0.185461
18132.8, 18113.5, 0, 0.00102528, 0, 0, 0, 0, 0, 0, 0, 0, 0, 0, 0.00102528, 0.0333333, 0, 0.0333333, 0, 0.0333333, 0, 0.187457
18171.2, 18152, 0, 0.00108332, 0, 0, 0, 0, 0, 0, 0, 0, 0, 0, 0.00108332, 0.0333333, 0, 0.0333333, 0, 0.0333333, 0, 0.190156
18209.7, 18190.5, 0, 0.00115987, 0, 0, 0, 0, 0, 0, 0, 0, 0, 0, 0.00115987, 0.0333333, 0, 0.0333333, 0, 0.0333333, 0, 0.193574
18248.2, 18229, 0, 0.00112399, 0, 0, 0, 0, 0, 0, 0, 0, 0, 0, 0.00112399, 0.0333333, 0, 0.0333333, 0, 0.0333333, 0, 0.191991
18286.7, 18267.5, 0, 0.00115502, 0, 0, 0, 0, 0, 0, 0, 0, 0, 0, 0.00115502, 0.0333333, 0, 0.0333333, 0, 0.0333333, 0, 0.193362
18325.2, 18305.9, 0, 0.00119647, 0, 0, 0, 0, 0, 0, 0, 0, 0, 0, 0.00119647, 0.0333333, 0, 0.0333333, 0, 0.0333333, 0, 0.195157
18363.7, 18344.4, 0, 0.00124242, 0, 0, 0, 0, 0, 0, 0, 0, 0, 0, 0.00124242, 0.0333333, 0, 0.0333333, 0, 0.0333333, 0, 0.197099
18402.2, 18382.9, 0, 0.00129184, 0, 0, 0, 0, 0, 0, 0, 0, 0, 0, 0.00129184, 0.0333333, 0, 0.0333333, 0, 0.0333333, 0, 0.199137
18440.6, 18421.4, 0, 0.00134836, 0, 0, 0, 0, 0, 0, 0, 0, 0, 0, 0.00134836, 0.0333333, 0, 0.0333333, 0, 0.0333333, 0, 0.201407
18479.1, 18459.9, 0, 0.00140617, 0, 0, 0, 0, 0, 0, 0, 0, 0, 0, 0.00140617, 0.0333333, 0, 0.0333333, 0, 0.0333333, 0, 0.190978
18517.6, 18498.4, 0, 0.00146657, 0, 0, 0, 0, 0, 0, 0, 0, 0, 0, 0.00146657, 0.0333333, 0, 0.0333333, 0, 0.0333333, 0, 0.193208
18556.1, 18536.8, 0, 0.00153302, 0, 0, 0, 0, 0, 0, 0, 0, 0, 0, 0.00153302, 0.0333333, 0, 0.0333333, 0, 0.0333333, 0, 0.195595
18594.6, 18575.3, 0, 0.00160026, 0, 0, 0, 0, 0, 0, 0, 0, 0, 0, 0.00160026, 0.0333333, 0, 0.0333333, 0, 0.0333333, 0, 0.197944
18633.1, 18613.8, 0, 0.0016731, 0, 0, 0, 0, 0, 0, 0, 0, 0, 0, 0.0016731, 0.0333333, 0, 0.0333333, 0, 0.0333333, 0, 0.20042
18671.5, 18652.3, 0, 0.00176521, 0, 0, 0, 0, 0, 0, 0, 0, 0, 0, 0.00176521, 0.0333333, 0, 0.0333333, 0, 0.0333333, 0, 0.203454
18710, 18690.8, 0, 0.00185685, 0, 0, 0, 0, 0, 0, 0, 0, 0, 0, 0.00185685, 0.0333333, 0, 0.0333333, 0, 0.0333333, 0, 0.206375
18748.5, 18729.3, 0, 0.00195524, 0, 0, 0, 0, 0, 0, 0, 0, 0, 0, 0.00195524, 0.0333333, 0, 0.0333333, 0, 0.0333333, 0, 0.209413
18787, 18767.7, 0, 0.00205768, 0, 0, 0, 0, 0, 0, 0, 0, 0, 0, 0.00205768, 0.0333333, 0, 0.0333333, 0, 0.0333333, 0, 0.212475
18825.5, 18806.2, 0, 0.00217213, 0, 0, 0, 0, 0, 0, 0, 0, 0, 0, 0.00217213, 0.0333333, 0, 0.0333333, 0, 0.0333333, 0, 0.215787
18864, 18844.7, 0, 0.00230148, 0, 0, 0, 0, 0, 0, 0, 0, 0, 0, 0.00230148, 0.0333333, 0, 0.0333333, 0, 0.0333333, 0, 0.219401
18902.4, 18883.2, 1, 0.00243595, 0, 0, 0, 0, 0, 0, 0, 0, 0, 0, 0.00243595, 0.0333333, 0, 0.0333333, 0, 0.0333333, 0, 0.210214
18940.9, 18921.7, 0, 0.00258632, 0, 0, 0, 0, 0, 0, 0, 0, 0, 0, 0.00258632, 0.0333333, 0, 0.0333333, 0, 0.0333333, 0, 0.214021
18979.4, 18960.2, 0, 0.00275556, 0, 0, 0, 0, 0, 0, 0, 0, 0, 0, 0.00275556, 0.0333333, 0, 0.0333333, 0, 0.0333333, 0, 0.218148
19017.9, 18998.6, 0, 0.00294022, 0, 0, 0, 0, 0, 0, 0, 0, 0, 0, 0.00294022, 0.0333333, 0, 0.0333333, 0, 0.0333333, 0, 0.22248
19056.4, 19037.1, 0, 0.0031419, 0, 0, 0, 0, 0, 0, 0, 0, 0, 0, 0.0031419, 0.0333333, 0, 0.0333333, 0, 0.1, 0, 0.227029
19094.9, 19075.6, 0, 0.00336973, 0, 0, 0, 0, 0, 0, 0, 0, 0, 0, 0.00336973, 0.0333333, 0, 0.0333333, 0, 0.1, 0, 0.231961
19133.3, 19114.1, 0, 0.00363371, 0, 0, 0, 0, 0, 0, 0, 0, 0, 0, 0.00363371, 0.0333333, 0, 0.0333333, 0, 0.1, 0, 0.237435
19171.8, 19152.6, 0, 0.00391314, 0, 0, 0, 0, 0, 0, 0, 0, 0, 0, 0.00391314, 0.0333333, 0, 0.0333333, 0, 0.1, 0, 0.230028
19210.3, 19191.1, 0, 0.0042272, 0, 0, 0, 0, 0, 0, 0, 0, 0, 0, 0.0042272, 0.0333333, 0, 0.0333333, 0, 0.1, 0, 0.235838
19248.8, 19229.5, 0, 0.00459226, 0, 0, 0, 0, 0, 0, 0, 0, 0, 0, 0.00459226, 0.0333333, 0, 0.0333333, 0, 0.1, 0, 0.242286
19287.3, 19268, 0, 0.0050009, 0, 0, 0, 0, 0, 0, 0, 0, 0, 0, 0.0050009, 0.0333333, 0, 0.0333333, 0, 0.1, 0, 0.249165
19325.8, 19306.5, 0, 0.00544858, 0, 0, 0, 0, 0, 0, 0, 0, 0, 0, 0.00544858, 0.0333333, 0, 0.0333333, 0, 0.1, 0, 0.256344
19364.2, 19345, 0, 0.00597436, 0, 0, 0, 0, 0, 0, 0, 0, 0, 0, 0.00597436, 0.0333333, 0, 0.0333333, 0, 0.1, 0, 0.251245
19402.7, 19383.5, 0, 0.00657107, 0, 0, 0, 0, 0, 0, 0, 0, 0, 0, 0.00657107, 0.0333333, 0, 0.0333333, 0, 0.1, 0, 0.259678
19441.2, 19422, 0, 0.00727404, 0, 0, 0, 0, 0, 0, 0, 0, 0, 0, 0.00727404, 0.0333333, 0, 0.0333333, 0, 0.1, 0, 0.269091
19479.7, 19460.5, 0, 0.00806054, 0, 0, 0, 0, 0, 0, 0, 0, 0, 0, 0.00806054, 0.0333333, 0, 0.0333333, 0, 0.1, 0, 0.265932
19518.2, 19498.9, 0, 0.00900795, 0, 0, 0, 0, 0, 0, 0, 0, 0, 0, 0.00900795, 0.0333333, 0, 0.0333333, 0, 0.1, 0, 0.277013
19556.7, 19537.4, 0, 0.0101057, 0, 0, 0, 0, 0, 0, 0, 0, 0, 0, 0.0101057, 0.0333333, 0, 0.0333333, 0, 0.1, 0, 0.289115
19595.1, 19575.9, 0, 0.0113833, 0, 0, 0, 0, 0, 0, 0, 0, 0, 0, 0.0113833, 0.0333333, 0, 0.0333333, 0, 0.1, 0, 0.289048
19633.6, 19614.4, 0, 0.0129482, 0, 0, 0, 0, 0, 0, 0, 0, 0, 0, 0.0129482, 0.0333333, 0, 0.0333333, 0, 0.1, 0, 0.303975
19672.1, 19652.9, 0, 0.0147881, 0, 0, 0, 0, 0, 0, 0, 0, 0, 0, 0.0147881, 0.0333333, 0, 0.0333333, 0, 0.1, 0, 0.307017
19710.6, 19691.4, 0, 0.0170418, 0, 0, 0, 0, 0, 0, 0, 0, 0, 0, 0.0170418, 0.0333333, 0, 0.0333333, 0, 0.1, 0, 0.325493
19749.1, 19729.8, 0, 0.0197869, 0, 0, 0, 0, 0, 0, 0, 0, 0, 0, 0.0197869, 0.0333333, 0, 0.0333333, 0, 0.1, 0, 0.332856
19787.6, 19768.3, 0, 0.0232372, 0, 0, 0, 0, 0, 0, 0, 0, 0, 0, 0.0232372, 0.0333333, 0, 0.0333333, 0, 0.1, 0, 0.343402
19826, 19806.8, 0, 0.0275546, 0, 0, 0, 0, 0, 0, 0, 0, 0, 0, 0.0275546, 0.0333333, 0, 0.0333333, 0, 0.1, 0, 0.370972
19864.5, 19845.3, 0, 0.0331698, 0, 0, 0, 0, 0, 0, 0, 0, 0, 0, 0.0331698, 0.0333333, 0, 0.0333333, 0, 0.1, 0, 0.376313
19903, 19883.8, 0, 0.0404666, 0, 0, 0, 0, 0, 0, 0, 0, 0, 0, 0.0404666, 0.0333333, 0, 0.0333333, 0, 0.1, 0, 0.401025
19941.5, 19922.3, 1, 0.050439, 0, 0, 0, 0, 0, 0, 0, 0, 0, 0, 0.050439, 0.0333333, 0, 0.1, 0, 0.1, 0, 0.434755
19980, 19960.7, 0, 0.0642835, 0, 0, 0, 0, 0, 0, 0, 0, 0, 0, 0.0642835, 0.0333333, 0, 0.1, 0, 0.1, 0, 0.466098
20018.5, 19999.2, 1, 0.0845696, 0, 0, 0, 0, 0, 0, 0, 0, 0, 0, 0.0845696, 0.0333333, 0, 0.1, 0, 0.166667, 0, 0.501128
20056.9, 20037.7, 1, 0.115893, 0, 0, 0, 0, 0, 0, 0, 0, 0, 0, 0.115893, 0.0333333, 0, 0.1, 0, 0.166667, 0, 0.564059
20095.4, 20076.2, 0, 0.168279, 0, 0, 0, 0, 0, 0, 0, 0, 0, 0, 0.168279, 0.0333333, 0, 0.1, 0, 0.166667, 0, 0.646829
20133.9, 20114.7, 0, 0.265785, 0, 0, 0, 0, 0, 0, 0, 0, 0, 0, 0.265785, 0.0333333, 0, 0.1, 0, 0.166667, 0, 0.764908
20172.4, 20153.2, 0, 0.481467, 0, 0, 0, 0, 0, 0, 0, 0, 0, 0, 0.481467, 0.1, 0, 0.166667, 0, 0.233333, 0, 0.991782
20210.9, 20191.6, 1, 1.10037, 0, 0, 0, 0, 0, 0, 0, 0, 0, 0, 1.10037, 0.1, 0, 0.233333, 0, 0.366667, 0, 1.43688
20249.4, 20230.1, 0, 0.893505, 0, 0, 0, 0, 0, 0, 0, 0, 0, 0, 0.893505, 0.1, 0, 0.233333, 0, 0.3, 0, 1.31429
20287.8, 20268.6, 0, 0.000394901, 0, 0, 0, 0, 0, 0, 0, 0, 0, 0, 0.000394901, 0.0333333, 0, 0.0333333, 0, 0.0333333, 0, 0.159474
20326.3, 20307.1, 0, 7.35438e-09, 0, 0, 0, 0, 0, 0, 0, 0, 0, 0, 7.35438e-09, 0.0333333, 0, 0.0333333, 0, 0.0333333, 0, 0.0662576
20364.8, 20345.6, 0, 3.67719e-08, 0, 0, 0, 0, 0, 0, 0, 0, 0, 0, 3.67719e-08, 0.0333333, 0, 0.0333333, 0, 0.0333333, 0, 0.065536
20403.3, 20384.1, 0, 5.14807e-08, 0, 0, 0, 0, 0, 0, 0, 0, 0, 0, 5.14807e-08, 0.0333333, 0, 0.0333333, 0, 0.0333333, 0, 0.068015
20441.8, 20422.5, 0, 2.94175e-08, 0, 0, 0, 0, 0, 0, 0, 0, 0, 0, 2.94175e-08, 0.0333333, 0, 0.0333333, 0, 0.0333333, 0, 0.0639563
20480.3, 20461, 0, 5.14807e-08, 0, 0, 0, 0, 0, 0, 0, 0, 0, 0, 5.14807e-08, 0.0333333, 0, 0.0333333, 0, 0.0333333, 0, 0.068015
20518.8, 20499.5, 0, 2.20631e-08, 0, 0, 0, 0, 0, 0, 0, 0, 0, 0, 2.20631e-08, 0.0333333, 0, 0.0333333, 0, 0.0333333, 0, 0.0619915
20557.2, 20538, 0, 1.47088e-08, 0, 0, 0, 0, 0, 0, 0, 0, 0, 0, 1.47088e-08, 0.0333333, 0, 0.0333333, 0, 0.0333333, 0, 0.0707989
20595.7, 20576.5, 0, 2.94175e-08, 0, 0, 0, 0, 0, 0, 0, 0, 0, 0, 2.94175e-08, 0.0333333, 0, 0.0333333, 0, 0.0333333, 0, 0.0639563
20634.2, 20615, 0, 3.67719e-08, 0, 0, 0, 0, 0, 0, 0, 0, 0, 0, 3.67719e-08, 0.0333333, 0, 0.0333333, 0, 0.0333333, 0, 0.065536
20672.7, 20653.4, 0, 2.20631e-08, 0, 0, 0, 0, 0, 0, 0, 0, 0, 0, 2.20631e-08, 0.0333333, 0, 0.0333333, 0, 0.0333333, 0, 0.0619915
20711.2, 20691.9, 0, 2.94175e-08, 0, 0, 0, 0, 0, 0, 0, 0, 0, 0, 2.94175e-08, 0.0333333, 0, 0.0333333, 0, 0.0333333, 0, 0.0639563
20749.7, 20730.4, 0, 3.67719e-08, 0, 0, 0, 0, 0, 0, 0, 0, 0, 0, 3.67719e-08, 0.0333333, 0, 0.0333333, 0, 0.0333333, 0, 0.065536
20788.1, 20768.9, 0, 1.47088e-08, 0, 0, 0, 0, 0, 0, 0, 0, 0, 0, 1.47088e-08, 0.0333333, 0, 0.0333333, 0, 0.0333333, 0, 0.0707989
20826.6, 20807.4, 0, 2.20631e-08, 0, 0, 0, 0, 0, 0, 0, 0, 0, 0, 2.20631e-08, 0.0333333, 0, 0.0333333, 0, 0.0333333, 0, 0.0619915
20865.1, 20845.9, 0, 3.67719e-08, 0, 0, 0, 0, 0, 0, 0, 0, 0, 0, 3.67719e-08, 0.0333333, 0, 0.0333333, 0, 0.0333333, 0, 0.065536
20903.6, 20884.3, 0, 4.41263e-08, 0, 0, 0, 0, 0, 0, 0, 0, 0, 0, 4.41263e-08, 0.0333333, 0, 0.0333333, 0, 0.0333333, 0, 0.0668644
20942.1, 20922.8, 0, 1.47088e-08, 0, 0, 0, 0, 0, 0, 0, 0, 0, 0, 1.47088e-08, 0.0333333, 0, 0.0333333, 0, 0.0333333, 0, 0.0707989
20980.6, 20961.3, 0, 7.35438e-09, 0, 0, 0, 0, 0, 0, 0, 0, 0, 0, 7.35438e-09, 0.0333333, 0, 0.0333333, 0, 0.0333333, 0, 0.0662576
21019, 20999.8, 0, 2.20631e-08, 0, 0, 0, 0, 0, 0, 0, 0, 0, 0, 2.20631e-08, 0.0333333, 0, 0.0333333, 0, 0.0333333, 0, 0.0619915
21057.5, 21038.3, 0, 1.47088e-08, 0, 0, 0, 0, 0, 0, 0, 0, 0, 0, 1.47088e-08, 0.0333333, 0, 0.0333333, 0, 0.0333333, 0, 0.0707989
