xunit, xunit_low, fitted_data, total_model, Ac228_holders, Co60_cables, K40_close, K42_inside_ms, K42_nplus_coax, K42_outside_ms, Th228_cables, U238_cables, 1sig_p, 1sig_m, 2sig_p, 2sig_m, 3sig_p, 3sig_m, norm_pois_res
7.5, 0, 0, 0, 0, 0, 0, 0, 0, 0, 0, 0, 0.5, 0, 0.5, 0, 0.5, 0, 0
22.5, 15, 0, 0, 0, 0, 0, 0, 0, 0, 0, 0, 0.5, 0, 0.5, 0, 0.5, 0, 0
37.5, 30, 0, 0, 0, 0, 0, 0, 0, 0, 0, 0, 0.5, 0, 0.5, 0, 0.5, 0, 0
52.5, 45, 0, 0, 0, 0, 0, 0, 0, 0, 0, 0, 0.5, 0, 0.5, 0, 0.5, 0, 0
67.5, 60, 0, 0, 0, 0, 0, 0, 0, 0, 0, 0, 0.5, 0, 0.5, 0, 0.5, 0, 0
82.5, 75, 3, 0.0777946, 0.0028969, 1.44253e-05, 0.00307961, 0.000481296, 0, 0.0182977, 0.000768835, 0.0522558, 0.5, 0, 1.5, 0, 1.5, 0, 0.490392
97.5, 90, 7, 0.383042, 0.0154284, 1.44253e-05, 0.028743, 0.00168454, 0.000908481, 0.0667328, 0.00527739, 0.264253, 1.5, 0, 2.5, 0, 3.5, 0, 0.900817
112.5, 105, 10, 0.772947, 0.0297095, 8.65518e-05, 0.0359288, 0.00481296, 0.0136272, 0.159298, 0.0088315, 0.520653, 1.5, 0, 2.5, 0, 4.5, 0, 1.2133
127.5, 120, 16, 1.30082, 0.0517617, 0.000230805, 0.0605657, 0.00746009, 0.0181696, 0.27016, 0.0151507, 0.877322, 2.5, 0, 3.5, 0, 5.5, 0, 1.55603
142.5, 135, 45, 2.16376, 0.0845634, 0.000259655, 0.097521, 0.00746009, 0.0345223, 0.456366, 0.0250644, 1.458, 3.5, 0.5, 5.5, 0, 7.5, 0, 1.99499
157.5, 150, 65, 3.22832, 0.127789, 0.000432759, 0.151928, 0.00962593, 0.0445156, 0.632885, 0.0369778, 2.22416, 4.5, 0.5, 7.5, 0, 9.5, 0, 2.41891
172.5, 165, 71, 4.35009, 0.182431, 0.000577012, 0.194016, 0.012995, 0.0517834, 0.780343, 0.0495288, 3.07841, 6.5, 1.5, 9.5, 0.5, 11.5, 0, 2.76713
187.5, 180, 80, 5.73898, 0.241509, 0.000677989, 0.224812, 0.0204551, 0.0781294, 1.00207, 0.0660148, 4.10531, 7.5, 2.5, 10.5, 0.5, 13.5, 0, 3.17394
202.5, 195, 95, 8.58849, 0.465782, 0.00106747, 0.327465, 0.0279152, 0.0853972, 1.53163, 0.0940062, 6.05523, 11.5, 5.5, 14.5, 2.5, 18.5, 0.5, 3.25336
217.5, 210, 137, 13.0718, 0.501619, 0.00165891, 0.516348, 0.0385037, 0.134455, 2.3604, 0.143899, 9.37487, 16.5, 8.5, 20.5, 5.5, 25.5, 3.5, 3.32818
232.5, 225, 142, 18.8031, 0.633298, 0.00238017, 0.760664, 0.0481296, 0.195323, 3.21932, 0.193594, 13.7504, 22.5, 13.5, 28.5, 10.5, 32.5, 6.5, 3.38794
247.5, 240, 163, 27.1005, 0.805582, 0.00304374, 0.983423, 0.0555897, 0.183513, 3.78117, 0.249327, 21.0389, 32.5, 21.5, 37.5, 16.5, 43.5, 12.5, 3.44446
262.5, 255, 151, 25.7632, 1.06013, 0.00401023, 1.14767, 0.0640124, 0.272544, 4.64654, 0.317656, 18.2506, 30.5, 19.5, 36.5, 15.5, 41.5, 11.5, 3.43682
277.5, 270, 155, 30.7435, 1.23706, 0.00463052, 1.35298, 0.0818204, 0.294348, 5.0986, 0.410303, 22.2637, 36.5, 24.5, 42.5, 19.5, 48.5, 15.5, 3.4633
292.5, 285, 147, 68.5036, 1.41209, 0.00545276, 1.55623, 0.0974625, 0.324328, 5.87679, 0.862763, 58.3685, 77.5, 59.5, 85.5, 51.5, 93.5, 43.5, 9.48404
307.5, 300, 148, 30.6443, 1.66573, 0.00601535, 1.76359, 0.116474, 0.338863, 6.39451, 0.373581, 19.9855, 36.5, 24.5, 42.5, 19.5, 48.5, 15.5, 3.46282
322.5, 315, 163, 34.6402, 2.14959, 0.00765983, 1.8683, 0.112142, 0.360667, 6.59686, 0.717654, 22.8273, 40.5, 28.5, 46.5, 22.5, 53.5, 18.5, 3.48086
337.5, 330, 125, 41.9208, 5.88665, 0.00825127, 2.11364, 0.108773, 0.356125, 6.83258, 0.414866, 26.2, 48.5, 35.5, 55.5, 29.5, 62.5, 23.5, 3.50843
352.5, 345, 114, 129.351, 0.71542, 0.00789064, 2.2204, 0.11864, 0.357942, 6.83581, 0.418739, 118.676, 141.5, 117.5, 152.5, 106.5, 163.5, 95.5, -1.34975
367.5, 360, 80, 11.7038, 0.741769, 0.00784736, 2.18755, 0.119361, 0.363392, 6.76154, 0.438307, 1.08406, 14.5, 7.5, 18.5, 4.5, 22.5, 2.5, 3.30916
382.5, 375, 58, 11.8219, 0.78733, 0.00895811, 2.21321, 0.119843, 0.339772, 6.69481, 0.471024, 1.18699, 14.5, 7.5, 19.5, 5.5, 23.5, 2.5, 3.31091
397.5, 390, 54, 11.7801, 0.819863, 0.00848207, 2.26967, 0.101313, 0.326145, 6.43003, 0.506732, 1.31786, 14.5, 7.5, 18.5, 4.5, 23.5, 2.5, 3.31029
412.5, 405, 49, 11.9084, 0.878786, 0.0098669, 2.25222, 0.105885, 0.315243, 6.45371, 0.532338, 1.36033, 15.5, 8.5, 19.5, 5.5, 23.5, 2.5, 3.31217
427.5, 420, 38, 11.8821, 0.849085, 0.008785, 2.31279, 0.106126, 0.306158, 6.33208, 0.597455, 1.36963, 15.5, 8.5, 19.5, 5.5, 23.5, 2.5, 3.31179
442.5, 435, 24, 11.8116, 0.878469, 0.00859747, 2.24709, 0.103719, 0.286172, 6.2632, 0.629964, 1.39444, 14.5, 7.5, 19.5, 5.5, 23.5, 2.5, 3.01107
457.5, 450, 20, 12.4581, 1.01086, 0.00960724, 2.27686, 0.103479, 0.279812, 6.06515, 1.24784, 1.46446, 15.5, 8.5, 19.5, 5.5, 23.5, 2.5, 1.99268
472.5, 465, 31, 12.1059, 0.910326, 0.00905908, 2.34974, 0.104682, 0.285263, 5.88433, 0.544722, 2.01775, 15.5, 8.5, 19.5, 5.5, 23.5, 2.5, 3.31347
487.5, 480, 21, 12.4924, 0.900911, 0.0102564, 2.38465, 0.0977032, 0.288897, 5.85527, 0.579254, 2.37551, 16.5, 8.5, 19.5, 5.5, 24.5, 3.5, 2.21534
502.5, 495, 18, 11.1492, 0.936512, 0.00965052, 2.4216, 0.0972219, 0.26346, 5.67875, 0.547094, 1.19491, 14.5, 7.5, 18.5, 4.5, 22.5, 2.5, 1.91529
517.5, 510, 28, 11.3516, 0.932566, 0.00917449, 2.43084, 0.103719, 0.254375, 5.7584, 0.615215, 1.2473, 14.5, 7.5, 18.5, 4.5, 22.5, 2.5, 3.29568
532.5, 525, 14, 12.5984, 0.961999, 0.00982362, 2.48525, 0.105163, 0.243473, 5.42796, 0.611752, 2.75295, 16.5, 8.5, 20.5, 5.5, 24.5, 3.5, 0.431566
547.5, 540, 11, 11.0506, 1.01335, 0.010718, 2.48935, 0.102275, 0.22712, 5.45917, 0.679449, 1.06919, 14.5, 7.5, 18.5, 4.5, 22.5, 2.5, 0.0337425
562.5, 555, 12, 11.0349, 1.06333, 0.0102275, 2.43289, 0.0955373, 0.216218, 5.37307, 0.764979, 1.07867, 14.5, 7.5, 18.5, 4.5, 22.5, 2.5, 0.333565
577.5, 570, 20, 13.8275, 1.05104, 0.0110498, 2.59201, 0.0964999, 0.228029, 5.25575, 2.84085, 1.75227, 17.5, 9.5, 21.5, 6.5, 25.5, 3.5, 1.58956
592.5, 585, 14, 11.0206, 1.08008, 0.0108334, 2.50988, 0.0993877, 0.202591, 5.24283, 0.714118, 1.16087, 14.5, 7.5, 18.5, 4.5, 22.5, 2.5, 0.904571
607.5, 600, 13, 12.8139, 1.13283, 0.0111363, 2.52323, 0.0952967, 0.220761, 5.1804, 0.588814, 3.06139, 16.5, 8.5, 20.5, 5.5, 24.5, 3.5, 0.0970159
622.5, 615, 21, 11.0195, 1.19845, 0.0111508, 2.69979, 0.0977032, 0.186239, 5.10937, 0.627139, 1.08971, 14.5, 7.5, 18.5, 4.5, 22.5, 2.5, 2.66232
637.5, 630, 9, 11.1567, 1.24757, 0.0116268, 2.72135, 0.0904837, 0.19714, 5.01142, 0.661781, 1.21529, 14.5, 7.5, 18.5, 4.5, 22.5, 2.5, -0.615334
652.5, 645, 18, 11.3646, 1.32441, 0.0117278, 2.69979, 0.102275, 0.187147, 4.99527, 0.704843, 1.33913, 14.5, 7.5, 18.5, 4.5, 22.5, 2.5, 1.84639
667.5, 660, 23, 11.7548, 1.42312, 0.0114104, 2.79013, 0.090965, 0.168069, 5.05555, 0.750357, 1.46519, 14.5, 7.5, 18.5, 4.5, 23.5, 2.5, 2.85555
682.5, 675, 12, 11.864, 1.57496, 0.0127231, 2.73777, 0.0952967, 0.182605, 4.9393, 0.800225, 1.52108, 15.5, 8.5, 19.5, 5.5, 23.5, 2.5, 0.0863801
697.5, 690, 13, 12.2748, 1.65182, 0.0133867, 2.79218, 0.0969812, 0.178971, 5.05017, 0.889582, 1.60171, 15.5, 8.5, 19.5, 5.5, 23.5, 2.5, 0.250247
712.5, 705, 11, 12.3526, 1.7942, 0.0131414, 2.83222, 0.0854301, 0.172611, 4.74772, 1.00175, 1.70551, 15.5, 8.5, 19.5, 5.5, 23.5, 2.5, -0.343684
727.5, 720, 12, 18.2378, 2.00152, 0.013127, 3.05395, 0.105404, 0.146265, 4.81768, 6.38016, 1.71968, 22.5, 13.5, 26.5, 9.5, 32.5, 6.5, -1.51517
742.5, 735, 18, 12.3574, 2.15662, 0.013228, 3.0365, 0.0977032, 0.139906, 4.98451, 0.213953, 1.715, 15.5, 8.5, 19.5, 5.5, 23.5, 2.5, 1.5384
757.5, 750, 11, 12.5974, 2.43655, 0.013329, 3.03136, 0.0981845, 0.18533, 4.82198, 0.224324, 1.7863, 16.5, 8.5, 20.5, 5.5, 24.5, 3.5, -0.411685
772.5, 765, 22, 13.6293, 2.7984, 0.014959, 3.13094, 0.091687, 0.152625, 4.80584, 0.22584, 2.40897, 17.5, 9.5, 21.5, 6.5, 25.5, 3.5, 2.10701
787.5, 780, 13, 18.6309, 3.31005, 0.0144974, 3.24078, 0.0936121, 0.151716, 4.68206, 0.321084, 6.81713, 22.5, 13.5, 27.5, 9.5, 32.5, 6.5, -1.33769
802.5, 795, 10, 12.5942, 3.13047, 0.0151466, 3.31674, 0.0928902, 0.164435, 4.6939, 0.232461, 0.948148, 16.5, 8.5, 20.5, 5.5, 24.5, 3.5, -0.708351
817.5, 810, 12, 12.5217, 3.25955, 0.0169064, 3.20588, 0.10757, 0.151716, 4.57766, 0.24046, 0.961938, 16.5, 8.5, 19.5, 5.5, 24.5, 3.5, -0.101683
832.5, 825, 19, 17.2643, 4.05422, 0.0169064, 3.26541, 0.091687, 0.15535, 4.75095, 0.247875, 4.68192, 21.5, 12.5, 25.5, 8.5, 30.5, 5.5, 0.448506
847.5, 840, 12, 13.4773, 3.40395, 0.0170074, 3.42453, 0.0979438, 0.147174, 4.71435, 0.273755, 1.39855, 17.5, 9.5, 21.5, 6.5, 25.5, 3.5, -0.363643
862.5, 855, 12, 13.3482, 3.49356, 0.0196617, 3.5395, 0.095056, 0.138998, 4.74341, 0.990785, 0.327261, 17.5, 9.5, 21.5, 6.5, 25.5, 3.5, -0.329004
877.5, 870, 23, 13.1283, 3.86551, 0.0191856, 3.60109, 0.0981845, 0.165344, 4.87042, 0.167242, 0.341315, 16.5, 8.5, 20.5, 5.5, 25.5, 3.5, 2.47202
892.5, 885, 13, 13.2443, 4.00533, 0.0210898, 3.62984, 0.109736, 0.133547, 4.81337, 0.200605, 0.33083, 16.5, 8.5, 20.5, 5.5, 25.5, 3.5, -0.0223082
907.5, 900, 28, 29.0878, 19.657, 0.0218687, 3.80127, 0.103719, 0.137181, 4.86827, 0.176195, 0.322353, 34.5, 23.5, 40.5, 18.5, 46.5, 14.5, -0.172289
922.5, 915, 11, 11.6389, 2.28346, 0.0244076, 3.91521, 0.100832, 0.133547, 4.68529, 0.164452, 0.331722, 14.5, 7.5, 18.5, 4.5, 22.5, 2.5, -0.140243
937.5, 930, 14, 12.0605, 2.5088, 0.0259655, 3.94498, 0.095778, 0.138089, 4.76171, 0.177429, 0.407793, 15.5, 8.5, 19.5, 5.5, 23.5, 2.5, 0.588118
952.5, 945, 15, 12.498, 2.6281, 0.0284034, 4.35046, 0.108051, 0.133547, 4.7305, 0.186802, 0.332169, 16.5, 8.5, 19.5, 5.5, 24.5, 3.5, 0.728069
967.5, 960, 11, 23.7655, 13.802, 0.0302498, 4.38537, 0.0955373, 0.140815, 4.76924, 0.164886, 0.377454, 28.5, 18.5, 33.5, 13.5, 39.5, 10.5, -2.93625
982.5, 975, 16, 11.2244, 1.24825, 0.0355295, 4.46441, 0.108292, 0.136272, 4.69928, 0.176602, 0.355815, 14.5, 7.5, 18.5, 4.5, 22.5, 2.5, 1.37863
997.5, 990, 13, 11.3269, 0.949695, 0.0374192, 4.72926, 0.109014, 0.140815, 4.80799, 0.182601, 0.370093, 14.5, 7.5, 18.5, 4.5, 22.5, 2.5, 0.530934
1012.5, 1005, 16, 11.6851, 1.02945, 0.0413429, 4.81651, 0.112142, 0.14354, 5.01357, 0.167361, 0.361169, 14.5, 7.5, 18.5, 4.5, 22.5, 2.5, 1.23474
1027.5, 1020, 16, 11.9318, 1.0481, 0.0454541, 5.13166, 0.11864, 0.158076, 4.85427, 0.174066, 0.401547, 15.5, 8.5, 19.5, 5.5, 23.5, 2.5, 1.1592
1042.5, 1035, 13, 12.0958, 1.1078, 0.0499548, 5.03927, 0.106607, 0.152625, 5.09322, 0.166174, 0.380131, 15.5, 8.5, 19.5, 5.5, 23.5, 2.5, 0.302119
1057.5, 1050, 15, 12.9596, 1.56869, 0.0530851, 5.52072, 0.117677, 0.145357, 4.98666, 0.167638, 0.399762, 16.5, 8.5, 20.5, 5.5, 25.5, 3.5, 0.595031
1072.5, 1065, 22, 13.3515, 1.50898, 0.0569078, 5.7404, 0.120324, 0.158984, 5.14596, 0.218819, 0.401101, 17.5, 9.5, 21.5, 6.5, 25.5, 3.5, 2.18761
1087.5, 1080, 19, 13.5224, 0.843982, 0.0604564, 6.13561, 0.115511, 0.151716, 5.1944, 0.61652, 0.404224, 17.5, 9.5, 21.5, 6.5, 25.5, 3.5, 1.43918
1102.5, 1095, 18, 14.1968, 1.22058, 0.061495, 6.6417, 0.122971, 0.160801, 5.30203, 0.253161, 0.434117, 17.5, 9.5, 21.5, 6.5, 26.5, 3.5, 1.00698
1117.5, 1110, 27, 15.9003, 2.05854, 0.0674815, 7.2258, 0.130431, 0.180788, 5.27943, 0.130409, 0.82741, 19.5, 11.5, 24.5, 8.5, 28.5, 4.5, 2.53684
1132.5, 1125, 18, 14.9342, 0.58742, 0.0738431, 7.88483, 0.139335, 0.178062, 5.53129, 0.125121, 0.414263, 18.5, 10.5, 23.5, 7.5, 27.5, 4.5, 0.80675
1147.5, 1140, 13, 15.6527, 0.664008, 0.081099, 8.36012, 0.136929, 0.168069, 5.66583, 0.13117, 0.445494, 19.5, 11.5, 23.5, 7.5, 28.5, 4.5, -0.646658
1162.5, 1155, 25, 16.796, 0.898495, 0.0999096, 9.26758, 0.140539, 0.144448, 5.65937, 0.128381, 0.457317, 20.5, 11.5, 25.5, 8.5, 30.5, 5.5, 1.89381
1177.5, 1170, 25, 18.2221, 0.527813, 0.579738, 10.2171, 0.157625, 0.192598, 5.92523, 0.139486, 0.482526, 22.5, 13.5, 26.5, 9.5, 32.5, 6.5, 1.53332
1192.5, 1185, 24, 19.2674, 0.460998, 0.0387319, 11.5506, 0.156181, 0.189873, 6.21907, 0.140433, 0.511526, 23.5, 14.5, 28.5, 10.5, 33.5, 7.5, 1.07109
1207.5, 1200, 24, 20.8093, 0.469314, 0.0425258, 12.9231, 0.157384, 0.198957, 6.37406, 0.136484, 0.507511, 25.5, 15.5, 30.5, 11.5, 35.5, 8.5, 0.71596
1222.5, 1215, 20, 23.1187, 0.478574, 0.0497096, 14.9402, 0.182411, 0.226212, 6.55381, 0.135405, 0.55235, 27.5, 17.5, 33.5, 13.5, 38.5, 9.5, -0.628249
1237.5, 1230, 30, 25.9249, 0.636398, 0.0534601, 17.097, 0.199738, 0.219852, 6.83365, 0.141545, 0.743308, 31.5, 20.5, 36.5, 15.5, 42.5, 11.5, 0.810405
1252.5, 1245, 26, 29.2239, 0.745496, 0.0528831, 19.8655, 0.201904, 0.272544, 7.35352, 0.152696, 0.579343, 34.5, 23.5, 40.5, 18.5, 46.5, 14.5, -0.576332
1267.5, 1260, 35, 32.2898, 0.465066, 0.0569078, 22.7922, 0.22284, 0.304341, 7.70333, 0.159785, 0.585366, 37.5, 25.5, 43.5, 20.5, 50.5, 16.5, 0.498105
1282.5, 1275, 35, 37.4101, 0.619115, 0.0609613, 26.9076, 0.235113, 0.312517, 8.44923, 0.169958, 0.655637, 43.5, 30.5, 50.5, 25.5, 56.5, 19.5, -0.371029
1297.5, 1290, 28, 41.7233, 0.462633, 0.0672074, 30.8885, 0.257494, 0.373386, 8.84425, 0.178017, 0.651845, 47.5, 34.5, 54.5, 28.5, 62.5, 23.5, -2.23717
1312.5, 1305, 31, 46.4821, 0.492351, 0.0731939, 34.736, 0.30442, 0.381562, 9.60414, 0.186217, 0.704269, 53.5, 39.5, 60.5, 32.5, 68.5, 27.5, -2.39905
1327.5, 1320, 35, 52.254, 0.499569, 0.523999, 39.0946, 0.336667, 0.416993, 10.4631, 0.196466, 0.722562, 59.5, 44.5, 67.5, 37.5, 74.5, 30.5, -2.38687
1342.5, 1335, 38, 55.6412, 0.615176, 0.045281, 41.8519, 0.361935, 0.47877, 11.3026, 0.248192, 0.737285, 63.5, 47.5, 71.5, 40.5, 78.5, 33.5, -2.36499
1357.5, 1350, 50, 58.1716, 0.580462, 0.0286054, 43.4215, 0.403567, 0.545997, 12.2046, 0.19989, 0.787032, 66.5, 50.5, 73.5, 42.5, 81.5, 35.5, -1.0714
1372.5, 1365, 38, 62.828, 1.69866, 0.0307114, 42.8117, 0.454825, 0.589604, 13.4574, 0.218841, 3.56618, 71.5, 54.5, 79.5, 46.5, 86.5, 38.5, -3.13231
1387.5, 1380, 35, 59.4682, 0.503719, 0.0378375, 42.475, 0.490682, 0.694988, 14.2937, 0.234878, 0.737285, 67.5, 51.5, 75.5, 43.5, 82.5, 36.5, -3.17292
1402.5, 1395, 49, 60.5621, 0.524111, 0.0410832, 42.8682, 0.521244, 0.709524, 14.9611, 0.243996, 0.692892, 68.5, 52.5, 76.5, 44.5, 84.5, 36.5, -1.48572
1417.5, 1410, 58, 61.7066, 0.555904, 0.0408236, 43.4307, 0.517153, 0.670459, 15.4443, 0.253245, 0.793948, 70.5, 53.5, 77.5, 45.5, 85.5, 37.5, -0.471858
1432.5, 1425, 49, 64.6772, 1.00011, 0.0405062, 45.6357, 0.562876, 0.78947, 15.7931, 0.265417, 0.590051, 73.5, 56.5, 81.5, 48.5, 89.5, 40.5, -1.94937
1447.5, 1440, 57, 68.7086, 0.618553, 0.0419632, 50.1012, 0.581165, 0.787653, 15.6844, 0.289382, 0.604328, 77.5, 59.5, 85.5, 51.5, 93.5, 43.5, -1.41253
1462.5, 1455, 483, 491.314, 1.12208, 0.0427566, 471.612, 0.649991, 0.817633, 16.1052, 0.304121, 0.660322, 513.5, 468.5, 536.5, 446.5, 557.5, 425.5, -0.375079
1477.5, 1470, 27, 19.9897, 0.834055, 0.0430306, 0, 0.722907, 0.84307, 16.5282, 0.333562, 0.684861, 24.5, 15.5, 29.5, 11.5, 34.5, 7.5, 1.51771
1492.5, 1485, 16, 21.4593, 0.94849, 0.0420065, 0, 0.782347, 0.901213, 17.6917, 0.353059, 0.740408, 26.5, 16.5, 31.5, 12.5, 36.5, 8.5, -1.19573
1507.5, 1500, 25, 24.5465, 0.718472, 0.0402466, 0, 0.908928, 1.02477, 19.4881, 1.4957, 0.870242, 29.5, 19.5, 34.5, 14.5, 40.5, 10.5, 0.123869
1522.5, 1515, 192, 206.382, 0.500504, 0.0404485, 0, 9.32608, 9.82704, 185.519, 0.344764, 0.824064, 221.5, 191.5, 235.5, 177.5, 249.5, 163.5, -1.00113
1537.5, 1530, 1, 2.79523, 0.61315, 0.0408669, 0, 0.0762855, 0.047241, 0.136695, 0.27257, 1.60842, 4.5, 0.5, 6.5, 0, 8.5, 0, -1.15223
1552.5, 1545, 4, 2.13887, 0.638587, 0.0457859, 0, 0.0664189, 0.0454241, 0.0613511, 0.283677, 0.997621, 3.5, 0.5, 5.5, 0, 7.5, 0, 1.10692
1567.5, 1560, 3, 2.03084, 0.539369, 0.0416314, 0, 0.0873553, 0.0445156, 0.0796488, 0.308964, 0.929358, 3.5, 0.5, 5.5, 0, 7.5, 0, 0.649102
1582.5, 1575, 4, 4.6132, 2.97439, 0.0436654, 0, 0.0887992, 0.0599597, 0.0785725, 0.328028, 1.03978, 6.5, 1.5, 9.5, 0.5, 11.5, 0, -0.217061
1597.5, 1590, 4, 2.22524, 0.461103, 0.0418622, 0, 0.106848, 0.0663191, 0.0753435, 0.351663, 1.1221, 3.5, 0.5, 5.5, 0, 7.5, 0, 1.05106
1612.5, 1605, 3, 3.0616, 0.277647, 0.0386886, 0, 0.0900024, 0.0926651, 0.0656565, 1.3213, 1.17564, 4.5, 0.5, 6.5, 0, 9.5, 0, 0.0346884
1627.5, 1620, 5, 5.305, 1.57831, 0.0382126, 0, 0.0887992, 0.0899396, 0.0850305, 2.19619, 1.22851, 7.5, 2.5, 10.5, 0.5, 13.5, 0, -0.0616738
1642.5, 1635, 4, 2.12739, 0.471259, 0.0366979, 0, 0.0883179, 0.0990244, 0.0871832, 0.0824836, 1.26242, 3.5, 0.5, 5.5, 0, 7.5, 0, 1.11436
1657.5, 1650, 1, 2.18354, 0.106648, 0.0367989, 0, 0.0746009, 0.073587, 0.0839542, 0.0891105, 1.71884, 3.5, 0.5, 5.5, 0, 7.5, 0, -0.822897
1672.5, 1665, 0, 2.19288, 0.299731, 0.0359478, 0, 0.0873553, 0.0826718, 0.111939, 0.240762, 1.33447, 3.5, 0.5, 5.5, 0, 7.5, 0, -2.05439
1687.5, 1680, 3, 1.97702, 0.121141, 0.0354862, 0, 0.0770074, 0.0817633, 0.0990229, 0.151836, 1.41077, 3.5, 0.5, 5.5, 0, 7.5, 0, 0.677825
1702.5, 1695, 1, 1.85717, 0.073342, 0.0345486, 0, 0.0726758, 0.0781294, 0.0699618, 0.0733496, 1.45516, 3.5, 0.5, 4.5, 0, 7.5, 0, -0.634362
1717.5, 1710, 1, 2.0275, 0.0909513, 0.0342601, 0, 0.0630498, 0.0754039, 0.0850305, 0.0688273, 1.60998, 3.5, 0.5, 5.5, 0, 7.5, 0, -0.731488
1732.5, 1725, 4, 6.92792, 0.0747009, 0.034462, 0, 0.060884, 0.0663191, 0.103328, 0.074466, 6.51376, 9.5, 3.5, 12.5, 1.5, 16.5, 0.5, -1.13309
1747.5, 1740, 2, 1.72052, 0.0452925, 0.0331782, 0, 0.0589588, 0.0508749, 0.0882595, 0.0682136, 1.37574, 2.5, 0, 4.5, 0, 6.5, 0, 0.228227
1762.5, 1755, 11, 11.8774, 0.0336887, 0.0343033, 0, 0.0596807, 0.049058, 0.0850305, 0.0714003, 11.5443, 15.5, 8.5, 19.5, 5.5, 23.5, 2.5, -0.209121
1777.5, 1770, 0, 0.7159, 0.019904, 0.0337263, 0, 0.060884, 0.0436071, 0.0882595, 0.0762259, 0.393293, 1.5, 0, 2.5, 0, 4.5, 0, -1.19945
1792.5, 1785, 2, 0.728542, 0.0266905, 0.0324281, 0, 0.0459638, 0.0390647, 0.0979465, 0.0866862, 0.399762, 1.5, 0, 2.5, 0, 4.5, 0, 0.813379
1807.5, 1800, 1, 1.28332, 0.0233135, 0.0330916, 0, 0.0529426, 0.049058, 0.0947175, 0.604113, 0.426086, 2.5, 0, 3.5, 0, 5.5, 0, -0.252797
1822.5, 1815, 1, 0.746285, 0.0523314, 0.0324136, 0, 0.0512581, 0.0390647, 0.0764198, 0.0399337, 0.454864, 1.5, 0, 2.5, 0, 4.5, 0, 0.147354
1837.5, 1830, 2, 1.34398, 0.0490276, 0.0342456, 0, 0.169176, 0.157167, 0.219572, 0.0384059, 0.676384, 2.5, 0, 4.5, 0, 5.5, 0, 0.484379
1852.5, 1845, 6, 3.13583, 0.0217593, 0.0349525, 0, 0.0423541, 0.026346, 0.0818015, 0.0376977, 2.89092, 4.5, 0.5, 6.5, 0, 9.5, 0, 1.44702
1867.5, 1860, 2, 0.514152, 0.0218814, 0.0336542, 0, 0.0411508, 0.0172611, 0.0731908, 0.0441459, 0.282868, 1.5, 0, 2.5, 0, 3.5, 0, 0.841083
1882.5, 1875, 2, 0.699521, 0.0543494, 0.0345197, 0, 0.0409102, 0.0208951, 0.0688855, 0.0404902, 0.439471, 1.5, 0, 2.5, 0, 4.5, 0, 0.829101
1897.5, 1890, 2, 0.747714, 0.0209049, 0.034462, 0, 0.0375411, 0.026346, 0.0828778, 0.0385172, 0.507065, 1.5, 0, 2.5, 0, 4.5, 0, 0.816149
1912.5, 1905, 2, 0.536684, 0.017951, 0.0354718, 0, 0.0394663, 0.0199866, 0.136695, 0.0359238, 0.25119, 1.5, 0, 2.5, 0, 3.5, 0, 0.840018
1927.5, 1920, 1, 0.985399, 0.0254048, 0.0343322, 0, 0.0507768, 0.0172611, 0.529557, 0.0400686, 0.287998, 1.5, 0, 3.5, 0, 5.5, 0, -0.0386023
1942.5, 1935, 1, 0.463833, 0.019489, 0.0342312, 0, 0.0322469, 0.0136272, 0.0279847, 0.0366556, 0.299599, 1.5, 0, 2.5, 0, 3.5, 0, 0.352134
1957.5, 1950, 1, 0.537031, 0.0728945, 0.0363229, 0, 0.0336907, 0.0109018, 0.0301374, 0.0454545, 0.30763, 1.5, 0, 2.5, 0, 3.5, 0, 0.299656
1972.5, 1965, 0, 0.484669, 0.0141346, 0.0369576, 0, 0.0291184, 0.0109018, 0.0204504, 0.0369221, 0.336184, 1.5, 0, 2.5, 0, 3.5, 0, -1.01403
1987.5, 1980, 0, 0.646321, 0.00149727, 0.0382415, 0, 0.0346533, 0.0154442, 0.0301374, 0.0427059, 0.483641, 1.5, 0, 2.5, 0, 4.5, 0, -1.15174
2002.5, 1995, 0, 0.700093, 0.00305965, 0.0375202, 0, 0.034172, 0.00908481, 0.0344427, 0.0381631, 0.54365, 1.5, 0, 2.5, 0, 4.5, 0, -1.1812
2017.5, 2010, 1, 1.3192, 0.00456506, 0.0395686, 0, 0.0295997, 0.0136272, 0.0301374, 0.0439031, 1.15779, 2.5, 0, 3.5, 0, 5.5, 0, -0.282204
2032.5, 2025, 0, 0.483297, 0.00152982, 0.039482, 0, 0.0293591, 0.00999329, 0.0258321, 0.0400248, 0.337076, 1.5, 0, 2.5, 0, 3.5, 0, -0.996784
2047.5, 2040, 0, 0.514619, 0.000162747, 0.0406505, 0, 0.0317656, 0.0109018, 0.022603, 0.0431274, 0.365408, 1.5, 0, 2.5, 0, 3.5, 0, -1.03336
2062.5, 2055, 0, 0.525724, 0.000756774, 0.0406505, 0, 0.0317656, 0.00908481, 0.0247557, 0.0392491, 0.379462, 1.5, 0, 2.5, 0, 3.5, 0, -1.04507
2077.5, 2070, 0, 0.567496, 3.25494e-05, 0.0434634, 0, 0.0312843, 0.00908481, 0.0172214, 0.0454545, 0.420955, 1.5, 0, 2.5, 0, 3.5, 0, -1.07427
2092.5, 2085, 1, 0.601753, 5.69615e-05, 0.0446751, 0, 0.0274339, 0.00454241, 0.0269084, 0.0448339, 0.453302, 1.5, 0, 2.5, 0, 4.5, 0, 0.254171
2107.5, 2100, 1, 0.664539, 1.62747e-05, 0.0438962, 0, 0.030081, 0.00454241, 0.0236794, 0.0505739, 0.511749, 1.5, 0, 2.5, 0, 4.5, 0, 0.207208
2122.5, 2115, 1, 1.94342, 0.000252258, 0.0494932, 0, 0.0267119, 0.00545089, 0.0182977, 0.0404902, 1.80272, 3.5, 0.5, 5.5, 0, 7.5, 0, -0.684419
2137.5, 2130, 0, 0.528548, 0, 0.0507338, 0, 0.0264713, 0.00726785, 0.0258321, 0.0459199, 0.372323, 1.5, 0, 2.5, 0, 3.5, 0, -1.04335
2152.5, 2145, 1, 0.623792, 0, 0.0530707, 0, 0.0226209, 0.00545089, 0.022603, 0.0442134, 0.475833, 1.5, 0, 2.5, 0, 4.5, 0, 0.235192
2167.5, 2160, 4, 0.546798, 0, 0.0532726, 0, 0.0221396, 0.00635937, 0.0172214, 0.0487123, 0.399093, 1.5, 0, 2.5, 0, 3.5, 0, 1.03027
2182.5, 2175, 1, 0.638065, 0, 0.0583936, 0, 0.0247868, 0.00545089, 0.0355191, 0.0505739, 0.463341, 1.5, 0, 2.5, 0, 4.5, 0, 0.225968
2197.5, 2190, 3, 3.77225, 0, 0.0629376, 0, 0.0245461, 0.00908481, 0.022603, 0.0496431, 3.60344, 5.5, 1.5, 8.5, 0.5, 10.5, 0, -0.331971
2212.5, 2205, 3, 1.39269, 0, 0.0679864, 0, 0.0221396, 0.00272544, 0.0247557, 0.0525907, 1.22249, 2.5, 0, 4.5, 0, 6.5, 0, 1.01558
2227.5, 2220, 2, 0.283665, 0, 0.0729343, 0, 0.0221396, 0.000908481, 0.0279847, 0.0550728, 0.104625, 0.5, 0, 1.5, 0, 3.5, 0, 0.749411
2242.5, 2235, 1, 0.282222, 0, 0.0801181, 0, 0.021177, 0.00454241, 0.0290611, 0.0507291, 0.0965944, 0.5, 0, 1.5, 0, 3.5, 0, 0.454217
2257.5, 2250, 0, 0.324737, 0, 0.0871865, 0, 0.0247868, 0.00545089, 0.0301374, 0.0569344, 0.120241, 0.5, 0, 1.5, 0, 3.5, 0, -0.856948
2272.5, 2265, 1, 0.369207, 0, 0.100112, 0, 0.0221396, 0.00181696, 0.0290611, 0.0608128, 0.155265, 0.5, 0, 2.5, 0, 3.5, 0, 0.415127
2287.5, 2280, 1, 0.636769, 0, 0.106588, 0, 0.0214177, 0.00454241, 0.0430534, 0.0589512, 0.402216, 1.5, 0, 2.5, 0, 4.5, 0, 0.225856
2302.5, 2295, 1, 0.383457, 0, 0.0946443, 0, 0.0279152, 0.00545089, 0.0398244, 0.0587961, 0.156826, 1.5, 0, 2.5, 0, 3.5, 0, 0.408948
2317.5, 2310, 0, 0.344988, 0, 0.0983516, 0, 0.0139576, 0.00635937, 0.0398244, 0.0611231, 0.125372, 0.5, 0, 2.5, 0, 3.5, 0, -0.867175
2332.5, 2325, 0, 0.352897, 0, 0.100241, 0, 0.021177, 0.00272544, 0.0376717, 0.0659323, 0.125149, 0.5, 0, 2.5, 0, 3.5, 0, -0.88127
2347.5, 2340, 0, 0.383672, 0, 0.109589, 0, 0.0221396, 0.00726785, 0.0505878, 0.0667079, 0.12738, 1.5, 0, 2.5, 0, 3.5, 0, -0.903721
2362.5, 2355, 1, 0.38326, 0, 0.112676, 0, 0.0228616, 0.00545089, 0.0365954, 0.0718274, 0.133849, 1.5, 0, 2.5, 0, 3.5, 0, 0.408866
2377.5, 2370, 0, 0.373894, 0, 0.112128, 0, 0.0175673, 0.00272544, 0.0430534, 0.0761711, 0.122249, 0.5, 0, 2.5, 0, 3.5, 0, -0.907519
2392.5, 2385, 0, 0.368002, 0, 0.107627, 0, 0.0154015, 0.00363392, 0.0376717, 0.0753955, 0.128272, 0.5, 0, 2.5, 0, 3.5, 0, -0.892732
2407.5, 2400, 0, 0.383267, 0, 0.101612, 0, 0.0206957, 0.00272544, 0.0355191, 0.0792738, 0.143442, 1.5, 0, 2.5, 0, 3.5, 0, -0.903881
2422.5, 2415, 0, 0.810054, 0, 0.0949617, 0, 0.0466857, 0.0208951, 0.404702, 0.0868754, 0.155934, 1.5, 0, 3.5, 0, 4.5, 0, -1.26464
2437.5, 2430, 0, 0.464898, 0, 0.0919468, 0, 0.0163641, 0.00272544, 0.00430534, 0.093236, 0.256321, 1.5, 0, 2.5, 0, 3.5, 0, -0.988658
2452.5, 2445, 4, 1.80013, 0, 0.0932018, 0, 0.0101072, 0.00363392, 0.00107634, 0.0997516, 1.59236, 2.5, 0, 4.5, 0, 6.5, 0, 1.27577
2467.5, 2460, 0, 0.24713, 0, 0.0946299, 0, 0.0144389, 0, 0.00107634, 0.106422, 0.0305622, 0.5, 0, 1.5, 0, 2.5, 0, -0.761301
2482.5, 2475, 0, 0.357211, 0, 0.096361, 0, 0.0151608, 0.000908481, 0.00538168, 0.10332, 0.13608, 0.5, 0, 2.5, 0, 3.5, 0, -0.879751
2497.5, 2490, 1, 0.968592, 0, 0.7781, 0, 0.0122731, 0, 0.00968702, 0.119454, 0.049078, 1.5, 0, 3.5, 0, 5.5, 0, -0.0233172
2512.5, 2505, 0, 1.56555, 0, 1.35767, 0, 0.0115511, 0.00181696, 0.00430534, 0.116816, 0.0733939, 2.5, 0, 4.5, 0, 6.5, 0, -1.74438
2527.5, 2520, 0, 0.156238, 0, 1.44253e-05, 0, 0.0139576, 0.00272544, 0.00322901, 0.117127, 0.019185, 0.5, 0, 1.5, 0, 2.5, 0, -0.64338
2542.5, 2535, 2, 0.177757, 0, 4.32759e-05, 0, 0.0122731, 0.00363392, 0.00538168, 0.125194, 0.0312314, 0.5, 0, 1.5, 0, 2.5, 0, 0.643496
2557.5, 2550, 0, 0.167755, 0, 1.44253e-05, 0, 0.0151608, 0.000908481, 0.00215267, 0.12721, 0.0223082, 0.5, 0, 1.5, 0, 2.5, 0, -0.658835
2572.5, 2565, 0, 0.18296, 0, 2.88506e-05, 0, 0.0103479, 0.000908481, 0.00430534, 0.1435, 0.0238697, 0.5, 0, 1.5, 0, 2.5, 0, -0.67392
2587.5, 2580, 0, 0.185386, 0, 0, 0, 0.00914463, 0, 0.00538168, 0.148774, 0.0220851, 0.5, 0, 1.5, 0, 2.5, 0, -0.689268
2602.5, 2595, 0, 0.222747, 0, 0, 0, 0.0115511, 0.000908481, 0.00538168, 0.171889, 0.0330161, 0.5, 0, 1.5, 0, 2.5, 0, -0.733112
2617.5, 2610, 0, 1.08513, 0, 2.88506e-05, 0, 0.00842269, 0.000908481, 0.00430534, 1.04871, 0.0227543, 1.5, 0, 3.5, 0, 5.5, 0, -1.44457
2632.5, 2625, 0, 0.135575, 0, 0, 0, 0.00938528, 0.000908481, 0.00107634, 0.0958733, 0.0283314, 0.5, 0, 1.5, 0, 2.5, 0, -0.611873
2647.5, 2640, 0, 0.127693, 0, 0, 0, 0.00818204, 0.00272544, 0.00645801, 0.0893576, 0.0209697, 0.5, 0, 1.5, 0, 2.5, 0, -0.596071
2662.5, 2655, 0, 0.187689, 0, 0, 0, 0.00890398, 0.000908481, 0.00107634, 0.134192, 0.0426086, 0.5, 0, 1.5, 0, 2.5, 0, -0.68918
2677.5, 2670, 1, 0.172905, 0, 0, 0, 0.00529426, 0, 0.00753435, 0.139776, 0.0203004, 0.5, 0, 1.5, 0, 2.5, 0, 0.466441
2692.5, 2685, 0, 0.279894, 0, 0, 0, 0.00866333, 0, 0.00538168, 0.162116, 0.103733, 0.5, 0, 1.5, 0, 2.5, 0, -0.803101
2707.5, 2700, 0, 0.185786, 0, 0, 0, 0.00818204, 0.000908481, 0.00430534, 0.153428, 0.0189619, 0.5, 0, 1.5, 0, 2.5, 0, -0.689254
2722.5, 2715, 0, 0.322743, 0, 0, 0, 0.00746009, 0.00181696, 0.00538168, 0.174682, 0.133403, 0.5, 0, 1.5, 0, 3.5, 0, -0.840954
2737.5, 2730, 1, 0.236319, 0, 0, 0, 0.0069788, 0, 0.00430534, 0.191126, 0.0339084, 0.5, 0, 1.5, 0, 2.5, 0, 0.469478
2752.5, 2745, 0, 0.206553, 0, 0, 0, 0.0064975, 0.000908481, 0.00322901, 0.188334, 0.00758478, 0.5, 0, 1.5, 0, 2.5, 0, -0.719063
2767.5, 2760, 0, 0.245283, 0, 0, 0, 0.00625685, 0, 0.00322901, 0.199658, 0.0361392, 0.5, 0, 1.5, 0, 2.5, 0, -0.761608
2782.5, 2775, 0, 0.225947, 0, 0, 0, 0.00457232, 0, 0.00215267, 0.199814, 0.0194081, 0.5, 0, 1.5, 0, 2.5, 0, -0.732712
2797.5, 2790, 0, 0.259057, 0, 0, 0, 0.00505361, 0.000908481, 0.00430534, 0.24232, 0.00646937, 0.5, 0, 1.5, 0, 2.5, 0, -0.775163
2812.5, 2805, 0, 0.282567, 0, 0, 0, 0.00818204, 0.000908481, 0.00107634, 0.264815, 0.00758478, 0.5, 0, 1.5, 0, 3.5, 0, -0.802486
2827.5, 2820, 0, 0.272498, 0, 0, 0, 0.00553491, 0, 0.00322901, 0.249457, 0.0142772, 0.5, 0, 1.5, 0, 2.5, 0, -0.788537
2842.5, 2835, 0, 0.26978, 0, 0, 0, 0.00553491, 0, 0.00215267, 0.254731, 0.0073617, 0.5, 0, 1.5, 0, 2.5, 0, -0.789117
2857.5, 2850, 0, 0.263186, 0, 0, 0, 0.0060162, 0, 0.00430534, 0.240149, 0.0127157, 0.5, 0, 1.5, 0, 2.5, 0, -0.774351
2872.5, 2865, 0, 0.25922, 0, 0, 0, 0.00457232, 0, 0, 0.243717, 0.010931, 0.5, 0, 1.5, 0, 2.5, 0, -0.775132
2887.5, 2880, 0, 0.298877, 0, 0, 0, 0.00457232, 0, 0.00107634, 0.279398, 0.0138311, 0.5, 0, 1.5, 0, 3.5, 0, -0.814753
2902.5, 2895, 0, 0.264029, 0, 0, 0, 0.00288778, 0.000908481, 0.00215267, 0.247595, 0.0104848, 0.5, 0, 1.5, 0, 2.5, 0, -0.790283
2917.5, 2910, 0, 0.290029, 0, 0, 0, 0.00577556, 0, 0.00322901, 0.259385, 0.0216389, 0.5, 0, 1.5, 0, 3.5, 0, -0.816996
2932.5, 2925, 0, 0.27895, 0, 0, 0, 0.00409102, 0.00181696, 0.00430534, 0.255352, 0.0133849, 0.5, 0, 1.5, 0, 2.5, 0, -0.803314
2947.5, 2940, 1, 0.28968, 0, 0, 0, 0.00336907, 0.000908481, 0.00430534, 0.271951, 0.00914635, 0.5, 0, 1.5, 0, 3.5, 0, 0.44649
2962.5, 2955, 0, 0.313423, 0, 0, 0, 0.00625685, 0.000908481, 0.00430534, 0.296152, 0.00580012, 0.5, 0, 1.5, 0, 3.5, 0, -0.843681
2977.5, 2970, 0, 0.319644, 0, 0, 0, 0.00481296, 0.000908481, 0.00107634, 0.291653, 0.0211928, 0.5, 0, 1.5, 0, 3.5, 0, -0.841881
2992.5, 2985, 0, 0.329204, 0, 0, 0, 0.00433167, 0.000908481, 0.00107634, 0.311511, 0.0113772, 0.5, 0, 1.5, 0, 3.5, 0, -0.855582
3007.5, 3000, 0, 0.358832, 0, 0, 0, 0.00264713, 0, 0.00215267, 0.338194, 0.0158388, 0.5, 0, 2.5, 0, 3.5, 0, -0.879172
3022.5, 3015, 1, 0.34708, 0, 0, 0, 0.00216583, 0, 0.00107634, 0.341607, 0.00223082, 0.5, 0, 2.5, 0, 3.5, 0, 0.429542
3037.5, 3030, 0, 0.344603, 0, 0, 0, 0.00240648, 0.000908481, 0.00322901, 0.334936, 0.00312314, 0.5, 0, 2.5, 0, 3.5, 0, -0.867305
3052.5, 3045, 0, 0.366023, 0, 0, 0, 0.00240648, 0, 0.00538168, 0.330127, 0.0281083, 0.5, 0, 2.5, 0, 3.5, 0, -0.893465
3067.5, 3060, 0, 0.348705, 0, 0, 0, 0.00264713, 0, 0.00107634, 0.344089, 0.000892327, 0.5, 0, 2.5, 0, 3.5, 0, -0.882713
3082.5, 3075, 0, 0.341589, 0, 0, 0, 0.00360972, 0.000908481, 0.00107634, 0.329972, 0.00602321, 0.5, 0, 2.5, 0, 3.5, 0, -0.868309
3097.5, 3090, 0, 0.330171, 0, 0, 0, 0.00385037, 0.00181696, 0.00215267, 0.321905, 0.000446163, 0.5, 0, 1.5, 0, 3.5, 0, -0.855281
3112.5, 3105, 0, 0.314456, 0, 0, 0, 0.00168454, 0, 0.00538168, 0.307167, 0.000223082, 0.5, 0, 1.5, 0, 3.5, 0, -0.843388
3127.5, 3120, 0, 0.419403, 0, 0, 0, 0.00240648, 0.00181696, 0.00322901, 0.411728, 0.000223082, 1.5, 0, 2.5, 0, 3.5, 0, -0.940262
3142.5, 3135, 0, 0.320746, 0, 0, 0, 0.00168454, 0.000908481, 0.00645801, 0.31058, 0.00111541, 0.5, 0, 1.5, 0, 3.5, 0, -0.841553
3157.5, 3150, 0, 0.321818, 0, 0, 0, 0.00288778, 0.00272544, 0.00430534, 0.310114, 0.00178465, 0.5, 0, 1.5, 0, 3.5, 0, -0.841233
3172.5, 3165, 0, 0.340671, 0, 0, 0, 0.00216583, 0.00272544, 0.00753435, 0.3278, 0.000446163, 0.5, 0, 2.5, 0, 3.5, 0, -0.868611
3187.5, 3180, 1, 0.683552, 0, 0, 0, 0.00385037, 0.000908481, 0.00753435, 0.669251, 0.00200774, 1.5, 0, 2.5, 0, 4.5, 0, 0.198143
3202.5, 3195, 0, 4.41386, 0, 0, 0, 0.00312843, 0.000908481, 0.00430534, 4.40552, 0, 6.5, 1.5, 9.5, 0.5, 11.5, 0, -3.03877
3217.5, 3210, 0, 0.0781484, 0, 0, 0, 0.00168454, 0.00272544, 0.0118397, 0.0618987, 0, 0.5, 0, 1.5, 0, 1.5, 0, -0.511967
3232.5, 3225, 0, 0.0891698, 0, 0, 0, 0.00288778, 0.000908481, 0.0118397, 0.0735339, 0, 0.5, 0, 1.5, 0, 2.5, 0, -0.5298
3247.5, 3240, 1, 0.08275, 0, 0, 0, 0.00336907, 0, 0.00538168, 0.0739993, 0, 0.5, 0, 1.5, 0, 2.5, 0, 0.439601
3262.5, 3255, 0, 0.0815085, 0, 0, 0, 0.00168454, 0.000908481, 0.00538168, 0.0735339, 0, 0.5, 0, 1.5, 0, 2.5, 0, -0.513057
3277.5, 3270, 0, 0.0959261, 0, 0, 0, 0.00312843, 0.000908481, 0.0118397, 0.0800495, 0, 0.5, 0, 1.5, 0, 2.5, 0, -0.546121
3292.5, 3285, 0, 0.102697, 0, 0, 0, 0.00409102, 0.000908481, 0.0215267, 0.0761711, 0, 0.5, 0, 1.5, 0, 2.5, 0, -0.562313
3307.5, 3300, 0, 0.10009, 0, 0, 0, 0.00385037, 0.000908481, 0.00861068, 0.0867203, 0, 0.5, 0, 1.5, 0, 2.5, 0, -0.547082
3322.5, 3315, 0, 0.0994593, 0, 0, 0, 0.00168454, 0, 0.012916, 0.0848587, 0, 0.5, 0, 1.5, 0, 2.5, 0, -0.546946
3337.5, 3330, 0, 0.113899, 0, 0, 0, 0.00312843, 0.00181696, 0.0118397, 0.0971143, 0, 0.5, 0, 1.5, 0, 2.5, 0, -0.579228
3352.5, 3345, 0, 0.106687, 0, 0, 0, 0.00288778, 0.00181696, 0.0107634, 0.0912192, 0, 0.5, 0, 1.5, 0, 2.5, 0, -0.563154
3367.5, 3360, 0, 0.0888315, 0, 0, 0, 0.00312843, 0, 0.00968702, 0.076016, 0, 0.5, 0, 1.5, 0, 2.5, 0, -0.529708
3382.5, 3375, 0, 0.104999, 0, 0, 0, 0.00216583, 0.000908481, 0.0172214, 0.0847036, 0, 0.5, 0, 1.5, 0, 2.5, 0, -0.562813
3397.5, 3390, 0, 0.0893473, 0, 0, 0, 0.00288778, 0, 0.0118397, 0.0746198, 0, 0.5, 0, 1.5, 0, 2.5, 0, -0.529849
3412.5, 3405, 0, 0.0847756, 0, 0, 0, 0.00312843, 0.000908481, 0.00968702, 0.0710517, 0, 0.5, 0, 1.5, 0, 2.5, 0, -0.528519
3427.5, 3420, 0, 0.0891386, 0, 0, 0, 0.00312843, 0.000908481, 0.00753435, 0.0775674, 0, 0.5, 0, 1.5, 0, 2.5, 0, -0.529792
3442.5, 3435, 0, 0.341678, 0, 0, 0, 0.0589588, 0.0181696, 0.186206, 0.078343, 0, 0.5, 0, 2.5, 0, 3.5, 0, -0.86828
3457.5, 3450, 0, 0.0966579, 0, 0, 0, 0.00336907, 0.00181696, 0.00645801, 0.0850138, 0, 0.5, 0, 1.5, 0, 2.5, 0, -0.5463
3472.5, 3465, 0, 1.12519, 0, 0, 0, 0, 0, 0, 1.12519, 0, 1.5, 0, 3.5, 0, 5.5, 0, -1.48606
3487.5, 3480, 0, 0.0245113, 0, 0, 0, 0, 0, 0, 0.0245113, 0, 0.5, 0, 0.5, 0, 1.5, 0, -0.368584
3502.5, 3495, 0, 0.0238907, 0, 0, 0, 0, 0, 0, 0.0238907, 0, 0.5, 0, 0.5, 0, 1.5, 0, -0.367942
3517.5, 3510, 0, 0.0254421, 0, 0, 0, 0, 0, 0, 0.0254421, 0, 0.5, 0, 0.5, 0, 1.5, 0, -0.369509
3532.5, 3525, 0, 0.0259075, 0, 0, 0, 0, 0, 0, 0.0259075, 0, 0.5, 0, 0.5, 0, 1.5, 0, -0.369955
3547.5, 3540, 0, 0.0229599, 0, 0, 0, 0, 0, 0, 0.0229599, 0, 0.5, 0, 0.5, 0, 1.5, 0, -0.36694
3562.5, 3555, 0, 0.0223394, 0, 0, 0, 0, 0, 0, 0.0223394, 0, 0.5, 0, 0.5, 0, 1.5, 0, -0.352693
3577.5, 3570, 0, 0.0207881, 0, 0, 0, 0, 0, 0, 0.0207881, 0, 0.5, 0, 0.5, 0, 1.5, 0, -0.351022
3592.5, 3585, 0, 0.0223394, 0, 0, 0, 0, 0, 0, 0.0223394, 0, 0.5, 0, 0.5, 0, 1.5, 0, -0.352693
3607.5, 3600, 0, 0.0212535, 0, 0, 0, 0, 0, 0, 0.0212535, 0, 0.5, 0, 0.5, 0, 1.5, 0, -0.351539
3622.5, 3615, 0, 0.0203226, 0, 0, 0, 0, 0, 0, 0.0203226, 0, 0.5, 0, 0.5, 0, 1.5, 0, -0.350491
3637.5, 3630, 0, 0.0192367, 0, 0, 0, 0, 0, 0, 0.0192367, 0, 0.5, 0, 0.5, 0, 1.5, 0, -0.349194
3652.5, 3645, 0, 0.0201675, 0, 0, 0, 0, 0, 0, 0.0201675, 0, 0.5, 0, 0.5, 0, 1.5, 0, -0.350311
3667.5, 3660, 0, 0.0214086, 0, 0, 0, 0, 0, 0, 0.0214086, 0, 0.5, 0, 0.5, 0, 1.5, 0, -0.351708
3682.5, 3675, 0, 0.0192367, 0, 0, 0, 0, 0, 0, 0.0192367, 0, 0.5, 0, 0.5, 0, 1.5, 0, -0.349194
3697.5, 3690, 0, 0.0285448, 0, 0, 0, 0, 0, 0, 0.0285448, 0, 0.5, 0, 0.5, 0, 1.5, 0, -0.386075
3712.5, 3705, 0, 0.20183, 0, 0, 0, 0, 0, 0, 0.20183, 0, 0.5, 0, 1.5, 0, 2.5, 0, -0.703844
3727.5, 3720, 0, 0.00108594, 0, 0, 0, 0, 0, 0, 0.00108594, 0, 0.5, 0, 0.5, 0, 0.5, 0, -0.199993
3742.5, 3735, 0, 0.00201675, 0, 0, 0, 0, 0, 0, 0.00201675, 0, 0.5, 0, 0.5, 0, 0.5, 0, -0.219299
3757.5, 3750, 0, 0.00201675, 0, 0, 0, 0, 0, 0, 0.00201675, 0, 0.5, 0, 0.5, 0, 0.5, 0, -0.219299
3772.5, 3765, 0, 0.00217189, 0, 0, 0, 0, 0, 0, 0.00217189, 0, 0.5, 0, 0.5, 0, 0.5, 0, -0.220145
3787.5, 3780, 0, 0.00217189, 0, 0, 0, 0, 0, 0, 0.00217189, 0, 0.5, 0, 0.5, 0, 0.5, 0, -0.220145
3802.5, 3795, 0, 0.00170648, 0, 0, 0, 0, 0, 0, 0.00170648, 0, 0.5, 0, 0.5, 0, 0.5, 0, -0.2174
3817.5, 3810, 0, 0.00201675, 0, 0, 0, 0, 0, 0, 0.00201675, 0, 0.5, 0, 0.5, 0, 0.5, 0, -0.219299
3832.5, 3825, 0, 0.00155135, 0, 0, 0, 0, 0, 0, 0.00155135, 0, 0.5, 0, 0.5, 0, 0.5, 0, -0.216323
3847.5, 3840, 0, 0.00248216, 0, 0, 0, 0, 0, 0, 0.00248216, 0, 0.5, 0, 0.5, 0, 0.5, 0, -0.234551
3862.5, 3855, 0, 0.00124108, 0, 0, 0, 0, 0, 0, 0.00124108, 0, 0.5, 0, 0.5, 0, 0.5, 0, -0.201285
3877.5, 3870, 0, 0.00217189, 0, 0, 0, 0, 0, 0, 0.00217189, 0, 0.5, 0, 0.5, 0, 0.5, 0, -0.220145
3892.5, 3885, 0, 0.00170648, 0, 0, 0, 0, 0, 0, 0.00170648, 0, 0.5, 0, 0.5, 0, 0.5, 0, -0.2174
3907.5, 3900, 0, 0.00155135, 0, 0, 0, 0, 0, 0, 0.00155135, 0, 0.5, 0, 0.5, 0, 0.5, 0, -0.216323
3922.5, 3915, 0, 0.00372323, 0, 0, 0, 0, 0, 0, 0.00372323, 0, 0.5, 0, 0.5, 0, 1.5, 0, -0.239894
3937.5, 3930, 0, 0.00186162, 0, 0, 0, 0, 0, 0, 0.00186162, 0, 0.5, 0, 0.5, 0, 0.5, 0, -0.218387
3952.5, 3945, 0, 0.00620539, 0, 0, 0, 0, 0, 0, 0.00620539, 0, 0.5, 0, 0.5, 0, 1.5, 0, -0.273683
3967.5, 3960, 0, 0.0128762, 0, 0, 0, 0, 0, 0, 0.0128762, 0, 0.5, 0, 0.5, 0, 1.5, 0, -0.313581
3982.5, 3975, 0, 0.000465404, 0, 0, 0, 0, 0, 0, 0.000465404, 0, 0.5, 0, 0.5, 0, 0.5, 0, -0.18
3997.5, 3990, 0, 0.000620539, 0, 0, 0, 0, 0, 0, 0.000620539, 0, 0.5, 0, 0.5, 0, 0.5, 0, -0.1823
4012.5, 4005, 0, 0.000155135, 0, 0, 0, 0, 0, 0, 0.000155135, 0, 0.5, 0, 0.5, 0, 0.5, 0, -0.159958
4027.5, 4020, 0, 0.000465404, 0, 0, 0, 0, 0, 0, 0.000465404, 0, 0.5, 0, 0.5, 0, 0.5, 0, -0.18
4042.5, 4035, 0, 0.000310269, 0, 0, 0, 0, 0, 0, 0.000310269, 0, 0.5, 0, 0.5, 0, 0.5, 0, -0.164435
4057.5, 4050, 0, 0.000155135, 0, 0, 0, 0, 0, 0, 0.000155135, 0, 0.5, 0, 0.5, 0, 0.5, 0, -0.159958
4072.5, 4065, 0, 0.000930808, 0, 0, 0, 0, 0, 0, 0.000930808, 0, 0.5, 0, 0.5, 0, 0.5, 0, -0.198512
4087.5, 4080, 0, 0.000155135, 0, 0, 0, 0, 0, 0, 0.000155135, 0, 0.5, 0, 0.5, 0, 0.5, 0, -0.159958
4102.5, 4095, 0, 0.000620539, 0, 0, 0, 0, 0, 0, 0.000620539, 0, 0.5, 0, 0.5, 0, 0.5, 0, -0.1823
4117.5, 4110, 0, 0.000930808, 0, 0, 0, 0, 0, 0, 0.000930808, 0, 0.5, 0, 0.5, 0, 0.5, 0, -0.198512
4132.5, 4125, 0, 0.000465404, 0, 0, 0, 0, 0, 0, 0.000465404, 0, 0.5, 0, 0.5, 0, 0.5, 0, -0.18
4147.5, 4140, 0, 0.000620539, 0, 0, 0, 0, 0, 0, 0.000620539, 0, 0.5, 0, 0.5, 0, 0.5, 0, -0.1823
4162.5, 4155, 0, 0.000155135, 0, 0, 0, 0, 0, 0, 0.000155135, 0, 0.5, 0, 0.5, 0, 0.5, 0, -0.159958
4177.5, 4170, 0, 0.00155135, 0, 0, 0, 0, 0, 0, 0.00155135, 0, 0.5, 0, 0.5, 0, 0.5, 0, -0.216323
4192.5, 4185, 0, 0.000310269, 0, 0, 0, 0, 0, 0, 0.000310269, 0, 0.5, 0, 0.5, 0, 0.5, 0, -0.164435
4207.5, 4200, 0, 0, 0, 0, 0, 0, 0, 0, 0, 0, 0.5, 0, 0.5, 0, 0.5, 0, 0
4222.5, 4215, 0, 0, 0, 0, 0, 0, 0, 0, 0, 0, 0.5, 0, 0.5, 0, 0.5, 0, 0
4237.5, 4230, 0, 0, 0, 0, 0, 0, 0, 0, 0, 0, 0.5, 0, 0.5, 0, 0.5, 0, 0
4252.5, 4245, 0, 0, 0, 0, 0, 0, 0, 0, 0, 0, 0.5, 0, 0.5, 0, 0.5, 0, 0
4267.5, 4260, 0, 0, 0, 0, 0, 0, 0, 0, 0, 0, 0.5, 0, 0.5, 0, 0.5, 0, 0
4282.5, 4275, 0, 0, 0, 0, 0, 0, 0, 0, 0, 0, 0.5, 0, 0.5, 0, 0.5, 0, 0
4297.5, 4290, 0, 0.000155135, 0, 0, 0, 0, 0, 0, 0.000155135, 0, 0.5, 0, 0.5, 0, 0.5, 0, -0.159958
4312.5, 4305, 0, 0.000155135, 0, 0, 0, 0, 0, 0, 0.000155135, 0, 0.5, 0, 0.5, 0, 0.5, 0, -0.159958
4327.5, 4320, 0, 0.000155135, 0, 0, 0, 0, 0, 0, 0.000155135, 0, 0.5, 0, 0.5, 0, 0.5, 0, -0.159958
4342.5, 4335, 0, 0.000155135, 0, 0, 0, 0, 0, 0, 0.000155135, 0, 0.5, 0, 0.5, 0, 0.5, 0, -0.159958
4357.5, 4350, 0, 0.000620539, 0, 0, 0, 0, 0, 0, 0.000620539, 0, 0.5, 0, 0.5, 0, 0.5, 0, -0.1823
4372.5, 4365, 0, 0.000155135, 0, 0, 0, 0, 0, 0, 0.000155135, 0, 0.5, 0, 0.5, 0, 0.5, 0, -0.159958
4387.5, 4380, 0, 0, 0, 0, 0, 0, 0, 0, 0, 0, 0.5, 0, 0.5, 0, 0.5, 0, 0
4402.5, 4395, 0, 0, 0, 0, 0, 0, 0, 0, 0, 0, 0.5, 0, 0.5, 0, 0.5, 0, 0
4417.5, 4410, 0, 0, 0, 0, 0, 0, 0, 0, 0, 0, 0.5, 0, 0.5, 0, 0.5, 0, 0
4432.5, 4425, 0, 0, 0, 0, 0, 0, 0, 0, 0, 0, 0.5, 0, 0.5, 0, 0.5, 0, 0
4447.5, 4440, 0, 0, 0, 0, 0, 0, 0, 0, 0, 0, 0.5, 0, 0.5, 0, 0.5, 0, 0
4462.5, 4455, 0, 0, 0, 0, 0, 0, 0, 0, 0, 0, 0.5, 0, 0.5, 0, 0.5, 0, 0
4477.5, 4470, 0, 0.000310269, 0, 0, 0, 0, 0, 0, 0.000310269, 0, 0.5, 0, 0.5, 0, 0.5, 0, -0.164435
4492.5, 4485, 0, 0, 0, 0, 0, 0, 0, 0, 0, 0, 0.5, 0, 0.5, 0, 0.5, 0, 0
4507.5, 4500, 0, 0, 0, 0, 0, 0, 0, 0, 0, 0, 0.5, 0, 0.5, 0, 0.5, 0, 0
4522.5, 4515, 0, 0, 0, 0, 0, 0, 0, 0, 0, 0, 0.5, 0, 0.5, 0, 0.5, 0, 0
4537.5, 4530, 0, 0, 0, 0, 0, 0, 0, 0, 0, 0, 0.5, 0, 0.5, 0, 0.5, 0, 0
4552.5, 4545, 0, 0, 0, 0, 0, 0, 0, 0, 0, 0, 0.5, 0, 0.5, 0, 0.5, 0, 0
4567.5, 4560, 0, 0, 0, 0, 0, 0, 0, 0, 0, 0, 0.5, 0, 0.5, 0, 0.5, 0, 0
4582.5, 4575, 0, 0, 0, 0, 0, 0, 0, 0, 0, 0, 0.5, 0, 0.5, 0, 0.5, 0, 0
4597.5, 4590, 0, 0, 0, 0, 0, 0, 0, 0, 0, 0, 0.5, 0, 0.5, 0, 0.5, 0, 0
4612.5, 4605, 0, 0, 0, 0, 0, 0, 0, 0, 0, 0, 0.5, 0, 0.5, 0, 0.5, 0, 0
4627.5, 4620, 0, 0, 0, 0, 0, 0, 0, 0, 0, 0, 0.5, 0, 0.5, 0, 0.5, 0, 0
4642.5, 4635, 0, 0, 0, 0, 0, 0, 0, 0, 0, 0, 0.5, 0, 0.5, 0, 0.5, 0, 0
4657.5, 4650, 0, 0, 0, 0, 0, 0, 0, 0, 0, 0, 0.5, 0, 0.5, 0, 0.5, 0, 0
4672.5, 4665, 0, 0, 0, 0, 0, 0, 0, 0, 0, 0, 0.5, 0, 0.5, 0, 0.5, 0, 0
4687.5, 4680, 0, 0, 0, 0, 0, 0, 0, 0, 0, 0, 0.5, 0, 0.5, 0, 0.5, 0, 0
4702.5, 4695, 0, 0, 0, 0, 0, 0, 0, 0, 0, 0, 0.5, 0, 0.5, 0, 0.5, 0, 0
4717.5, 4710, 0, 0, 0, 0, 0, 0, 0, 0, 0, 0, 0.5, 0, 0.5, 0, 0.5, 0, 0
4732.5, 4725, 0, 0, 0, 0, 0, 0, 0, 0, 0, 0, 0.5, 0, 0.5, 0, 0.5, 0, 0
4747.5, 4740, 0, 0, 0, 0, 0, 0, 0, 0, 0, 0, 0.5, 0, 0.5, 0, 0.5, 0, 0
4762.5, 4755, 0, 0, 0, 0, 0, 0, 0, 0, 0, 0, 0.5, 0, 0.5, 0, 0.5, 0, 0
4777.5, 4770, 0, 0, 0, 0, 0, 0, 0, 0, 0, 0, 0.5, 0, 0.5, 0, 0.5, 0, 0
4792.5, 4785, 0, 0, 0, 0, 0, 0, 0, 0, 0, 0, 0.5, 0, 0.5, 0, 0.5, 0, 0
4807.5, 4800, 0, 0, 0, 0, 0, 0, 0, 0, 0, 0, 0.5, 0, 0.5, 0, 0.5, 0, 0
4822.5, 4815, 0, 0, 0, 0, 0, 0, 0, 0, 0, 0, 0.5, 0, 0.5, 0, 0.5, 0, 0
4837.5, 4830, 0, 0, 0, 0, 0, 0, 0, 0, 0, 0, 0.5, 0, 0.5, 0, 0.5, 0, 0
4852.5, 4845, 0, 0, 0, 0, 0, 0, 0, 0, 0, 0, 0.5, 0, 0.5, 0, 0.5, 0, 0
4867.5, 4860, 0, 0, 0, 0, 0, 0, 0, 0, 0, 0, 0.5, 0, 0.5, 0, 0.5, 0, 0
4882.5, 4875, 0, 0, 0, 0, 0, 0, 0, 0, 0, 0, 0.5, 0, 0.5, 0, 0.5, 0, 0
4897.5, 4890, 0, 0, 0, 0, 0, 0, 0, 0, 0, 0, 0.5, 0, 0.5, 0, 0.5, 0, 0
4912.5, 4905, 0, 0, 0, 0, 0, 0, 0, 0, 0, 0, 0.5, 0, 0.5, 0, 0.5, 0, 0
4927.5, 4920, 0, 0, 0, 0, 0, 0, 0, 0, 0, 0, 0.5, 0, 0.5, 0, 0.5, 0, 0
4942.5, 4935, 0, 0, 0, 0, 0, 0, 0, 0, 0, 0, 0.5, 0, 0.5, 0, 0.5, 0, 0
4957.5, 4950, 0, 0, 0, 0, 0, 0, 0, 0, 0, 0, 0.5, 0, 0.5, 0, 0.5, 0, 0
4972.5, 4965, 0, 0, 0, 0, 0, 0, 0, 0, 0, 0, 0.5, 0, 0.5, 0, 0.5, 0, 0
4987.5, 4980, 0, 0, 0, 0, 0, 0, 0, 0, 0, 0, 0.5, 0, 0.5, 0, 0.5, 0, 0
5002.5, 4995, 0, 0, 0, 0, 0, 0, 0, 0, 0, 0, 0.5, 0, 0.5, 0, 0.5, 0, 0
5017.5, 5010, 0, 0, 0, 0, 0, 0, 0, 0, 0, 0, 0.5, 0, 0.5, 0, 0.5, 0, 0
5032.5, 5025, 0, 0, 0, 0, 0, 0, 0, 0, 0, 0, 0.5, 0, 0.5, 0, 0.5, 0, 0
5047.5, 5040, 0, 0, 0, 0, 0, 0, 0, 0, 0, 0, 0.5, 0, 0.5, 0, 0.5, 0, 0
5062.5, 5055, 0, 0, 0, 0, 0, 0, 0, 0, 0, 0, 0.5, 0, 0.5, 0, 0.5, 0, 0
5077.5, 5070, 0, 0, 0, 0, 0, 0, 0, 0, 0, 0, 0.5, 0, 0.5, 0, 0.5, 0, 0
5092.5, 5085, 0, 0, 0, 0, 0, 0, 0, 0, 0, 0, 0.5, 0, 0.5, 0, 0.5, 0, 0
5107.5, 5100, 0, 0, 0, 0, 0, 0, 0, 0, 0, 0, 0.5, 0, 0.5, 0, 0.5, 0, 0
5122.5, 5115, 0, 0, 0, 0, 0, 0, 0, 0, 0, 0, 0.5, 0, 0.5, 0, 0.5, 0, 0
5137.5, 5130, 0, 0, 0, 0, 0, 0, 0, 0, 0, 0, 0.5, 0, 0.5, 0, 0.5, 0, 0
5152.5, 5145, 0, 0, 0, 0, 0, 0, 0, 0, 0, 0, 0.5, 0, 0.5, 0, 0.5, 0, 0
5167.5, 5160, 0, 0, 0, 0, 0, 0, 0, 0, 0, 0, 0.5, 0, 0.5, 0, 0.5, 0, 0
5182.5, 5175, 0, 0, 0, 0, 0, 0, 0, 0, 0, 0, 0.5, 0, 0.5, 0, 0.5, 0, 0
5197.5, 5190, 0, 0, 0, 0, 0, 0, 0, 0, 0, 0, 0.5, 0, 0.5, 0, 0.5, 0, 0
5212.5, 5205, 0, 0, 0, 0, 0, 0, 0, 0, 0, 0, 0.5, 0, 0.5, 0, 0.5, 0, 0
5227.5, 5220, 0, 0, 0, 0, 0, 0, 0, 0, 0, 0, 0.5, 0, 0.5, 0, 0.5, 0, 0
5242.5, 5235, 0, 0, 0, 0, 0, 0, 0, 0, 0, 0, 0.5, 0, 0.5, 0, 0.5, 0, 0
5257.5, 5250, 0, 0, 0, 0, 0, 0, 0, 0, 0, 0, 0.5, 0, 0.5, 0, 0.5, 0, 0
5272.5, 5265, 0, 0, 0, 0, 0, 0, 0, 0, 0, 0, 0.5, 0, 0.5, 0, 0.5, 0, 0
5287.5, 5280, 0, 0, 0, 0, 0, 0, 0, 0, 0, 0, 0.5, 0, 0.5, 0, 0.5, 0, 0
5302.5, 5295, 0, 0, 0, 0, 0, 0, 0, 0, 0, 0, 0.5, 0, 0.5, 0, 0.5, 0, 0
5317.5, 5310, 0, 0, 0, 0, 0, 0, 0, 0, 0, 0, 0.5, 0, 0.5, 0, 0.5, 0, 0
5332.5, 5325, 0, 0, 0, 0, 0, 0, 0, 0, 0, 0, 0.5, 0, 0.5, 0, 0.5, 0, 0
5347.5, 5340, 0, 0, 0, 0, 0, 0, 0, 0, 0, 0, 0.5, 0, 0.5, 0, 0.5, 0, 0
5362.5, 5355, 0, 0, 0, 0, 0, 0, 0, 0, 0, 0, 0.5, 0, 0.5, 0, 0.5, 0, 0
5377.5, 5370, 0, 0, 0, 0, 0, 0, 0, 0, 0, 0, 0.5, 0, 0.5, 0, 0.5, 0, 0
5392.5, 5385, 0, 0, 0, 0, 0, 0, 0, 0, 0, 0, 0.5, 0, 0.5, 0, 0.5, 0, 0
5407.5, 5400, 0, 0, 0, 0, 0, 0, 0, 0, 0, 0, 0.5, 0, 0.5, 0, 0.5, 0, 0
5422.5, 5415, 0, 0, 0, 0, 0, 0, 0, 0, 0, 0, 0.5, 0, 0.5, 0, 0.5, 0, 0
5437.5, 5430, 0, 0, 0, 0, 0, 0, 0, 0, 0, 0, 0.5, 0, 0.5, 0, 0.5, 0, 0
5452.5, 5445, 0, 0, 0, 0, 0, 0, 0, 0, 0, 0, 0.5, 0, 0.5, 0, 0.5, 0, 0
5467.5, 5460, 0, 0, 0, 0, 0, 0, 0, 0, 0, 0, 0.5, 0, 0.5, 0, 0.5, 0, 0
5482.5, 5475, 0, 0, 0, 0, 0, 0, 0, 0, 0, 0, 0.5, 0, 0.5, 0, 0.5, 0, 0
5497.5, 5490, 0, 0, 0, 0, 0, 0, 0, 0, 0, 0, 0.5, 0, 0.5, 0, 0.5, 0, 0
5512.5, 5505, 0, 0, 0, 0, 0, 0, 0, 0, 0, 0, 0.5, 0, 0.5, 0, 0.5, 0, 0
5527.5, 5520, 0, 0, 0, 0, 0, 0, 0, 0, 0, 0, 0.5, 0, 0.5, 0, 0.5, 0, 0
5542.5, 5535, 0, 0, 0, 0, 0, 0, 0, 0, 0, 0, 0.5, 0, 0.5, 0, 0.5, 0, 0
5557.5, 5550, 0, 0, 0, 0, 0, 0, 0, 0, 0, 0, 0.5, 0, 0.5, 0, 0.5, 0, 0
5572.5, 5565, 0, 0, 0, 0, 0, 0, 0, 0, 0, 0, 0.5, 0, 0.5, 0, 0.5, 0, 0
5587.5, 5580, 0, 0, 0, 0, 0, 0, 0, 0, 0, 0, 0.5, 0, 0.5, 0, 0.5, 0, 0
5602.5, 5595, 0, 0, 0, 0, 0, 0, 0, 0, 0, 0, 0.5, 0, 0.5, 0, 0.5, 0, 0
5617.5, 5610, 0, 0, 0, 0, 0, 0, 0, 0, 0, 0, 0.5, 0, 0.5, 0, 0.5, 0, 0
5632.5, 5625, 0, 0, 0, 0, 0, 0, 0, 0, 0, 0, 0.5, 0, 0.5, 0, 0.5, 0, 0
5647.5, 5640, 0, 0, 0, 0, 0, 0, 0, 0, 0, 0, 0.5, 0, 0.5, 0, 0.5, 0, 0
5662.5, 5655, 0, 0, 0, 0, 0, 0, 0, 0, 0, 0, 0.5, 0, 0.5, 0, 0.5, 0, 0
5677.5, 5670, 0, 0, 0, 0, 0, 0, 0, 0, 0, 0, 0.5, 0, 0.5, 0, 0.5, 0, 0
5692.5, 5685, 0, 0, 0, 0, 0, 0, 0, 0, 0, 0, 0.5, 0, 0.5, 0, 0.5, 0, 0
5707.5, 5700, 0, 0, 0, 0, 0, 0, 0, 0, 0, 0, 0.5, 0, 0.5, 0, 0.5, 0, 0
5722.5, 5715, 0, 0, 0, 0, 0, 0, 0, 0, 0, 0, 0.5, 0, 0.5, 0, 0.5, 0, 0
5737.5, 5730, 0, 0, 0, 0, 0, 0, 0, 0, 0, 0, 0.5, 0, 0.5, 0, 0.5, 0, 0
5752.5, 5745, 0, 0, 0, 0, 0, 0, 0, 0, 0, 0, 0.5, 0, 0.5, 0, 0.5, 0, 0
5767.5, 5760, 0, 0, 0, 0, 0, 0, 0, 0, 0, 0, 0.5, 0, 0.5, 0, 0.5, 0, 0
5782.5, 5775, 0, 0, 0, 0, 0, 0, 0, 0, 0, 0, 0.5, 0, 0.5, 0, 0.5, 0, 0
5797.5, 5790, 0, 0, 0, 0, 0, 0, 0, 0, 0, 0, 0.5, 0, 0.5, 0, 0.5, 0, 0
5812.5, 5805, 0, 0, 0, 0, 0, 0, 0, 0, 0, 0, 0.5, 0, 0.5, 0, 0.5, 0, 0
5827.5, 5820, 0, 0, 0, 0, 0, 0, 0, 0, 0, 0, 0.5, 0, 0.5, 0, 0.5, 0, 0
5842.5, 5835, 0, 0, 0, 0, 0, 0, 0, 0, 0, 0, 0.5, 0, 0.5, 0, 0.5, 0, 0
5857.5, 5850, 0, 0, 0, 0, 0, 0, 0, 0, 0, 0, 0.5, 0, 0.5, 0, 0.5, 0, 0
5872.5, 5865, 0, 0, 0, 0, 0, 0, 0, 0, 0, 0, 0.5, 0, 0.5, 0, 0.5, 0, 0
5887.5, 5880, 0, 0, 0, 0, 0, 0, 0, 0, 0, 0, 0.5, 0, 0.5, 0, 0.5, 0, 0
5902.5, 5895, 0, 0, 0, 0, 0, 0, 0, 0, 0, 0, 0.5, 0, 0.5, 0, 0.5, 0, 0
5917.5, 5910, 0, 0, 0, 0, 0, 0, 0, 0, 0, 0, 0.5, 0, 0.5, 0, 0.5, 0, 0
5932.5, 5925, 0, 0, 0, 0, 0, 0, 0, 0, 0, 0, 0.5, 0, 0.5, 0, 0.5, 0, 0
5947.5, 5940, 0, 0, 0, 0, 0, 0, 0, 0, 0, 0, 0.5, 0, 0.5, 0, 0.5, 0, 0
5962.5, 5955, 0, 0, 0, 0, 0, 0, 0, 0, 0, 0, 0.5, 0, 0.5, 0, 0.5, 0, 0
5977.5, 5970, 0, 0, 0, 0, 0, 0, 0, 0, 0, 0, 0.5, 0, 0.5, 0, 0.5, 0, 0
5992.5, 5985, 0, 0, 0, 0, 0, 0, 0, 0, 0, 0, 0.5, 0, 0.5, 0, 0.5, 0, 0
6007.5, 6000, 0, 0, 0, 0, 0, 0, 0, 0, 0, 0, 0.5, 0, 0.5, 0, 0.5, 0, 0
6022.5, 6015, 0, 0, 0, 0, 0, 0, 0, 0, 0, 0, 0.5, 0, 0.5, 0, 0.5, 0, 0
6037.5, 6030, 0, 0, 0, 0, 0, 0, 0, 0, 0, 0, 0.5, 0, 0.5, 0, 0.5, 0, 0
6052.5, 6045, 0, 0, 0, 0, 0, 0, 0, 0, 0, 0, 0.5, 0, 0.5, 0, 0.5, 0, 0
6067.5, 6060, 0, 0, 0, 0, 0, 0, 0, 0, 0, 0, 0.5, 0, 0.5, 0, 0.5, 0, 0
6082.5, 6075, 0, 0, 0, 0, 0, 0, 0, 0, 0, 0, 0.5, 0, 0.5, 0, 0.5, 0, 0
6097.5, 6090, 0, 0, 0, 0, 0, 0, 0, 0, 0, 0, 0.5, 0, 0.5, 0, 0.5, 0, 0
6112.5, 6105, 0, 0, 0, 0, 0, 0, 0, 0, 0, 0, 0.5, 0, 0.5, 0, 0.5, 0, 0
6127.5, 6120, 0, 0, 0, 0, 0, 0, 0, 0, 0, 0, 0.5, 0, 0.5, 0, 0.5, 0, 0
6142.5, 6135, 0, 0, 0, 0, 0, 0, 0, 0, 0, 0, 0.5, 0, 0.5, 0, 0.5, 0, 0
6157.5, 6150, 0, 0, 0, 0, 0, 0, 0, 0, 0, 0, 0.5, 0, 0.5, 0, 0.5, 0, 0
6172.5, 6165, 0, 0, 0, 0, 0, 0, 0, 0, 0, 0, 0.5, 0, 0.5, 0, 0.5, 0, 0
6187.5, 6180, 0, 0, 0, 0, 0, 0, 0, 0, 0, 0, 0.5, 0, 0.5, 0, 0.5, 0, 0
6202.5, 6195, 0, 0, 0, 0, 0, 0, 0, 0, 0, 0, 0.5, 0, 0.5, 0, 0.5, 0, 0
6217.5, 6210, 0, 0, 0, 0, 0, 0, 0, 0, 0, 0, 0.5, 0, 0.5, 0, 0.5, 0, 0
6232.5, 6225, 0, 0, 0, 0, 0, 0, 0, 0, 0, 0, 0.5, 0, 0.5, 0, 0.5, 0, 0
6247.5, 6240, 0, 0, 0, 0, 0, 0, 0, 0, 0, 0, 0.5, 0, 0.5, 0, 0.5, 0, 0
6262.5, 6255, 0, 0, 0, 0, 0, 0, 0, 0, 0, 0, 0.5, 0, 0.5, 0, 0.5, 0, 0
6277.5, 6270, 0, 0, 0, 0, 0, 0, 0, 0, 0, 0, 0.5, 0, 0.5, 0, 0.5, 0, 0
6292.5, 6285, 0, 0, 0, 0, 0, 0, 0, 0, 0, 0, 0.5, 0, 0.5, 0, 0.5, 0, 0
6307.5, 6300, 0, 0, 0, 0, 0, 0, 0, 0, 0, 0, 0.5, 0, 0.5, 0, 0.5, 0, 0
6322.5, 6315, 0, 0, 0, 0, 0, 0, 0, 0, 0, 0, 0.5, 0, 0.5, 0, 0.5, 0, 0
6337.5, 6330, 0, 0, 0, 0, 0, 0, 0, 0, 0, 0, 0.5, 0, 0.5, 0, 0.5, 0, 0
6352.5, 6345, 0, 0, 0, 0, 0, 0, 0, 0, 0, 0, 0.5, 0, 0.5, 0, 0.5, 0, 0
6367.5, 6360, 0, 0, 0, 0, 0, 0, 0, 0, 0, 0, 0.5, 0, 0.5, 0, 0.5, 0, 0
6382.5, 6375, 0, 0, 0, 0, 0, 0, 0, 0, 0, 0, 0.5, 0, 0.5, 0, 0.5, 0, 0
6397.5, 6390, 0, 0, 0, 0, 0, 0, 0, 0, 0, 0, 0.5, 0, 0.5, 0, 0.5, 0, 0
6412.5, 6405, 0, 0, 0, 0, 0, 0, 0, 0, 0, 0, 0.5, 0, 0.5, 0, 0.5, 0, 0
6427.5, 6420, 0, 0, 0, 0, 0, 0, 0, 0, 0, 0, 0.5, 0, 0.5, 0, 0.5, 0, 0
6442.5, 6435, 0, 0, 0, 0, 0, 0, 0, 0, 0, 0, 0.5, 0, 0.5, 0, 0.5, 0, 0
6457.5, 6450, 0, 0, 0, 0, 0, 0, 0, 0, 0, 0, 0.5, 0, 0.5, 0, 0.5, 0, 0
6472.5, 6465, 0, 0, 0, 0, 0, 0, 0, 0, 0, 0, 0.5, 0, 0.5, 0, 0.5, 0, 0
6487.5, 6480, 0, 0, 0, 0, 0, 0, 0, 0, 0, 0, 0.5, 0, 0.5, 0, 0.5, 0, 0
6502.5, 6495, 0, 0, 0, 0, 0, 0, 0, 0, 0, 0, 0.5, 0, 0.5, 0, 0.5, 0, 0
6517.5, 6510, 0, 0, 0, 0, 0, 0, 0, 0, 0, 0, 0.5, 0, 0.5, 0, 0.5, 0, 0
6532.5, 6525, 0, 0, 0, 0, 0, 0, 0, 0, 0, 0, 0.5, 0, 0.5, 0, 0.5, 0, 0
6547.5, 6540, 0, 0, 0, 0, 0, 0, 0, 0, 0, 0, 0.5, 0, 0.5, 0, 0.5, 0, 0
6562.5, 6555, 0, 0, 0, 0, 0, 0, 0, 0, 0, 0, 0.5, 0, 0.5, 0, 0.5, 0, 0
6577.5, 6570, 0, 0, 0, 0, 0, 0, 0, 0, 0, 0, 0.5, 0, 0.5, 0, 0.5, 0, 0
6592.5, 6585, 0, 0, 0, 0, 0, 0, 0, 0, 0, 0, 0.5, 0, 0.5, 0, 0.5, 0, 0
6607.5, 6600, 0, 0, 0, 0, 0, 0, 0, 0, 0, 0, 0.5, 0, 0.5, 0, 0.5, 0, 0
6622.5, 6615, 0, 0, 0, 0, 0, 0, 0, 0, 0, 0, 0.5, 0, 0.5, 0, 0.5, 0, 0
6637.5, 6630, 0, 0, 0, 0, 0, 0, 0, 0, 0, 0, 0.5, 0, 0.5, 0, 0.5, 0, 0
6652.5, 6645, 0, 0, 0, 0, 0, 0, 0, 0, 0, 0, 0.5, 0, 0.5, 0, 0.5, 0, 0
6667.5, 6660, 0, 0, 0, 0, 0, 0, 0, 0, 0, 0, 0.5, 0, 0.5, 0, 0.5, 0, 0
6682.5, 6675, 0, 0, 0, 0, 0, 0, 0, 0, 0, 0, 0.5, 0, 0.5, 0, 0.5, 0, 0
6697.5, 6690, 0, 0, 0, 0, 0, 0, 0, 0, 0, 0, 0.5, 0, 0.5, 0, 0.5, 0, 0
6712.5, 6705, 0, 0, 0, 0, 0, 0, 0, 0, 0, 0, 0.5, 0, 0.5, 0, 0.5, 0, 0
6727.5, 6720, 0, 0, 0, 0, 0, 0, 0, 0, 0, 0, 0.5, 0, 0.5, 0, 0.5, 0, 0
6742.5, 6735, 0, 0, 0, 0, 0, 0, 0, 0, 0, 0, 0.5, 0, 0.5, 0, 0.5, 0, 0
6757.5, 6750, 0, 0, 0, 0, 0, 0, 0, 0, 0, 0, 0.5, 0, 0.5, 0, 0.5, 0, 0
6772.5, 6765, 0, 0, 0, 0, 0, 0, 0, 0, 0, 0, 0.5, 0, 0.5, 0, 0.5, 0, 0
6787.5, 6780, 0, 0, 0, 0, 0, 0, 0, 0, 0, 0, 0.5, 0, 0.5, 0, 0.5, 0, 0
6802.5, 6795, 0, 0, 0, 0, 0, 0, 0, 0, 0, 0, 0.5, 0, 0.5, 0, 0.5, 0, 0
6817.5, 6810, 0, 0, 0, 0, 0, 0, 0, 0, 0, 0, 0.5, 0, 0.5, 0, 0.5, 0, 0
6832.5, 6825, 0, 0, 0, 0, 0, 0, 0, 0, 0, 0, 0.5, 0, 0.5, 0, 0.5, 0, 0
6847.5, 6840, 0, 0, 0, 0, 0, 0, 0, 0, 0, 0, 0.5, 0, 0.5, 0, 0.5, 0, 0
6862.5, 6855, 0, 0, 0, 0, 0, 0, 0, 0, 0, 0, 0.5, 0, 0.5, 0, 0.5, 0, 0
6877.5, 6870, 0, 0, 0, 0, 0, 0, 0, 0, 0, 0, 0.5, 0, 0.5, 0, 0.5, 0, 0
6892.5, 6885, 0, 0, 0, 0, 0, 0, 0, 0, 0, 0, 0.5, 0, 0.5, 0, 0.5, 0, 0
6907.5, 6900, 0, 0, 0, 0, 0, 0, 0, 0, 0, 0, 0.5, 0, 0.5, 0, 0.5, 0, 0
6922.5, 6915, 0, 0, 0, 0, 0, 0, 0, 0, 0, 0, 0.5, 0, 0.5, 0, 0.5, 0, 0
6937.5, 6930, 0, 0, 0, 0, 0, 0, 0, 0, 0, 0, 0.5, 0, 0.5, 0, 0.5, 0, 0
6952.5, 6945, 0, 0, 0, 0, 0, 0, 0, 0, 0, 0, 0.5, 0, 0.5, 0, 0.5, 0, 0
6967.5, 6960, 0, 0, 0, 0, 0, 0, 0, 0, 0, 0, 0.5, 0, 0.5, 0, 0.5, 0, 0
6982.5, 6975, 0, 0, 0, 0, 0, 0, 0, 0, 0, 0, 0.5, 0, 0.5, 0, 0.5, 0, 0
6997.5, 6990, 0, 0, 0, 0, 0, 0, 0, 0, 0, 0, 0.5, 0, 0.5, 0, 0.5, 0, 0
7012.5, 7005, 0, 0, 0, 0, 0, 0, 0, 0, 0, 0, 0.5, 0, 0.5, 0, 0.5, 0, 0
7027.5, 7020, 0, 0, 0, 0, 0, 0, 0, 0, 0, 0, 0.5, 0, 0.5, 0, 0.5, 0, 0
7042.5, 7035, 0, 0, 0, 0, 0, 0, 0, 0, 0, 0, 0.5, 0, 0.5, 0, 0.5, 0, 0
7057.5, 7050, 0, 0, 0, 0, 0, 0, 0, 0, 0, 0, 0.5, 0, 0.5, 0, 0.5, 0, 0
7072.5, 7065, 0, 0, 0, 0, 0, 0, 0, 0, 0, 0, 0.5, 0, 0.5, 0, 0.5, 0, 0
7087.5, 7080, 0, 0, 0, 0, 0, 0, 0, 0, 0, 0, 0.5, 0, 0.5, 0, 0.5, 0, 0
7102.5, 7095, 0, 0, 0, 0, 0, 0, 0, 0, 0, 0, 0.5, 0, 0.5, 0, 0.5, 0, 0
7117.5, 7110, 0, 0, 0, 0, 0, 0, 0, 0, 0, 0, 0.5, 0, 0.5, 0, 0.5, 0, 0
7132.5, 7125, 0, 0, 0, 0, 0, 0, 0, 0, 0, 0, 0.5, 0, 0.5, 0, 0.5, 0, 0
7147.5, 7140, 0, 0, 0, 0, 0, 0, 0, 0, 0, 0, 0.5, 0, 0.5, 0, 0.5, 0, 0
7162.5, 7155, 0, 0, 0, 0, 0, 0, 0, 0, 0, 0, 0.5, 0, 0.5, 0, 0.5, 0, 0
7177.5, 7170, 0, 0, 0, 0, 0, 0, 0, 0, 0, 0, 0.5, 0, 0.5, 0, 0.5, 0, 0
7192.5, 7185, 0, 0, 0, 0, 0, 0, 0, 0, 0, 0, 0.5, 0, 0.5, 0, 0.5, 0, 0
7207.5, 7200, 0, 0, 0, 0, 0, 0, 0, 0, 0, 0, 0.5, 0, 0.5, 0, 0.5, 0, 0
7222.5, 7215, 0, 0, 0, 0, 0, 0, 0, 0, 0, 0, 0.5, 0, 0.5, 0, 0.5, 0, 0
7237.5, 7230, 0, 0, 0, 0, 0, 0, 0, 0, 0, 0, 0.5, 0, 0.5, 0, 0.5, 0, 0
7252.5, 7245, 0, 0, 0, 0, 0, 0, 0, 0, 0, 0, 0.5, 0, 0.5, 0, 0.5, 0, 0
7267.5, 7260, 0, 0, 0, 0, 0, 0, 0, 0, 0, 0, 0.5, 0, 0.5, 0, 0.5, 0, 0
7282.5, 7275, 0, 0, 0, 0, 0, 0, 0, 0, 0, 0, 0.5, 0, 0.5, 0, 0.5, 0, 0
7297.5, 7290, 0, 0, 0, 0, 0, 0, 0, 0, 0, 0, 0.5, 0, 0.5, 0, 0.5, 0, 0
7312.5, 7305, 0, 0, 0, 0, 0, 0, 0, 0, 0, 0, 0.5, 0, 0.5, 0, 0.5, 0, 0
7327.5, 7320, 0, 0, 0, 0, 0, 0, 0, 0, 0, 0, 0.5, 0, 0.5, 0, 0.5, 0, 0
7342.5, 7335, 0, 0, 0, 0, 0, 0, 0, 0, 0, 0, 0.5, 0, 0.5, 0, 0.5, 0, 0
7357.5, 7350, 0, 0, 0, 0, 0, 0, 0, 0, 0, 0, 0.5, 0, 0.5, 0, 0.5, 0, 0
7372.5, 7365, 0, 0, 0, 0, 0, 0, 0, 0, 0, 0, 0.5, 0, 0.5, 0, 0.5, 0, 0
7387.5, 7380, 0, 0, 0, 0, 0, 0, 0, 0, 0, 0, 0.5, 0, 0.5, 0, 0.5, 0, 0
7402.5, 7395, 0, 0, 0, 0, 0, 0, 0, 0, 0, 0, 0.5, 0, 0.5, 0, 0.5, 0, 0
7417.5, 7410, 0, 0, 0, 0, 0, 0, 0, 0, 0, 0, 0.5, 0, 0.5, 0, 0.5, 0, 0
7432.5, 7425, 0, 0, 0, 0, 0, 0, 0, 0, 0, 0, 0.5, 0, 0.5, 0, 0.5, 0, 0
7447.5, 7440, 0, 0, 0, 0, 0, 0, 0, 0, 0, 0, 0.5, 0, 0.5, 0, 0.5, 0, 0
7462.5, 7455, 0, 0, 0, 0, 0, 0, 0, 0, 0, 0, 0.5, 0, 0.5, 0, 0.5, 0, 0
7477.5, 7470, 0, 0, 0, 0, 0, 0, 0, 0, 0, 0, 0.5, 0, 0.5, 0, 0.5, 0, 0
7492.5, 7485, 0, 0, 0, 0, 0, 0, 0, 0, 0, 0, 0.5, 0, 0.5, 0, 0.5, 0, 0
7507.5, 7500, 0, 0, 0, 0, 0, 0, 0, 0, 0, 0, 0.5, 0, 0.5, 0, 0.5, 0, 0
7522.5, 7515, 0, 0, 0, 0, 0, 0, 0, 0, 0, 0, 0.5, 0, 0.5, 0, 0.5, 0, 0
7537.5, 7530, 0, 0, 0, 0, 0, 0, 0, 0, 0, 0, 0.5, 0, 0.5, 0, 0.5, 0, 0
7552.5, 7545, 0, 0, 0, 0, 0, 0, 0, 0, 0, 0, 0.5, 0, 0.5, 0, 0.5, 0, 0
7567.5, 7560, 0, 0, 0, 0, 0, 0, 0, 0, 0, 0, 0.5, 0, 0.5, 0, 0.5, 0, 0
7582.5, 7575, 0, 0, 0, 0, 0, 0, 0, 0, 0, 0, 0.5, 0, 0.5, 0, 0.5, 0, 0
7597.5, 7590, 0, 0, 0, 0, 0, 0, 0, 0, 0, 0, 0.5, 0, 0.5, 0, 0.5, 0, 0
7612.5, 7605, 0, 0, 0, 0, 0, 0, 0, 0, 0, 0, 0.5, 0, 0.5, 0, 0.5, 0, 0
7627.5, 7620, 0, 0, 0, 0, 0, 0, 0, 0, 0, 0, 0.5, 0, 0.5, 0, 0.5, 0, 0
7642.5, 7635, 0, 0, 0, 0, 0, 0, 0, 0, 0, 0, 0.5, 0, 0.5, 0, 0.5, 0, 0
7657.5, 7650, 0, 0, 0, 0, 0, 0, 0, 0, 0, 0, 0.5, 0, 0.5, 0, 0.5, 0, 0
7672.5, 7665, 0, 0, 0, 0, 0, 0, 0, 0, 0, 0, 0.5, 0, 0.5, 0, 0.5, 0, 0
7687.5, 7680, 0, 0, 0, 0, 0, 0, 0, 0, 0, 0, 0.5, 0, 0.5, 0, 0.5, 0, 0
7702.5, 7695, 0, 0, 0, 0, 0, 0, 0, 0, 0, 0, 0.5, 0, 0.5, 0, 0.5, 0, 0
7717.5, 7710, 0, 0, 0, 0, 0, 0, 0, 0, 0, 0, 0.5, 0, 0.5, 0, 0.5, 0, 0
7732.5, 7725, 0, 0, 0, 0, 0, 0, 0, 0, 0, 0, 0.5, 0, 0.5, 0, 0.5, 0, 0
7747.5, 7740, 0, 0, 0, 0, 0, 0, 0, 0, 0, 0, 0.5, 0, 0.5, 0, 0.5, 0, 0
7762.5, 7755, 0, 0, 0, 0, 0, 0, 0, 0, 0, 0, 0.5, 0, 0.5, 0, 0.5, 0, 0
7777.5, 7770, 0, 0, 0, 0, 0, 0, 0, 0, 0, 0, 0.5, 0, 0.5, 0, 0.5, 0, 0
7792.5, 7785, 0, 0, 0, 0, 0, 0, 0, 0, 0, 0, 0.5, 0, 0.5, 0, 0.5, 0, 0
7807.5, 7800, 0, 0, 0, 0, 0, 0, 0, 0, 0, 0, 0.5, 0, 0.5, 0, 0.5, 0, 0
7822.5, 7815, 0, 0, 0, 0, 0, 0, 0, 0, 0, 0, 0.5, 0, 0.5, 0, 0.5, 0, 0
7837.5, 7830, 0, 0, 0, 0, 0, 0, 0, 0, 0, 0, 0.5, 0, 0.5, 0, 0.5, 0, 0
7852.5, 7845, 0, 0, 0, 0, 0, 0, 0, 0, 0, 0, 0.5, 0, 0.5, 0, 0.5, 0, 0
7867.5, 7860, 0, 0, 0, 0, 0, 0, 0, 0, 0, 0, 0.5, 0, 0.5, 0, 0.5, 0, 0
7882.5, 7875, 0, 0, 0, 0, 0, 0, 0, 0, 0, 0, 0.5, 0, 0.5, 0, 0.5, 0, 0
7897.5, 7890, 0, 0, 0, 0, 0, 0, 0, 0, 0, 0, 0.5, 0, 0.5, 0, 0.5, 0, 0
7912.5, 7905, 0, 0, 0, 0, 0, 0, 0, 0, 0, 0, 0.5, 0, 0.5, 0, 0.5, 0, 0
7927.5, 7920, 0, 0, 0, 0, 0, 0, 0, 0, 0, 0, 0.5, 0, 0.5, 0, 0.5, 0, 0
7942.5, 7935, 0, 0, 0, 0, 0, 0, 0, 0, 0, 0, 0.5, 0, 0.5, 0, 0.5, 0, 0
7957.5, 7950, 0, 0, 0, 0, 0, 0, 0, 0, 0, 0, 0.5, 0, 0.5, 0, 0.5, 0, 0
7972.5, 7965, 0, 0, 0, 0, 0, 0, 0, 0, 0, 0, 0.5, 0, 0.5, 0, 0.5, 0, 0
7987.5, 7980, 0, 0, 0, 0, 0, 0, 0, 0, 0, 0, 0.5, 0, 0.5, 0, 0.5, 0, 0
