xunit, xunit_low, fitted_data, total_model, Nnbb_coax, Ac228_holders, Co60_cables, K40_close, K42_inside_ms, K42_nplus_coax, K42_outside_ms, Th228_cables, U238_cables, alpha_high_energy_coax, 1sig_p, 1sig_m, 2sig_p, 2sig_m, 3sig_p, 3sig_m, norm_pois_res
570, 565, 68.4, 66.6993, 64.7718, 0.0876906, 0.000773196, 0.513782, 0.0722426, 0.245835, 0.879151, 0.0400673, 0.0585412, 0.0294852, 69.35, 64.05, 71.95, 61.45, 74.45, 58.95, 0.658507
580, 575, 67.4, 67.3781, 64.8157, 0.0876882, 0.00071838, 0.479906, 0.0732052, 0.227302, 0.849875, 0.613251, 0.200556, 0.0298901, 70.05, 64.75, 72.65, 62.15, 75.15, 59.65, 0.00844462
590, 585, 65.3, 66.9897, 65.1272, 0.0856888, 0.000802046, 0.485552, 0.0713763, 0.225485, 0.840618, 0.0651311, 0.0577983, 0.0301228, 69.65, 64.35, 72.25, 61.75, 74.75, 59.25, -0.65285
600, 595, 67.2, 67.621, 65.7888, 0.0870437, 0.00073569, 0.50249, 0.0733977, 0.206952, 0.847722, 0.0265993, 0.0566714, 0.030496, 70.25, 64.95, 72.85, 62.35, 75.35, 59.85, -0.161882
610, 605, 68.3, 68.2564, 65.9802, 0.0928977, 0.000796276, 0.443772, 0.0734458, 0.223486, 0.817369, 0.025419, 0.568097, 0.0308384, 70.95, 65.55, 73.55, 62.95, 76.05, 60.45, 0.0167004
620, 615, 66.6, 68.2262, 66.4471, 0.096977, 0.000856862, 0.491198, 0.0761411, 0.201138, 0.805745, 0.0282772, 0.0475987, 0.0311687, 70.85, 65.55, 73.45, 62.95, 76.05, 60.45, -0.622581
630, 625, 70.5, 68.1539, 66.5006, 0.0938205, 0.000770311, 0.422317, 0.0732052, 0.199866, 0.759032, 0.0251271, 0.0476724, 0.0314572, 70.85, 65.45, 73.45, 62.85, 75.95, 60.35, 0.89869
640, 635, 66.7, 68.2764, 66.5659, 0.0972821, 0.000784736, 0.444901, 0.0713763, 0.201319, 0.788954, 0.0256808, 0.0482716, 0.0318592, 70.95, 65.65, 73.55, 63.05, 76.05, 60.45, -0.603286
650, 645, 68.4, 68.4507, 66.7675, 0.103934, 0.000816472, 0.448289, 0.0781625, 0.202228, 0.745255, 0.0252458, 0.0471468, 0.0321444, 71.15, 65.75, 73.75, 63.15, 76.25, 60.65, -0.0193778
660, 655, 75.4, 68.6738, 67.0458, 0.105463, 0.000871288, 0.413284, 0.0707506, 0.192961, 0.737936, 0.0265085, 0.0478042, 0.0324694, 71.35, 66.05, 73.95, 63.35, 76.55, 60.85, 2.56668
670, 665, 70.4, 68.821, 67.1231, 0.114241, 0.000888598, 0.459581, 0.0683441, 0.201501, 0.751498, 0.0245586, 0.0444101, 0.0328467, 71.45, 66.15, 74.15, 63.55, 76.65, 60.95, 0.601911
680, 675, 69.3, 68.8947, 67.2107, 0.118135, 0.000900138, 0.459581, 0.0755635, 0.192598, 0.731693, 0.0248749, 0.0475173, 0.0331768, 71.55, 66.25, 74.15, 63.65, 76.75, 61.05, 0.154411
690, 685, 68.3, 68.8866, 67.2478, 0.133624, 0.000816472, 0.436997, 0.0747453, 0.178607, 0.715548, 0.0254239, 0.0393923, 0.0335621, 71.55, 66.25, 74.15, 63.55, 76.75, 61.05, -0.223481
700, 695, 66.9, 68.5741, 66.8687, 0.133407, 0.000931874, 0.485552, 0.0743603, 0.19278, 0.714041, 0.0268563, 0.043605, 0.0338873, 71.25, 65.95, 73.85, 63.25, 76.35, 60.75, -0.639307
710, 705, 69.9, 68.5623, 66.9426, 0.135294, 0.000787621, 0.422317, 0.070558, 0.184603, 0.702632, 0.0253821, 0.0438379, 0.0342567, 71.25, 65.85, 73.85, 63.25, 76.35, 60.75, 0.510879
720, 715, 70.7, 68.3518, 66.6574, 0.124397, 0.000871288, 0.426834, 0.0728201, 0.186784, 0.737505, 0.0697715, 0.0409051, 0.0345353, 71.05, 65.65, 73.65, 63.05, 76.15, 60.55, 0.898165
730, 725, 66, 69.6136, 66.5682, 0.13932, 0.000877058, 0.422317, 0.0719538, 0.185512, 0.715978, 1.43319, 0.0413725, 0.0349456, 72.25, 66.95, 74.95, 64.25, 77.45, 61.75, -1.36961
740, 735, 65, 67.7669, 66.1763, 0.128361, 0.00100112, 0.440384, 0.0703174, 0.183331, 0.685626, 0.00647879, 0.0398229, 0.0352915, 70.45, 65.15, 73.05, 62.55, 75.55, 59.95, -1.06289
750, 745, 71.8, 67.6719, 66.1046, 0.136991, 0.000926104, 0.425705, 0.0703174, 0.171158, 0.677015, 0.0060977, 0.0434949, 0.0356067, 70.35, 65.05, 72.95, 62.45, 75.45, 59.95, 1.5869
760, 755, 65.6, 67.3062, 65.7226, 0.141409, 0.00102997, 0.43248, 0.0664189, 0.174247, 0.687348, 0.00711687, 0.0375536, 0.0359931, 69.95, 64.65, 72.55, 62.05, 75.05, 59.55, -0.657672
770, 765, 65.8, 66.9542, 65.296, 0.168602, 0.000949184, 0.448289, 0.0696917, 0.18206, 0.680459, 0.00653339, 0.0654072, 0.0362487, 69.55, 64.35, 72.15, 61.75, 74.65, 59.25, -0.446066
780, 775, 66.3, 67.0076, 64.9518, 0.20928, 0.00100112, 0.46071, 0.0706062, 0.181696, 0.662807, 0.0127755, 0.420228, 0.0366752, 69.65, 64.35, 72.25, 61.75, 74.75, 59.25, -0.273344
790, 785, 65.9, 67.3092, 64.6406, 0.188752, 0.000923219, 0.433609, 0.0677184, 0.168796, 0.664314, 0.0178005, 1.08972, 0.0369968, 69.95, 64.65, 72.55, 62.05, 75.05, 59.55, -0.543184
800, 795, 66.7, 65.3113, 63.6647, 0.168927, 0.0010242, 0.473131, 0.0683441, 0.179152, 0.690146, 0.00524717, 0.0230653, 0.0375673, 67.95, 62.75, 70.45, 60.15, 72.95, 57.65, 0.543384
810, 805, 61.8, 65.2433, 63.7206, 0.114102, 0.00101266, 0.438126, 0.068681, 0.164435, 0.665606, 0.00567147, 0.0274336, 0.0376925, 67.85, 62.65, 70.35, 60.05, 72.85, 57.65, -1.34807
820, 815, 62.5, 64.5776, 63.0868, 0.122368, 0.00112517, 0.430222, 0.070558, 0.170068, 0.626858, 0.00563976, 0.0259265, 0.0380923, 67.15, 61.95, 69.65, 59.45, 72.15, 56.95, -0.81758
830, 825, 61.8, 63.8914, 62.293, 0.188952, 0.00110209, 0.448289, 0.0671408, 0.164072, 0.657426, 0.00617057, 0.0268495, 0.0384163, 66.45, 61.35, 68.95, 58.75, 71.45, 56.35, -0.827414
840, 835, 67.6, 64.2546, 61.7163, 0.264, 0.00107324, 0.467485, 0.0695473, 0.163527, 0.660655, 0.00598715, 0.867288, 0.0387609, 66.85, 61.65, 69.35, 59.15, 71.85, 56.65, 1.31975
850, 845, 57.4, 62.8852, 61.4003, 0.102499, 0.00111075, 0.444901, 0.0715688, 0.165162, 0.640204, 0.00542997, 0.0148572, 0.0391388, 65.45, 60.35, 67.95, 57.85, 70.35, 55.35, -2.18734
860, 855, 65.7, 62.2596, 60.6134, 0.0996135, 0.00124346, 0.452806, 0.0696436, 0.168251, 0.641927, 0.15761, 0.0156157, 0.0394441, 64.85, 59.75, 67.25, 57.25, 69.75, 54.85, 1.37882
870, 865, 63.4, 61.7035, 60.1754, 0.113636, 0.00124058, 0.483294, 0.0696917, 0.160438, 0.639989, 0.00423136, 0.015705, 0.0398724, 64.25, 59.15, 66.75, 56.65, 69.15, 54.25, 0.682985
880, 875, 61.6, 60.5803, 59.0685, 0.112571, 0.00128385, 0.453935, 0.0673334, 0.159893, 0.657641, 0.00437095, 0.0145449, 0.0402309, 63.05, 58.05, 65.55, 55.65, 67.95, 53.25, 0.414278
890, 885, 59.4, 60.1333, 58.6068, 0.103932, 0.00128674, 0.462968, 0.0706062, 0.170068, 0.65312, 0.00992398, 0.0140988, 0.0405429, 62.65, 57.65, 65.05, 55.15, 67.45, 52.85, -0.299052
900, 895, 61.5, 59.1652, 57.5755, 0.140723, 0.00148869, 0.468614, 0.0678628, 0.167524, 0.682612, 0.00444308, 0.0155265, 0.0409302, 61.65, 56.65, 64.05, 54.25, 66.45, 51.85, 0.959884
910, 905, 60.1, 63.3453, 56.9525, 5.00594, 0.00143676, 0.464097, 0.0672371, 0.162073, 0.632455, 0.00340992, 0.0149019, 0.0412837, 65.95, 60.75, 68.45, 58.25, 70.85, 55.85, -1.28942
920, 915, 57.3, 57.3544, 55.9072, 0.0604516, 0.00168199, 0.469743, 0.0676221, 0.16607, 0.621476, 0.00441957, 0.0141434, 0.0416109, 59.75, 54.95, 62.15, 52.55, 64.55, 50.15, -0.0227125
930, 925, 55.3, 56.5952, 55.1378, 0.0501107, 0.00155793, 0.478777, 0.0674296, 0.16498, 0.617817, 0.00410458, 0.030696, 0.0419381, 59.05, 54.15, 61.35, 51.75, 63.75, 49.45, -0.544431
940, 935, 56.4, 55.5344, 54.0478, 0.0825445, 0.00188106, 0.48894, 0.0674777, 0.148809, 0.630948, 0.00474327, 0.0190066, 0.0422887, 57.95, 53.15, 60.25, 50.75, 62.55, 48.45, 0.367306
950, 945, 57.3, 55.1225, 53.5911, 0.0633445, 0.002008, 0.564595, 0.068296, 0.156622, 0.610713, 0.00731068, 0.0158388, 0.0426574, 57.55, 52.75, 59.85, 50.35, 62.15, 48.15, 0.927445
960, 955, 54.5, 54.1547, 52.3117, 0.455415, 0.00208013, 0.469743, 0.067189, 0.157349, 0.624059, 0.00448834, 0.0196312, 0.0430858, 56.55, 51.75, 58.85, 49.45, 61.15, 47.15, 0.148369
970, 965, 54.7, 56.2289, 51.5631, 3.26169, 0.00192722, 0.497973, 0.0650231, 0.152807, 0.623198, 0.00389616, 0.0158834, 0.0433641, 58.65, 53.85, 61.05, 51.45, 63.35, 49.15, -0.644765
980, 975, 53, 52.051, 50.5958, 0.0344918, 0.00189837, 0.507007, 0.0679109, 0.15535, 0.625136, 0.00421252, 0.015348, 0.0438029, 54.35, 49.75, 56.65, 47.45, 58.85, 45.25, 0.415978
990, 985, 50.7, 51.0519, 49.5659, 0.0416836, 0.00192722, 0.542012, 0.0670927, 0.151535, 0.619108, 0.00393458, 0.0145449, 0.044123, 53.35, 48.75, 55.65, 46.45, 57.85, 44.25, -0.155732
1000, 995, 51.5, 49.9459, 48.5231, 0.0161071, 0.00203974, 0.51604, 0.0706543, 0.15426, 0.60038, 0.00429205, 0.0145003, 0.0444992, 52.25, 47.65, 54.45, 45.45, 56.65, 43.25, 0.695413
1010, 1005, 47.9, 48.9911, 47.4567, 0.0190512, 0.0018349, 0.597342, 0.0709431, 0.151535, 0.62858, 0.00427047, 0.0159726, 0.0448842, 51.25, 46.75, 53.45, 44.55, 55.65, 42.35, -0.492974
1020, 1015, 46.5, 48.2995, 46.7241, 0.0225909, 0.00194741, 0.587179, 0.0708468, 0.15426, 0.672925, 0.0040115, 0.0164634, 0.0452004, 50.55, 46.05, 52.75, 43.85, 54.85, 41.75, -0.818805
1030, 1025, 43.4, 47.2211, 45.7072, 0.0331516, 0.00205993, 0.563466, 0.0706062, 0.153533, 0.626427, 0.00439663, 0.0145895, 0.0456332, 49.45, 45.05, 51.65, 42.85, 53.75, 40.75, -1.75839
1040, 1035, 45, 46.2139, 44.647, 0.0307714, 0.00210032, 0.60073, 0.065697, 0.148991, 0.653336, 0.00408773, 0.0152588, 0.0459479, 48.45, 44.05, 50.55, 41.85, 52.65, 39.75, -0.564666
1050, 1045, 42.1, 45.1288, 43.5969, 0.0162511, 0.00216956, 0.61428, 0.0644937, 0.144812, 0.622983, 0.00407218, 0.016508, 0.0463159, 47.35, 42.95, 49.45, 40.85, 51.45, 38.75, -1.42573
1060, 1055, 44.4, 43.97, 42.3949, 0.0467613, 0.00208013, 0.607505, 0.0674777, 0.154078, 0.630302, 0.00417807, 0.0161065, 0.0466522, 46.15, 41.85, 48.25, 39.75, 50.25, 37.65, 0.205067
1070, 1065, 45.5, 43.1067, 41.4916, 0.0525812, 0.00215802, 0.650414, 0.0708468, 0.146992, 0.622337, 0.00422663, 0.0185604, 0.0470342, 45.25, 40.95, 47.25, 38.95, 49.35, 36.85, 1.15271
1080, 1075, 44.6, 42.228, 40.6206, 0.0146009, 0.00215514, 0.650414, 0.0673815, 0.144267, 0.650968, 0.0151316, 0.0150803, 0.0474271, 44.35, 40.15, 46.35, 38.05, 48.35, 36.05, 1.15428
1090, 1085, 40.1, 41.1778, 39.493, 0.0226983, 0.00210321, 0.737362, 0.065697, 0.138089, 0.63633, 0.0179372, 0.0168204, 0.0477988, 43.25, 39.15, 45.25, 37.05, 47.25, 35.15, -0.531145
1100, 1095, 39.3, 40.1507, 38.4613, 0.0361616, 0.00214937, 0.71139, 0.0666114, 0.151898, 0.648169, 0.00776974, 0.0170881, 0.0481274, 42.25, 38.05, 44.15, 36.15, 46.15, 34.15, -0.42453
1110, 1105, 41.1, 39.2892, 37.5057, 0.0979095, 0.00222438, 0.761075, 0.0663708, 0.138089, 0.64903, 0.0044026, 0.0158388, 0.0485102, 41.35, 37.25, 43.25, 35.25, 45.25, 33.35, 0.913555
1120, 1115, 42.3, 38.4267, 36.5061, 0.0507893, 0.00217245, 0.835601, 0.0667077, 0.156077, 0.650107, 0.00420096, 0.106142, 0.0488238, 40.45, 36.45, 42.35, 34.45, 44.25, 32.55, 1.97587
1130, 1125, 37.9, 37.2116, 35.3938, 0.0137123, 0.00190991, 0.863831, 0.0685847, 0.14245, 0.65678, 0.00417534, 0.0172219, 0.0492062, 39.15, 35.25, 41.15, 33.35, 42.95, 31.45, 0.356844
1140, 1135, 32.3, 36.1592, 34.3134, 0.0136708, 0.002008, 0.898836, 0.0677184, 0.144448, 0.648385, 0.00410719, 0.0169988, 0.0496229, 38.15, 34.25, 40.05, 32.35, 41.85, 30.45, -2.02949
1150, 1145, 32.7, 35.2968, 33.3003, 0.0383392, 0.00195607, 0.995946, 0.0714244, 0.137181, 0.676369, 0.00367555, 0.0216389, 0.0499576, 37.25, 33.35, 39.05, 31.45, 40.95, 29.65, -1.38217
1160, 1155, 34.5, 34.3496, 32.3538, 0.0190341, 0.0020657, 1.00385, 0.0688254, 0.134273, 0.689501, 0.00403569, 0.023959, 0.0503148, 36.25, 32.45, 38.05, 30.65, 39.85, 28.75, 0.0811309
1170, 1165, 32.6, 33.4433, 31.2024, 0.0268679, 0.113011, 1.12016, 0.0696917, 0.15317, 0.686056, 0.00379897, 0.0174896, 0.0506449, 35.35, 31.55, 37.15, 29.75, 38.95, 27.95, -0.461114
1180, 1175, 27.7, 32.2639, 30.0896, 0.0144764, 0.0124836, 1.14726, 0.0665633, 0.147719, 0.712534, 0.00402829, 0.0181588, 0.0510554, 34.15, 30.45, 35.85, 28.65, 37.65, 26.85, -2.54082
1190, 1185, 35.3, 31.5279, 29.2148, 0.0118154, 0.00126366, 1.26808, 0.0686329, 0.163163, 0.725881, 0.00420835, 0.0186942, 0.0513426, 33.35, 29.75, 35.15, 27.95, 36.85, 26.25, 2.12442
1200, 1195, 30.7, 30.6443, 28.2534, 0.0118179, 0.00132136, 1.34374, 0.0706543, 0.146447, 0.742456, 0.0046676, 0.0179804, 0.0518163, 32.45, 28.85, 34.15, 27.15, 35.85, 25.35, 0.0318144
1210, 1205, 28, 29.7742, 27.1714, 0.0121767, 0.00123481, 1.52102, 0.0700286, 0.167706, 0.755588, 0.00436815, 0.0185158, 0.0522087, 31.55, 28.05, 33.25, 26.25, 34.95, 24.65, -1.02823
1220, 1215, 30, 28.7992, 26.1434, 0.0121035, 0.00110786, 1.58651, 0.0688254, 0.147719, 0.764629, 0.00437089, 0.0179358, 0.0525714, 30.55, 27.05, 32.25, 25.35, 33.85, 23.75, 0.707578
1230, 1225, 27.1, 28.3623, 25.4515, 0.0150671, 0.00113094, 1.81122, 0.0695473, 0.168977, 0.768504, 0.00456911, 0.0189173, 0.0528533, 30.05, 26.65, 31.75, 24.95, 33.45, 23.35, -0.749516
1240, 1235, 25.3, 27.4263, 24.3876, 0.0250028, 0.0010617, 1.84058, 0.0735902, 0.164798, 0.816078, 0.00496637, 0.0593397, 0.0533232, 29.15, 25.75, 30.75, 24.05, 32.35, 22.45, -1.28394
1250, 1245, 27.2, 26.1656, 23.401, 0.0544438, 0.00097515, 1.54022, 0.0773925, 0.170431, 0.841479, 0.00541281, 0.0206574, 0.0535787, 27.85, 24.55, 29.45, 22.85, 31.05, 21.35, 0.639455
1260, 1255, 24.4, 25.2546, 22.4975, 0.0125795, 0.00098669, 1.52892, 0.0758042, 0.181333, 0.878075, 0.0049987, 0.0203897, 0.0540434, 26.85, 23.65, 28.45, 22.05, 30.05, 20.45, -0.537774
1270, 1265, 23.2, 24.5596, 21.6687, 0.0127602, 0.000839552, 1.62378, 0.0821573, 0.175155, 0.917253, 0.00571562, 0.0188281, 0.0544599, 26.15, 22.95, 27.75, 21.35, 29.25, 19.85, -0.867586
1280, 1275, 22.6, 23.5864, 20.6101, 0.0168517, 0.000859747, 1.6712, 0.0800396, 0.178789, 0.938134, 0.00591459, 0.0296699, 0.0548516, 25.15, 22.05, 26.75, 20.45, 28.15, 18.95, -0.642294
1290, 1285, 26.6, 23.0748, 19.9895, 0.0390129, 0.000954954, 1.66104, 0.0836493, 0.20568, 1.01542, 0.00619576, 0.018025, 0.0552775, 24.65, 21.55, 26.15, 19.95, 27.65, 18.55, 2.32068
1300, 1295, 23.4, 22.088, 18.9691, 0.0129823, 0.000937644, 1.71524, 0.0840825, 0.187874, 1.03694, 0.00660452, 0.0185604, 0.0556221, 23.65, 20.55, 25.15, 19.05, 26.55, 17.65, 0.882791
1310, 1305, 21.2, 21.0809, 18.1015, 0.0144788, 0.000972265, 1.69604, 0.0797508, 0.189146, 0.917253, 0.00600089, 0.0198543, 0.0559084, 22.55, 19.55, 24.05, 18.15, 25.45, 16.75, 0.0819991
1320, 1315, 21.7, 20.1944, 17.2558, 0.0146131, 0.00103862, 1.65539, 0.0824942, 0.171521, 0.931676, 0.00617419, 0.0193635, 0.0563031, 21.65, 18.75, 23.05, 17.35, 24.45, 15.95, 1.05952
1330, 1325, 20.7, 19.6937, 16.6162, 0.0146375, 0.102382, 1.68249, 0.0810984, 0.180788, 0.932107, 0.00674268, 0.0204789, 0.0567079, 21.15, 18.25, 22.55, 16.85, 23.95, 15.45, 0.717098
1340, 1335, 20.8, 18.5776, 15.7013, 0.0174888, 0.00414294, 1.582, 0.0759486, 0.174973, 0.936412, 0.00704891, 0.0212374, 0.0570532, 19.95, 17.15, 21.35, 15.85, 22.65, 14.45, 1.63052
1350, 1345, 18.5, 17.843, 15.0124, 0.0180723, 0.000375058, 1.49166, 0.0787401, 0.181515, 0.974299, 0.00782863, 0.0206127, 0.057435, 19.25, 16.45, 20.55, 15.15, 21.85, 13.85, 0.491868
1360, 1355, 17.3, 16.9127, 14.2021, 0.0222565, 0.000328897, 1.36971, 0.0797027, 0.179334, 0.973438, 0.00756885, 0.0204789, 0.0577923, 18.25, 15.55, 19.55, 14.25, 20.85, 13.05, 0.297839
1370, 1365, 16.8, 16.1663, 13.5403, 0.0461046, 0.000354862, 1.24098, 0.0807615, 0.180243, 0.979681, 0.00819268, 0.0314545, 0.0582151, 17.45, 14.85, 18.75, 13.55, 19.95, 12.35, 0.498418
1380, 1375, 15.3, 15.9547, 12.9566, 0.0268679, 0.000444299, 1.19468, 0.0789807, 0.178426, 0.975375, 0.0091955, 0.475566, 0.0585167, 17.25, 14.65, 18.55, 13.35, 19.75, 12.15, -0.518293
1390, 1385, 16, 14.5607, 12.1727, 0.0155334, 0.00049046, 1.04337, 0.0819648, 0.167887, 0.988722, 0.00948618, 0.0216389, 0.0589451, 15.85, 13.35, 17.05, 12.15, 18.15, 10.95, 1.19276
1400, 1395, 12.9, 13.8534, 11.4833, 0.0163439, 0.000510655, 1.06257, 0.0760448, 0.167706, 0.949974, 0.00917659, 0.0284652, 0.0593055, 15.05, 12.65, 16.25, 11.45, 17.35, 10.35, -0.810028
1410, 1405, 14.3, 13.2854, 10.9525, 0.0155236, 0.000470265, 1.02643, 0.0763817, 0.169704, 0.937919, 0.00791282, 0.0389054, 0.0596571, 14.45, 12.05, 15.65, 10.95, 16.75, 9.85, 0.880265
1420, 1415, 13.8, 12.5072, 10.2545, 0.0156555, 0.000530851, 1.03208, 0.0746009, 0.157712, 0.881734, 0.00788782, 0.022442, 0.0599889, 13.65, 11.35, 14.75, 10.25, 15.85, 9.15, 1.156
1430, 1425, 13.9, 11.8465, 9.60342, 0.0340841, 0.000530851, 1.01627, 0.0743603, 0.146992, 0.880658, 0.00870254, 0.0211035, 0.0604217, 12.95, 10.75, 14.05, 9.65, 15.15, 8.55, 1.88664
1440, 1435, 12.3, 11.2582, 9.10875, 0.0151184, 0.000525081, 0.965458, 0.0716169, 0.138634, 0.867742, 0.00806118, 0.0214605, 0.0608391, 12.35, 10.15, 13.45, 9.05, 14.45, 8.05, 0.981851
1450, 1445, 10.4, 10.6415, 8.49301, 0.0174571, 0.000522196, 1.01063, 0.0686329, 0.129731, 0.829424, 0.00912604, 0.0217728, 0.0612469, 11.75, 9.55, 12.75, 8.55, 13.75, 7.55, -0.23415
1460, 1455, 178.8, 184.101, 8.04708, 0.123791, 0.000516425, 174.781, 0.0680553, 0.12319, 0.864513, 0.00867892, 0.0232897, 0.0615796, 188.45, 179.75, 192.75, 175.45, 196.85, 171.35, -1.23555
1472.5, 1465, 9.06667, 8.73586, 7.35879, 0.0203564, 0.000552008, 0.19121, 0.067927, 0.123917, 0.876568, 0.00821376, 0.0262939, 0.0620394, 9.5, 7.96667, 10.3, 7.16667, 11.0333, 6.43333, 0.433472
1487.5, 1480, 7.73333, 7.92666, 6.65657, 0.026933, 0.000534698, 0, 0.0676061, 0.122584, 0.952772, 0.00837203, 0.0286437, 0.0626451, 8.7, 7.16667, 9.43333, 6.43333, 10.1, 5.76667, -0.265944
1502.5, 1495, 7.13333, 7.39914, 6.00353, 0.105592, 0.000492383, 0, 0.0648787, 0.115438, 0.997548, 0.0108682, 0.0375372, 0.0632569, 8.16667, 6.63333, 8.83333, 5.96667, 9.5, 5.3, -0.378458
1515, 1510, 7.5, 6.98103, 5.39837, 0.010236, 0.00048469, 0, 0.0676221, 0.114105, 1.15491, 0.134201, 0.0373885, 0.0637162, 7.85, 6.05, 8.65, 5.25, 9.55, 4.45, 0.621126
1525, 1520, 73.2, 75.7729, 5.06368, 0.00998942, 0.000519311, 0, 3.19047, 9.33628, 58.0681, 0.00637384, 0.0334176, 0.0641229, 78.55, 72.95, 81.35, 70.25, 83.95, 67.55, -0.9347
1537.5, 1530, 5, 4.87651, 4.58126, 0.0149483, 0.000557778, 0, 0.050504, 0.0760701, 0.0144947, 0.00576261, 0.0683522, 0.0645639, 5.5, 4.3, 6.03333, 3.7, 6.63333, 3.16667, 0.216584
1552.5, 1545, 4.26667, 4.3144, 4.04508, 0.0301033, 0.000698184, 0, 0.0500227, 0.0707404, 0.00932824, 0.00538361, 0.0378049, 0.0652388, 4.9, 3.76667, 5.43333, 3.23333, 5.96667, 2.7, -0.088996
1567.5, 1560, 3.33333, 3.79787, 3.5551, 0.0121051, 0.000646253, 0, 0.050119, 0.069408, 0.00818015, 0.00533818, 0.0311719, 0.0658026, 4.36667, 3.23333, 4.83333, 2.76667, 5.3, 2.3, -0.923208
1582.5, 1575, 4.86667, 3.75256, 3.13564, 0.385149, 0.000605862, 0, 0.0501511, 0.0652895, 0.00731908, 0.00480672, 0.037329, 0.0662677, 4.3, 3.23333, 4.76667, 2.7, 5.3, 2.23333, 2.22746
1597.5, 1590, 2.33333, 3.02765, 2.75208, 0.0383579, 0.000580858, 0, 0.0506965, 0.0704981, 0.00818015, 0.00486968, 0.0355741, 0.0668092, 3.5, 2.56667, 3.96667, 2.16667, 4.43333, 1.76667, -1.58534
1612.5, 1605, 2.26667, 2.72665, 2.36171, 0.006339, 0.000580858, 0, 0.0494773, 0.0661374, 0.00818015, 0.131301, 0.0355443, 0.0673737, 3.16667, 2.3, 3.63333, 1.9, 4.03333, 1.5, -1.08446
1627.5, 1620, 2.6, 2.75662, 2.02024, 0.218805, 0.000567395, 0, 0.0486751, 0.06856, 0.00832366, 0.287541, 0.0359905, 0.0679181, 3.16667, 2.3, 3.63333, 1.9, 4.1, 1.56667, -0.342939
1642.5, 1635, 2.13333, 2.03052, 1.73465, 0.0642184, 0.000475073, 0, 0.0514025, 0.0679544, 0.00731908, 0.00157639, 0.0344438, 0.0684832, 2.36667, 1.63333, 2.76667, 1.3, 3.16667, 0.966667, 0.305993
1657.5, 1650, 1.93333, 1.75999, 1.48597, 0.00389617, 0.00051354, 0, 0.0491564, 0.0631091, 0.0100458, 0.00155437, 0.0767401, 0.0690043, 2.1, 1.36667, 2.5, 1.1, 2.83333, 0.766667, 0.528403
1672.5, 1665, 1.66667, 1.50551, 1.25307, 0.0248385, 0.000492383, 0, 0.0469424, 0.0612922, 0.00746259, 0.0136737, 0.0281975, 0.0695437, 1.83333, 1.16667, 2.16667, 0.9, 2.5, 0.633333, 0.532682
1687.5, 1680, 1.13333, 1.26929, 1.03444, 0.0113174, 0.00048469, 0, 0.0465253, 0.0627458, 0.00731908, 0.00749083, 0.0288222, 0.0701385, 1.56667, 0.966667, 1.9, 0.7, 2.23333, 0.5, -0.437055
1702.5, 1695, 1, 1.0716, 0.856421, 0.006007, 0.000455839, 0, 0.0442472, 0.0612922, 0.00717557, 0.00108721, 0.0242118, 0.0707067, 1.3, 0.766667, 1.63333, 0.566667, 1.96667, 0.366667, -0.229198
1717.5, 1710, 0.866667, 0.903359, 0.695126, 0.00361461, 0.000471226, 0, 0.0437017, 0.0531764, 0.00932824, 0.00108858, 0.0256395, 0.0712124, 1.16667, 0.633333, 1.43333, 0.433333, 1.7, 0.233333, -0.105584
1730, 1725, 1.9, 1.26784, 0.584544, 0.00251933, 0.000435644, 0, 0.043798, 0.0554173, 0.00861068, 0.00109061, 0.499703, 0.0717224, 1.65, 0.85, 2.05, 0.55, 2.45, 0.35, 1.68685
1747.5, 1735, 0.68, 0.674993, 0.471547, 0.00440296, 0.00037852, 0, 0.0435477, 0.0543635, 0.00654412, 0.00102544, 0.0208626, 0.0723213, 0.86, 0.5, 1.02, 0.34, 1.22, 0.22, 0.0699232
1765, 1760, 3.2, 2.70145, 0.33534, 0.000664008, 0.000406793, 0, 0.0405252, 0.0485129, 0.00796488, 0.000930747, 2.19414, 0.0729642, 3.25, 2.15, 3.75, 1.65, 4.35, 1.25, 0.960483
1806.5, 1770, 0.369863, 0.366987, 0.17579, 0.00204326, 0.000384543, 0, 0.0431782, 0.0475148, 0.00660546, 0.00758669, 0.00934498, 0.0745394, 0.431507, 0.280822, 0.513699, 0.226027, 0.59589, 0.171233, 0.0718728
1848, 1843, 0.8, 0.564809, 0.0642064, 0.00153796, 0.000366402, 0, 0.0411027, 0.0365209, 0.00430534, 0.000744647, 0.339887, 0.0761375, 0.75, 0.25, 1.05, 0.05, 1.35, 0, 0.988086
2026.5, 1853, 0.221902, 0.172055, 0.00548261, 0.00102165, 0.000474746, 0, 0.0334106, 0.0222643, 0.00818884, 0.000751337, 0.0176717, 0.0827889, 0.194524, 0.148415, 0.217579, 0.12536, 0.240634, 0.105187, 2.23859
2204, 2200, 0.875, 1.1481, 0, 0, 0.000670776, 0, 0.0256892, 0.0104475, 0.00269084, 0.00112473, 1.01787, 0.0896118, 1.5625, 0.6875, 1.9375, 0.4375, 2.4375, 0.1875, -0.693051
2409, 2208, 0.139303, 0.141595, 0, 0, 0.00194447, 0, 0.0203366, 0.00479551, 0.00391979, 0.0017088, 0.0107845, 0.0981058, 0.160448, 0.120647, 0.180348, 0.103234, 0.197761, 0.0858209, -0.122122
2615, 2610, 0.3, 0.303058, 0, 0, 0, 0, 0.0135726, 0.00163527, 0.000215267, 0.180236, 0.000312314, 0.107087, 0.45, 0.05, 0.65, 0, 0.95, 0, 0.052335
3560, 2620, 0.195213, 0.194493, 0, 0, 0, 0, 0.00194439, 0.000174931, 0.000175191, 0.001468, 0.000248475, 0.190482, 0.205053, 0.184309, 0.21516, 0.17367, 0.224734, 0.164096, 0.0707744
4880, 4500, 1.89079, 1.90306, 0, 0, 0, 0, 0, 0, 0, 0, 0, 1.90306, 1.95329, 1.85197, 2.00329, 1.80197, 2.05197, 1.75329, -0.245158
5279.73, 5260, 0.0315789, 0.0317611, 0, 0, 0, 0, 0, 0, 0, 0, 0, 0.0317611, 0.0375, 0.0243421, 0.0453947, 0.0190789, 0.0519737, 0.0138158, 0.00502233
