xunit, xunit_low, fitted_data, total_model, Nnbb_bege, Ac228_holders, Co60_cables, K40_close, K40_far, K42_close_coax, K42_far, K42_inside_ms, Th228_cables, U238_cables, alpha_high_energy_bege, 1sig_p, 1sig_m, 2sig_p, 2sig_m, 3sig_p, 3sig_m, norm_pois_res
545.599, 526.198, 17728.7, 2872.52, 2330.34, 17.9977, 0.0607005, 17.0097, 8.79728, 1.82613, 86.3274, 5.46121, 7.05043, 336.067, 61.5874, 2889.45, 2855.55, 2906.35, 2838.65, 2922.85, 2822.15, 876.547
570, 565, 78.1, 77.1803, 75.4436, 0.104889, 0.000947785, 0.267726, 0.132844, 0.0119278, 0.839036, 0.0740385, 0.0771421, 0.0901036, 0.1381, 80.05, 74.35, 82.75, 71.55, 85.45, 68.85, 0.331034
580, 575, 76.1, 78.6682, 75.4832, 0.10345, 0.00106852, 0.288902, 0.145699, 0.00982292, 0.781381, 0.0747694, 1.28063, 0.361052, 0.138253, 81.55, 75.85, 84.35, 73.05, 87.05, 70.25, -0.915652
590, 585, 75.8, 77.409, 75.6777, 0.104052, 0.00114096, 0.297977, 0.146868, 0.0128633, 0.772995, 0.0769937, 0.0871581, 0.0929692, 0.138327, 80.25, 74.55, 83.05, 71.85, 85.75, 69.15, -0.578322
600, 595, 79.2, 77.975, 76.3447, 0.103725, 0.0010806, 0.265457, 0.137908, 0.0100568, 0.759367, 0.0756273, 0.0506245, 0.0879865, 0.138436, 80.85, 75.15, 83.55, 72.35, 86.35, 69.65, 0.438689
610, 605, 81, 79.0877, 76.5222, 0.110867, 0.00105645, 0.261675, 0.140245, 0.0121617, 0.763141, 0.0754367, 0.0510236, 1.01138, 0.138562, 81.95, 76.25, 84.75, 73.45, 87.45, 70.65, 0.679981
620, 615, 76.4, 78.5907, 76.9426, 0.117846, 0.00118624, 0.294196, 0.142972, 0.0137989, 0.740708, 0.0717506, 0.0552851, 0.0716328, 0.138651, 81.45, 75.75, 84.25, 72.95, 86.95, 70.25, -0.781432
630, 625, 74.3, 78.4527, 76.839, 0.114701, 0.00117417, 0.289658, 0.134791, 0.0130972, 0.726871, 0.0715917, 0.0511625, 0.0718257, 0.138759, 81.25, 75.65, 84.05, 72.85, 86.85, 70.05, -1.48259
640, 635, 84.4, 78.612, 77.0075, 0.116748, 0.00105947, 0.279826, 0.137518, 0.00982292, 0.724984, 0.0748011, 0.0508075, 0.0699937, 0.138881, 81.45, 75.75, 84.25, 72.95, 86.95, 70.25, 2.06436
650, 645, 79.8, 78.6228, 77.0207, 0.125126, 0.001147, 0.280583, 0.146089, 0.0107584, 0.697519, 0.0728628, 0.0520569, 0.076945, 0.138974, 81.45, 75.75, 84.25, 72.95, 86.95, 70.25, 0.419845
660, 655, 82, 78.9334, 77.3369, 0.127623, 0.0011802, 0.28512, 0.146478, 0.0100568, 0.693116, 0.0724497, 0.0506585, 0.0708112, 0.139098, 81.75, 76.05, 84.55, 73.25, 87.35, 70.55, 1.09149
670, 665, 78.3, 78.7665, 77.186, 0.138379, 0.001147, 0.263944, 0.152322, 0.0121617, 0.683682, 0.0671113, 0.0503395, 0.0721436, 0.139222, 81.65, 75.95, 84.45, 73.15, 87.15, 70.35, -0.166208
680, 675, 78.5, 78.9594, 77.3935, 0.14351, 0.00129189, 0.259407, 0.139856, 0.00654861, 0.674667, 0.0710515, 0.0506066, 0.0795853, 0.139322, 81.85, 76.15, 84.65, 73.35, 87.35, 70.55, -0.163476
690, 685, 74.3, 78.8695, 77.2877, 0.162847, 0.00130094, 0.263188, 0.153491, 0.00841964, 0.658943, 0.0683823, 0.0567133, 0.0690663, 0.139446, 81.75, 76.05, 84.55, 73.25, 87.25, 70.45, -1.62711
700, 695, 77.8, 78.3349, 76.7532, 0.162809, 0.00123454, 0.266213, 0.146868, 0.00771801, 0.655379, 0.0679057, 0.0582581, 0.0758359, 0.139551, 81.15, 75.45, 83.95, 72.75, 86.65, 69.95, -0.191126
710, 705, 76.6, 78.4541, 76.8514, 0.164959, 0.00123152, 0.276045, 0.159724, 0.00771801, 0.653282, 0.0669842, 0.0582297, 0.0748913, 0.139667, 81.35, 75.65, 84.05, 72.85, 86.85, 70.05, -0.661965
720, 715, 76.7, 78.0337, 76.4895, 0.152193, 0.00117417, 0.241256, 0.143751, 0.00654861, 0.626446, 0.0665711, 0.0956653, 0.0707829, 0.139787, 80.85, 75.15, 83.65, 72.45, 86.35, 69.65, -0.477434
730, 725, 77.5, 80.5381, 76.2915, 0.170578, 0.00143979, 0.253356, 0.151153, 0.00561309, 0.631688, 0.0680328, 2.74787, 0.07703, 0.139885, 83.45, 77.65, 86.25, 74.85, 89.05, 72.05, -1.07054
740, 735, 76.6, 77.1954, 75.7102, 0.161303, 0.00133716, 0.251087, 0.147258, 0.00631473, 0.62414, 0.0661262, 0.011005, 0.0765684, 0.140031, 80.05, 74.35, 82.75, 71.65, 85.45, 68.85, -0.214278
750, 745, 75.2, 77.2441, 75.7441, 0.17235, 0.0012949, 0.254113, 0.155439, 0.00748413, 0.617222, 0.0662216, 0.0102266, 0.0755711, 0.14013, 80.05, 74.45, 82.85, 71.65, 85.55, 68.95, -0.735481
760, 755, 73.3, 76.6667, 75.1611, 0.180121, 0.00130396, 0.273776, 0.146089, 0.00771801, 0.60024, 0.0663169, 0.0129078, 0.076822, 0.140242, 79.45, 73.85, 82.25, 71.05, 84.95, 68.35, -1.2159
770, 765, 77.4, 76.232, 74.6306, 0.210289, 0.0013764, 0.281339, 0.166347, 0.00561309, 0.603594, 0.0635206, 0.010525, 0.118396, 0.140344, 79.05, 73.45, 81.75, 70.65, 84.45, 67.95, 0.423039
780, 775, 76.7, 76.2328, 74.1176, 0.271118, 0.00141866, 0.274532, 0.168684, 0.00561309, 0.614496, 0.0664122, 0.0218414, 0.550581, 0.140475, 79.05, 73.45, 81.75, 70.65, 84.45, 67.95, 0.169207
790, 785, 72.9, 77.0414, 73.7251, 0.239131, 0.00137942, 0.245793, 0.169074, 0.00491146, 0.601288, 0.0620589, 0.0317032, 1.82039, 0.140572, 79.85, 74.25, 82.65, 71.45, 85.35, 68.75, -1.49205
800, 795, 74.2, 74.2637, 72.7475, 0.217522, 0.00143979, 0.29344, 0.154659, 0.00467758, 0.589338, 0.0613916, 0.00910719, 0.0438685, 0.140785, 77.05, 71.45, 79.75, 68.75, 82.45, 66.15, -0.0233887
810, 805, 70.5, 74.0778, 72.6351, 0.162422, 0.00140055, 0.282852, 0.147647, 0.00701637, 0.578226, 0.0612327, 0.0104332, 0.0507088, 0.140829, 76.85, 71.35, 79.55, 68.55, 82.25, 65.95, -1.31454
820, 815, 71.3, 73.295, 71.802, 0.175041, 0.00155751, 0.28512, 0.158945, 0.00795188, 0.600869, 0.0629486, 0.0095658, 0.0501085, 0.140937, 76.05, 70.55, 78.75, 67.85, 81.35, 65.25, -0.736912
830, 825, 68.8, 72.3513, 70.8315, 0.249235, 0.00164202, 0.251087, 0.161282, 0.00818576, 0.59395, 0.060629, 0.0103338, 0.0424566, 0.141046, 75.05, 69.65, 77.75, 66.95, 80.35, 64.35, -1.32028
840, 835, 77.8, 73.2224, 70.2746, 0.361508, 0.00166919, 0.288146, 0.174528, 0.00514534, 0.562292, 0.0610738, 0.0106674, 1.34164, 0.14115, 75.95, 70.45, 78.65, 67.75, 81.35, 65.15, 1.69166
850, 845, 71.2, 71.3642, 69.9437, 0.158, 0.0015726, 0.277558, 0.170632, 0.00678249, 0.572356, 0.0616458, 0.0112496, 0.0194158, 0.141291, 74.05, 68.65, 76.75, 65.95, 79.35, 63.35, -0.061448
860, 855, 69.3, 70.538, 68.8661, 0.156561, 0.00175974, 0.275289, 0.178034, 0.00561309, 0.566905, 0.0589766, 0.265702, 0.021636, 0.141385, 73.25, 67.85, 75.85, 65.15, 78.45, 62.65, -0.466118
870, 865, 68.6, 69.7538, 68.324, 0.179223, 0.00179294, 0.273776, 0.178034, 0.00561309, 0.564389, 0.0584682, 0.00609655, 0.020896, 0.141518, 72.45, 67.05, 75.05, 64.45, 77.65, 61.85, -0.436864
880, 875, 69.5, 68.5513, 67.0966, 0.18158, 0.00192274, 0.276801, 0.187383, 0.00631473, 0.574033, 0.0591673, 0.00638179, 0.0195464, 0.141644, 71.25, 65.85, 73.85, 63.25, 76.35, 60.75, 0.362332
890, 885, 65.8, 68.0064, 66.5566, 0.176391, 0.00190764, 0.282095, 0.17219, 0.00771801, 0.575291, 0.0581504, 0.0156236, 0.0186758, 0.141735, 70.65, 65.35, 73.25, 62.75, 75.75, 60.25, -0.846073
900, 895, 65.7, 66.9599, 65.3732, 0.233402, 0.0022125, 0.304028, 0.200629, 0.00584697, 0.613448, 0.0575784, 0.00664837, 0.0210266, 0.141878, 69.55, 64.35, 72.15, 61.75, 74.65, 59.25, -0.486883
910, 905, 72.6, 72.1609, 64.5884, 6.29099, 0.00210686, 0.301002, 0.184656, 0.00748413, 0.559357, 0.0590401, 0.00580514, 0.0200253, 0.141987, 74.85, 69.45, 77.55, 66.75, 80.15, 64.15, 0.163477
920, 915, 64.4, 64.7061, 63.3545, 0.0869379, 0.00239663, 0.286633, 0.195564, 0.00701637, 0.545101, 0.0579915, 0.00614354, 0.0217231, 0.142118, 67.25, 62.15, 69.85, 59.55, 72.35, 57.15, -0.120332
930, 925, 62.2, 63.9023, 62.5109, 0.0831169, 0.00248718, 0.302515, 0.188942, 0.00467758, 0.560615, 0.0578962, 0.00655032, 0.0423578, 0.142213, 66.45, 61.35, 68.95, 58.85, 71.45, 56.35, -0.67341
940, 935, 57.7, 62.6246, 61.2144, 0.128073, 0.0027528, 0.30554, 0.186994, 0.00701637, 0.54531, 0.0608196, 0.00562903, 0.0256846, 0.14231, 65.15, 60.05, 67.65, 57.55, 70.15, 55.15, -1.96787
950, 945, 66.1, 62.1635, 60.7264, 0.101519, 0.00285845, 0.339573, 0.205693, 0.00537922, 0.550342, 0.0574831, 0.0108808, 0.020896, 0.142429, 64.75, 59.65, 67.15, 57.15, 69.65, 54.75, 1.57887
960, 955, 58.7, 61.0579, 59.1663, 0.600216, 0.00294296, 0.297977, 0.202187, 0.00654861, 0.548245, 0.0570382, 0.00567875, 0.0282095, 0.142592, 63.55, 58.55, 66.05, 56.05, 68.45, 53.65, -0.954234
970, 965, 61.1, 63.5764, 58.263, 4.01305, 0.00273469, 0.312347, 0.208031, 0.00608085, 0.542585, 0.0568158, 0.00583481, 0.0232467, 0.142679, 66.15, 61.05, 68.65, 58.45, 71.15, 56.05, -0.982158
980, 975, 60.2, 58.5488, 57.1916, 0.0455496, 0.00270149, 0.340329, 0.200239, 0.00584697, 0.540279, 0.0546233, 0.00600958, 0.0188064, 0.142817, 61.05, 56.05, 63.45, 53.65, 65.75, 51.35, 0.68242
990, 985, 58.3, 57.3486, 56.0149, 0.0519172, 0.00281921, 0.292683, 0.204914, 0.00631473, 0.54573, 0.0578962, 0.00594737, 0.0225937, 0.142936, 59.75, 54.95, 62.15, 52.55, 64.55, 50.15, 0.397266
1000, 995, 56.2, 56.2119, 54.8366, 0.0209733, 0.00297617, 0.347892, 0.230626, 0.00608085, 0.540908, 0.0544644, 0.00615315, 0.0222455, 0.14304, 58.65, 53.75, 60.95, 51.45, 63.25, 49.15, -0.00503632
1010, 1005, 56.5, 54.9752, 53.5967, 0.0246831, 0.00319953, 0.326716, 0.224393, 0.00771801, 0.562083, 0.058214, 0.00618015, 0.0222019, 0.143172, 57.35, 52.55, 59.75, 50.25, 61.95, 47.95, 0.650311
1020, 1015, 54.1, 54.1484, 52.7238, 0.0291268, 0.00306068, 0.338061, 0.230626, 0.00725025, 0.58787, 0.0563074, 0.00549641, 0.0235515, 0.143293, 56.55, 51.75, 58.85, 49.45, 61.15, 47.15, -0.0208036
1030, 1025, 51.5, 53.0622, 51.6632, 0.0420088, 0.00328706, 0.331254, 0.237248, 0.00841964, 0.549294, 0.0562438, 0.00596259, 0.0218537, 0.143419, 55.45, 50.75, 57.75, 48.45, 59.95, 46.15, -0.678175
1040, 1035, 50.2, 51.7555, 50.279, 0.0378876, 0.00332027, 0.406883, 0.242702, 0.00771801, 0.55181, 0.0550999, 0.00654682, 0.020983, 0.143513, 54.05, 49.45, 56.35, 47.15, 58.55, 44.95, -0.683739
1050, 1045, 51, 50.588, 49.1515, 0.0206864, 0.00325386, 0.356211, 0.266856, 0.00514534, 0.554325, 0.0558625, 0.0054377, 0.0250751, 0.143658, 52.85, 48.25, 55.15, 46.05, 57.35, 43.85, 0.183176
1060, 1055, 48.3, 49.3168, 47.8224, 0.0583493, 0.00339271, 0.394782, 0.255948, 0.00725025, 0.54552, 0.0541148, 0.00616767, 0.0251187, 0.143728, 51.55, 47.05, 53.75, 44.85, 55.95, 42.65, -0.457866
1070, 1065, 50.1, 48.2825, 46.7695, 0.0665029, 0.00339874, 0.413689, 0.242313, 0.00327431, 0.550342, 0.057356, 0.00693698, 0.0252928, 0.143874, 50.55, 46.05, 52.75, 43.85, 54.85, 41.75, 0.827157
1080, 1075, 45.2, 47.2433, 45.7344, 0.0179396, 0.00342289, 0.418983, 0.252831, 0.00537922, 0.565437, 0.0556719, 0.0225085, 0.0226808, 0.144016, 49.45, 45.05, 51.65, 42.85, 53.75, 40.75, -0.940057
1090, 1085, 46.2, 46.0711, 44.5535, 0.0269695, 0.0034893, 0.415958, 0.264518, 0.00631473, 0.548245, 0.0535746, 0.0307776, 0.0236385, 0.144116, 48.25, 43.85, 50.45, 41.75, 52.45, 39.65, 0.0600606
1100, 1095, 49, 44.8329, 43.2499, 0.0454473, 0.00375794, 0.481755, 0.271141, 0.00584697, 0.542165, 0.0550363, 0.00864788, 0.0250316, 0.144229, 46.95, 42.65, 49.15, 40.55, 51.15, 38.45, 1.96802
1110, 1105, 45.4, 43.8543, 42.1662, 0.117804, 0.00390886, 0.493099, 0.278153, 0.00818576, 0.55768, 0.0542419, 0.0059687, 0.0246833, 0.144365, 45.95, 41.75, 48.05, 39.65, 50.15, 37.55, 0.738116
1120, 1115, 42.5, 42.8565, 41.07, 0.0616076, 0.0037519, 0.498393, 0.288282, 0.00795188, 0.564808, 0.0544644, 0.0055965, 0.157199, 0.144476, 44.95, 40.75, 47.05, 38.65, 49.05, 36.65, -0.172229
1130, 1125, 39.1, 41.4937, 39.852, 0.0146212, 0.00378812, 0.515032, 0.291788, 0.00701637, 0.578855, 0.0547186, 0.00520627, 0.0260329, 0.144591, 43.55, 39.45, 45.65, 37.35, 47.55, 35.35, -1.1751
1140, 1135, 42.3, 40.2904, 38.5458, 0.0153841, 0.00392999, 0.587635, 0.322175, 0.00608085, 0.577807, 0.0566887, 0.00536652, 0.0248139, 0.144717, 42.35, 38.25, 44.35, 36.25, 46.25, 34.25, 1.00116
1150, 1145, 37.5, 39.2329, 37.3945, 0.0466728, 0.0038334, 0.594442, 0.343601, 0.00958904, 0.600869, 0.0557354, 0.00528777, 0.0335206, 0.144847, 41.25, 37.25, 43.25, 35.25, 45.15, 33.35, -0.874862
1160, 1155, 37.9, 38.1738, 36.3335, 0.0207331, 0.00412015, 0.618643, 0.361132, 0.00865352, 0.586193, 0.0542102, 0.00566418, 0.036002, 0.14497, 40.15, 36.15, 42.15, 34.25, 44.05, 32.35, -0.14013
1170, 1165, 39.6, 37.0705, 34.988, 0.0309061, 0.175724, 0.660239, 0.376325, 0.00912128, 0.596676, 0.0564663, 0.00613717, 0.0258587, 0.145056, 39.05, 35.05, 40.95, 33.15, 42.85, 31.35, 1.31375
1180, 1175, 35.9, 35.7584, 33.7926, 0.0160558, 0.0104619, 0.695784, 0.384896, 0.00958904, 0.611351, 0.0588495, 0.00616067, 0.0274695, 0.14521, 37.65, 33.85, 39.55, 31.95, 41.45, 30.05, 0.0748874
1190, 1185, 37.6, 34.771, 32.7603, 0.0128664, 0.00187142, 0.735868, 0.409049, 0.00818576, 0.605691, 0.0580869, 0.00645004, 0.0273389, 0.145278, 36.65, 32.85, 38.55, 31.05, 40.35, 29.15, 1.51713
1200, 1195, 40.4, 33.7873, 31.6457, 0.0133024, 0.00179596, 0.834941, 0.409828, 0.0112262, 0.635671, 0.0565616, 0.00628909, 0.0265117, 0.145436, 35.65, 31.95, 37.55, 30.05, 39.25, 28.25, 3.59753
1210, 1205, 36.6, 32.7769, 30.4722, 0.0130288, 0.00191368, 0.906032, 0.481899, 0.00958904, 0.656637, 0.057642, 0.00622624, 0.026207, 0.145585, 34.65, 30.95, 36.45, 29.15, 38.15, 27.35, 2.11169
1220, 1215, 34.4, 31.6053, 29.2173, 0.0142098, 0.00196198, 0.958973, 0.511896, 0.00912128, 0.652444, 0.0584046, 0.00676488, 0.0286449, 0.145679, 33.45, 29.75, 35.25, 28.05, 36.95, 26.25, 1.57198
1230, 1225, 33.1, 31.0793, 28.5283, 0.016852, 0.00186539, 1.05426, 0.546178, 0.0109923, 0.679699, 0.0583411, 0.00639268, 0.0306039, 0.145782, 32.85, 29.25, 34.65, 27.55, 36.35, 25.75, 1.14624
1240, 1235, 31.9, 29.9574, 27.2589, 0.0260887, 0.00178389, 1.10267, 0.582018, 0.0114601, 0.683682, 0.0581504, 0.00661985, 0.0801012, 0.145957, 31.75, 28.15, 33.45, 26.45, 35.15, 24.75, 1.12233
1250, 1245, 27, 28.7121, 26.1909, 0.0565033, 0.00185331, 0.975611, 0.499819, 0.0149683, 0.729177, 0.0596121, 0.00740157, 0.0302121, 0.146025, 30.45, 26.95, 32.15, 25.25, 33.75, 23.65, -1.0104
1260, 1255, 28.7, 27.6714, 25.1945, 0.014559, 0.00157562, 0.953679, 0.519687, 0.0107584, 0.731902, 0.0601523, 0.00730626, 0.0310827, 0.146186, 29.35, 25.95, 31.05, 24.35, 32.65, 22.65, 0.618332
1270, 1265, 27.8, 26.69, 24.19, 0.0148348, 0.00179898, 0.954435, 0.517739, 0.015436, 0.7514, 0.0622813, 0.00786979, 0.0279048, 0.146314, 28.35, 25.05, 29.95, 23.35, 31.55, 21.75, 0.679413
1280, 1275, 28, 25.63, 23.0278, 0.0180753, 0.00175974, 0.971073, 0.552411, 0.0168393, 0.778865, 0.0639972, 0.00848719, 0.0441862, 0.146435, 27.25, 23.95, 28.85, 22.35, 30.45, 20.85, 1.48041
1290, 1285, 24.6, 25.0088, 22.2967, 0.044462, 0.00173861, 0.999812, 0.573058, 0.013565, 0.831698, 0.0632664, 0.00825926, 0.0296461, 0.146581, 26.65, 23.35, 28.25, 21.85, 29.75, 20.25, -0.258474
1300, 1295, 26.5, 23.9794, 21.1812, 0.0149571, 0.00200423, 1.09057, 0.587472, 0.0180087, 0.833375, 0.0670795, 0.00897057, 0.0290802, 0.146703, 25.55, 22.35, 27.15, 20.85, 28.65, 19.35, 1.62775
1310, 1305, 24.3, 23.0277, 20.2065, 0.015998, 0.00205555, 1.12157, 0.615521, 0.0177748, 0.798992, 0.0630122, 0.00875645, 0.030778, 0.146799, 24.55, 21.45, 26.15, 19.95, 27.55, 18.45, 0.838406
1320, 1315, 24.4, 22.0413, 19.2765, 0.016792, 0.00211591, 1.11023, 0.596432, 0.0130972, 0.774043, 0.0633935, 0.00936557, 0.0323887, 0.146924, 23.55, 20.55, 25.05, 19.05, 26.45, 17.55, 1.58878
1330, 1325, 22.3, 21.4594, 18.4802, 0.0171011, 0.150855, 1.11174, 0.65253, 0.0166054, 0.78159, 0.0607243, 0.0101128, 0.0309086, 0.147047, 22.95, 19.95, 24.45, 18.45, 25.85, 17.05, 0.573846
1340, 1335, 21.3, 20.2449, 17.4073, 0.0206997, 0.00212799, 1.06107, 0.68058, 0.0133311, 0.808636, 0.0618682, 0.00996635, 0.0321275, 0.14717, 21.75, 18.75, 23.15, 17.35, 24.55, 15.95, 0.741568
1350, 1345, 21.3, 19.5731, 16.7365, 0.0205863, 0.000353156, 1.02401, 0.711356, 0.0161376, 0.814087, 0.0602794, 0.0106798, 0.0317793, 0.147299, 21.05, 18.15, 22.45, 16.75, 23.75, 15.35, 1.23436
1360, 1355, 19.4, 18.6856, 15.8543, 0.0260465, 0.000413524, 1.02779, 0.674346, 0.0166054, 0.832117, 0.0612645, 0.0114034, 0.0339559, 0.147406, 20.15, 17.25, 21.45, 15.95, 22.75, 14.55, 0.522616
1370, 1365, 19.4, 17.9959, 15.0559, 0.0505027, 0.000455782, 1.07317, 0.703175, 0.0152021, 0.834633, 0.0622178, 0.0118909, 0.0412695, 0.14754, 19.35, 16.65, 20.75, 15.25, 22.05, 13.95, 1.04666
1380, 1375, 18.9, 17.9965, 14.448, 0.0278146, 0.00040145, 1.02401, 0.684475, 0.0184764, 0.866291, 0.0630439, 0.0124199, 0.703889, 0.147658, 19.35, 16.65, 20.75, 15.25, 22.05, 13.95, 0.673513
1390, 1385, 16.1, 16.3732, 13.53, 0.0188292, 0.000422579, 0.973342, 0.692656, 0.017307, 0.885579, 0.0631393, 0.0129461, 0.0311263, 0.147792, 17.75, 15.05, 18.95, 13.75, 20.25, 12.55, -0.21349
1400, 1395, 15.5, 15.7074, 12.7804, 0.0197856, 0.00044069, 1.00586, 0.738625, 0.017307, 0.881386, 0.0642832, 0.0127189, 0.0386575, 0.147904, 17.05, 14.45, 18.25, 13.15, 19.45, 11.95, -0.16548
1410, 1405, 15.5, 15.0698, 12.1446, 0.019194, 0.000422579, 0.970317, 0.803684, 0.0170732, 0.840294, 0.0623131, 0.0124289, 0.0514563, 0.148038, 16.35, 13.75, 17.55, 12.55, 18.75, 11.35, 0.350451
1420, 1415, 13.8, 14.4302, 11.3992, 0.0196455, 0.000392395, 1.0641, 0.836408, 0.0163715, 0.838826, 0.0632664, 0.0123039, 0.0315616, 0.148122, 15.65, 13.15, 16.85, 11.95, 18.05, 10.85, -0.524613
1430, 1425, 11.8, 13.8635, 10.6279, 0.038408, 0.000446727, 1.09586, 0.96107, 0.0152021, 0.871742, 0.0620271, 0.0126278, 0.0299073, 0.148281, 15.05, 12.65, 16.25, 11.45, 17.45, 10.35, -1.75254
1440, 1435, 12.7, 13.5113, 10.1175, 0.0196944, 0.000410506, 1.20023, 1.05496, 0.0121617, 0.853921, 0.0611056, 0.0132058, 0.0296461, 0.148432, 14.75, 12.35, 15.85, 11.15, 17.05, 10.05, -0.697957
1450, 1445, 11.7, 13.1277, 9.45074, 0.022519, 0.0004588, 1.30762, 1.2213, 0.0152021, 0.857066, 0.0588495, 0.013145, 0.0322146, 0.148528, 14.35, 11.95, 15.45, 10.75, 16.55, 9.65, -1.24603
1460, 1455, 163.2, 154.796, 8.9484, 0.140165, 0.000479929, 97.5202, 47.0134, 0.0152021, 0.901932, 0.0598345, 0.013493, 0.0337383, 0.148654, 158.75, 150.85, 162.65, 146.85, 166.55, 143.05, 2.13615
1472.5, 1465, 9.13333, 9.3855, 8.15125, 0.0246816, 0.00044069, 0.023697, 0.00259714, 0.0171511, 0.909479, 0.0585529, 0.0139187, 0.0349137, 0.148819, 10.2333, 8.56667, 10.9667, 7.76667, 11.7667, 7.03333, -0.318794
1487.5, 1480, 7.93333, 8.69714, 7.37634, 0.0313761, 0.000488985, 0, 0, 0.0168393, 1.009, 0.0606501, 0.0145208, 0.0389187, 0.14901, 9.5, 7.9, 10.2333, 7.16667, 10.9667, 6.43333, -1.00309
1502.5, 1495, 6.13333, 8.0879, 6.62638, 0.122699, 0.000420567, 0, 0, 0.0188662, 1.04673, 0.0585953, 0.0150447, 0.0499471, 0.149218, 8.83333, 7.3, 9.56667, 6.56667, 10.3, 5.9, -2.66182
1515, 1510, 8, 7.68702, 5.97603, 0.0155087, 0.000422579, 0, 0, 0.0219846, 1.2097, 0.0653001, 0.199682, 0.0490184, 0.14937, 8.65, 6.75, 9.45, 5.85, 10.35, 5.05, 0.356978
1525, 1520, 58, 54.3904, 5.5884, 0.0153908, 0.000356174, 0, 0, 1.34013, 45.4299, 1.80835, 0.0114711, 0.0468418, 0.149485, 56.75, 52.05, 59.05, 49.65, 61.35, 47.45, 1.54776
1537.5, 1530, 5.86667, 5.38464, 5.0531, 0.0210845, 0.000392395, 0, 0, 0.000155919, 0.00964409, 0.0429402, 0.0109165, 0.0967599, 0.149642, 6.03333, 4.76667, 6.63333, 4.16667, 7.16667, 3.56667, 0.804524
1552.5, 1545, 5, 4.76308, 4.46233, 0.0383435, 0.000495021, 0, 0, 0.000155919, 0.00838616, 0.0428131, 0.0103926, 0.0502954, 0.149871, 5.36667, 4.16667, 5.9, 3.63333, 6.5, 3.03333, 0.420432
1567.5, 1560, 5.06667, 4.22311, 3.94584, 0.0194965, 0.000531243, 0, 0, 0, 0.00754755, 0.0412667, 0.0106785, 0.0477124, 0.150038, 4.76667, 3.63333, 5.3, 3.1, 5.83333, 2.63333, 1.5898
1582.5, 1575, 3.66667, 4.18357, 3.47983, 0.445965, 0.000470874, 0, 0, 0.000155919, 0.00601008, 0.0398473, 0.0112747, 0.049831, 0.150191, 4.76667, 3.63333, 5.3, 3.1, 5.76667, 2.56667, -0.978781
1597.5, 1590, 2.8, 3.33431, 3.03975, 0.0307208, 0.000462825, 0, 0, 0, 0.0068487, 0.0401015, 0.0117125, 0.0543295, 0.150381, 3.83333, 2.83333, 4.3, 2.36667, 4.76667, 1.9, -1.13327
1612.5, 1605, 3.26667, 3.0294, 2.60568, 0.00985426, 0.000428616, 0, 0, 0.000779596, 0.0068487, 0.0376654, 0.165414, 0.0521818, 0.150549, 3.5, 2.56667, 3.96667, 2.16667, 4.43333, 1.76667, 0.544604
1627.5, 1620, 2.93333, 3.16061, 2.22712, 0.242808, 0.000362211, 0, 0, 0.000311839, 0.00614985, 0.0390635, 0.440539, 0.0535169, 0.150738, 3.63333, 2.7, 4.1, 2.23333, 4.56667, 1.83333, -0.476878
1642.5, 1635, 2.13333, 2.23088, 1.91244, 0.0708065, 0.000402456, 0, 0, 0.000311839, 0.00601008, 0.0364579, 0.00208469, 0.0514273, 0.150931, 2.63333, 1.83333, 3.03333, 1.43333, 3.5, 1.16667, -0.226118
1657.5, 1650, 2.13333, 1.94457, 1.62468, 0.00390108, 0.000438678, 0, 0, 0, 0.00754755, 0.0367756, 0.00202068, 0.118091, 0.15111, 2.3, 1.56667, 2.7, 1.23333, 3.1, 0.966667, 0.545002
1672.5, 1665, 1.73333, 1.68364, 1.39127, 0.0280563, 0.000394407, 0, 0, 0.000155919, 0.00698847, 0.0376866, 0.0194478, 0.0483509, 0.151289, 2.03333, 1.3, 2.36667, 1.03333, 2.76667, 0.766667, 0.179598
1687.5, 1680, 1.66667, 1.40696, 1.13643, 0.0126388, 0.000394407, 0, 0, 0.000155919, 0.00712824, 0.0376018, 0.00934294, 0.0518045, 0.151459, 1.7, 1.03333, 2.03333, 0.766667, 2.36667, 0.566667, 0.856313
1702.5, 1695, 1.6, 1.20074, 0.947558, 0.00665007, 0.000418555, 0, 0, 0.000311839, 0.00587031, 0.0362884, 0.00165518, 0.0503244, 0.151662, 1.5, 0.9, 1.76667, 0.633333, 2.1, 0.433333, 1.37461
1717.5, 1710, 1, 1.00925, 0.757758, 0.0040108, 0.000392395, 0, 0, 0, 0.00531124, 0.0358647, 0.00164873, 0.052443, 0.151823, 1.23333, 0.7, 1.56667, 0.5, 1.83333, 0.3, 0.0062551
1730, 1725, 1.5, 1.53146, 0.655955, 0.00252658, 0.000338063, 0, 0, 0, 0.00545101, 0.035208, 0.00139989, 0.678596, 0.151982, 1.85, 1.05, 2.35, 0.75, 2.75, 0.45, -0.0387184
1747.5, 1735, 1.04, 0.756341, 0.510382, 0.00480406, 0.000356174, 0, 0, 0.000187103, 0.00511556, 0.0344072, 0.00181578, 0.0470681, 0.152205, 0.94, 0.58, 1.14, 0.42, 1.3, 0.26, 1.57262
1765, 1760, 2.4, 3.54459, 0.364323, 0.000698368, 0.000389377, 0, 0, 0.000233879, 0.00566066, 0.0325388, 0.00156632, 2.98677, 0.152408, 4.15, 2.95, 4.75, 2.35, 5.45, 1.85, -2.01488
1806.5, 1770, 0.424658, 0.411384, 0.193576, 0.00230789, 0.00034195, 0, 0, 0.000128153, 0.00585883, 0.0320983, 0.00991478, 0.0142288, 0.152929, 0.486301, 0.335616, 0.568493, 0.267123, 0.650685, 0.19863, 0.205192
1848, 1843, 0.5, 0.715688, 0.0723448, 0.0016703, 0.000365229, 0, 0, 0, 0.00628962, 0.0321575, 0.000826039, 0.448566, 0.153468, 0.95, 0.35, 1.25, 0.15, 1.65, 0.05, -0.78299
1933.5, 1853, 0.236025, 0.227004, 0.0129261, 0.00238559, 0.00035115, 0, 0, 4.35799e-05, 0.0113682, 0.0275742, 0.000922106, 0.0169563, 0.154477, 0.263975, 0.18323, 0.307453, 0.152174, 0.34472, 0.121118, 0.26515
2039, 2014, 0.02, 0.202133, 0, 7.73988e-05, 0.000392395, 0, 0, 9.35516e-05, 0.00150951, 0.0238766, 0.000997601, 0.0194158, 0.155771, 0.27, 0.13, 0.33, 0.07, 0.41, 0.03, -3.9
2132, 2064, 0.191176, 0.217433, 0, 1.47183e-06, 0.000497152, 0, 0, 3.4394e-05, 0.00206571, 0.0206592, 0.00117972, 0.0360141, 0.156981, 0.253676, 0.172794, 0.297794, 0.136029, 0.349265, 0.106618, -0.639115
2204, 2200, 1.625, 1.48888, 0, 0, 0.00066028, 0, 0, 0, 0.00393101, 0.0165236, 0.00131054, 1.30855, 0.157905, 1.9375, 1.0625, 2.4375, 0.6875, 2.9375, 0.3125, 0.356181
2409, 2208, 0.129353, 0.193297, 0, 0, 0.00172696, 0, 0, 6.39967e-05, 0.00281625, 0.0121295, 0.00237964, 0.0134639, 0.160717, 0.217662, 0.170398, 0.237562, 0.14801, 0.25995, 0.128109, -2.91607
2615, 2610, 0.6, 0.387153, 0, 0, 0, 0, 0, 0, 0.000209654, 0.00610103, 0.216835, 0.000304733, 0.163702, 0.55, 0.15, 0.85, 0.05, 1.05, 0, 1.04835
3560, 2620, 0.181915, 0.195915, 0, 0, 0, 0, 0, 2.48807e-06, 0.000140513, 0.000670004, 0.00175449, 0.000301722, 0.193046, 0.206117, 0.185372, 0.216755, 0.175266, 0.22633, 0.16516, -1.37148
4880, 4500, 0.797368, 0.728598, 0, 0, 0, 0, 0, 0, 0, 0, 0, 0, 0.728598, 0.759868, 0.696711, 0.791447, 0.666447, 0.821711, 0.636184, 2.22108
5279.4, 5260, 0.00526316, 0.00753077, 0, 0, 0, 0, 0, 0, 0, 0, 0, 0, 0.00753077, 0.00986842, 0.00328947, 0.0138158, 0.000657895, 0.0177632, 0, -0.683838
