lowedge, bincontent
0, 0
0, 1e-06
1, 1e-06
2, 1e-06
3, 1e-06
4, 1e-06
5, 1e-06
6, 1e-06
7, 1e-06
8, 1e-06
9, 1e-06
10, 1e-06
11, 1e-06
12, 1e-06
13, 1e-06
14, 1e-06
15, 1e-06
16, 1e-06
17, 1e-06
18, 1e-06
19, 1e-06
20, 1e-06
21, 1e-06
22, 1e-06
23, 1e-06
24, 1e-06
25, 1e-06
26, 1e-06
27, 1e-06
28, 1e-06
29, 1e-06
30, 1e-06
31, 1e-06
32, 1e-06
33, 1e-06
34, 1e-06
35, 1e-06
36, 1e-06
37, 1e-06
38, 1e-06
39, 1e-06
40, 1e-06
41, 1e-06
42, 1e-06
43, 1e-06
44, 1e-06
45, 1e-06
46, 1e-06
47, 1e-06
48, 1e-06
49, 1e-06
50, 1e-06
51, 1e-06
52, 1e-06
53, 1e-06
54, 1e-06
55, 1e-06
56, 1e-06
57, 1e-06
58, 1e-06
59, 1e-06
60, 1e-06
61, 1e-06
62, 1e-06
63, 1e-06
64, 1e-06
65, 1e-06
66, 1e-06
67, 1e-06
68, 1e-06
69, 1e-06
70, 1e-06
71, 1e-06
72, 1e-06
73, 1e-06
74, 1e-06
75, 1e-06
76, 1e-06
77, 1e-06
78, 1e-06
79, 1e-06
80, 1e-06
81, 1e-06
82, 1e-06
83, 1e-06
84, 1e-06
85, 1e-06
86, 1e-06
87, 1e-06
88, 1e-06
89, 1e-06
90, 1e-06
91, 1e-06
92, 1e-06
93, 1e-06
94, 1e-06
95, 1e-06
96, 1e-06
97, 1e-06
98, 1e-06
99, 1e-06
100, 1e-06
101, 1e-06
102, 1e-06
103, 1e-06
104, 1e-06
105, 1e-06
106, 1e-06
107, 1e-06
108, 1e-06
109, 1e-06
110, 1e-06
111, 1e-06
112, 1e-06
113, 1e-06
114, 1e-06
115, 1e-06
116, 1e-06
117, 1e-06
118, 1e-06
119, 1e-06
120, 1e-06
121, 1e-06
122, 1e-06
123, 1e-06
124, 1e-06
125, 1e-06
126, 1e-06
127, 1e-06
128, 1e-06
129, 1e-06
130, 1e-06
131, 1e-06
132, 1e-06
133, 1e-06
134, 1e-06
135, 1e-06
136, 1e-06
137, 1e-06
138, 1e-06
139, 1e-06
140, 1e-06
141, 1e-06
142, 1e-06
143, 1e-06
144, 1e-06
145, 1e-06
146, 1e-06
147, 1e-06
148, 1e-06
149, 1e-06
150, 1e-06
151, 1e-06
152, 1e-06
153, 1e-06
154, 1e-06
155, 1e-06
156, 1e-06
157, 1e-06
158, 1e-06
159, 1e-06
160, 1e-06
161, 1e-06
162, 1e-06
163, 1e-06
164, 1e-06
165, 1e-06
166, 1e-06
167, 1e-06
168, 1e-06
169, 1e-06
170, 1e-06
171, 1e-06
172, 1e-06
173, 1e-06
174, 1e-06
175, 1e-06
176, 1e-06
177, 1e-06
178, 1e-06
179, 1e-06
180, 1e-06
181, 1e-06
182, 1e-06
183, 1e-06
184, 1e-06
185, 1e-06
186, 1e-06
187, 1e-06
188, 1e-06
189, 1e-06
190, 1e-06
191, 1e-06
192, 1e-06
193, 1e-06
194, 1e-06
195, 1e-06
196, 1e-06
197, 1e-06
198, 1e-06
199, 1e-06
200, 1e-06
201, 1e-06
202, 1e-06
203, 1e-06
204, 1e-06
205, 1e-06
206, 1e-06
207, 1e-06
208, 1e-06
209, 1e-06
210, 1e-06
211, 1e-06
212, 1e-06
213, 1e-06
214, 1e-06
215, 1e-06
216, 1e-06
217, 1e-06
218, 1e-06
219, 1e-06
220, 1e-06
221, 1e-06
222, 1e-06
223, 1e-06
224, 1e-06
225, 1e-06
226, 1e-06
227, 1e-06
228, 1e-06
229, 1e-06
230, 1e-06
231, 1e-06
232, 1e-06
233, 1e-06
234, 1e-06
235, 1e-06
236, 1e-06
237, 1e-06
238, 1e-06
239, 1e-06
240, 1e-06
241, 1e-06
242, 1e-06
243, 1e-06
244, 1e-06
245, 1e-06
246, 1e-06
247, 1e-06
248, 1e-06
249, 1e-06
250, 1e-06
251, 1e-06
252, 1e-06
253, 1e-06
254, 1e-06
255, 1e-06
256, 1e-06
257, 1e-06
258, 1e-06
259, 1e-06
260, 1e-06
261, 1e-06
262, 1e-06
263, 1e-06
264, 1e-06
265, 1e-06
266, 1e-06
267, 1e-06
268, 1e-06
269, 1e-06
270, 1e-06
271, 1e-06
272, 1e-06
273, 1e-06
274, 1e-06
275, 1e-06
276, 1e-06
277, 1e-06
278, 1e-06
279, 1e-06
280, 1e-06
281, 1e-06
282, 1e-06
283, 1e-06
284, 1e-06
285, 1e-06
286, 1e-06
287, 1e-06
288, 1e-06
289, 1e-06
290, 1e-06
291, 1e-06
292, 1e-06
293, 1e-06
294, 1e-06
295, 1e-06
296, 1e-06
297, 1e-06
298, 1e-06
299, 1e-06
300, 1e-06
301, 1e-06
302, 1e-06
303, 1e-06
304, 1e-06
305, 1e-06
306, 1e-06
307, 1e-06
308, 1e-06
309, 1e-06
310, 1e-06
311, 1e-06
312, 1e-06
313, 1e-06
314, 1e-06
315, 1e-06
316, 1e-06
317, 1e-06
318, 1e-06
319, 1e-06
320, 1e-06
321, 1e-06
322, 1e-06
323, 1e-06
324, 1e-06
325, 1e-06
326, 1e-06
327, 1e-06
328, 1e-06
329, 1e-06
330, 1e-06
331, 1e-06
332, 1e-06
333, 1e-06
334, 1e-06
335, 1e-06
336, 1e-06
337, 1e-06
338, 1e-06
339, 1e-06
340, 1e-06
341, 1e-06
342, 1e-06
343, 1e-06
344, 1e-06
345, 1e-06
346, 1e-06
347, 1e-06
348, 1e-06
349, 1e-06
350, 1e-06
351, 1e-06
352, 1e-06
353, 1e-06
354, 1e-06
355, 1e-06
356, 1e-06
357, 1e-06
358, 1e-06
359, 1e-06
360, 1e-06
361, 1e-06
362, 1e-06
363, 1e-06
364, 1e-06
365, 1e-06
366, 1e-06
367, 1e-06
368, 1e-06
369, 1e-06
370, 1e-06
371, 1e-06
372, 1e-06
373, 1e-06
374, 1e-06
375, 1e-06
376, 1e-06
377, 1e-06
378, 1e-06
379, 1e-06
380, 1e-06
381, 1e-06
382, 1e-06
383, 1e-06
384, 1e-06
385, 1e-06
386, 1e-06
387, 1e-06
388, 1e-06
389, 1e-06
390, 1e-06
391, 1e-06
392, 1e-06
393, 1e-06
394, 1e-06
395, 1e-06
396, 1e-06
397, 1e-06
398, 1e-06
399, 1e-06
400, 1e-06
401, 1e-06
402, 1e-06
403, 1e-06
404, 1e-06
405, 1e-06
406, 1e-06
407, 1e-06
408, 1e-06
409, 1e-06
410, 1e-06
411, 1e-06
412, 1e-06
413, 1e-06
414, 1e-06
415, 1e-06
416, 1e-06
417, 1e-06
418, 1e-06
419, 1e-06
420, 1e-06
421, 1e-06
422, 1e-06
423, 1e-06
424, 1e-06
425, 1e-06
426, 1e-06
427, 1e-06
428, 1e-06
429, 1e-06
430, 1e-06
431, 1e-06
432, 1e-06
433, 1e-06
434, 1e-06
435, 1e-06
436, 1e-06
437, 1e-06
438, 1e-06
439, 1e-06
440, 1e-06
441, 1e-06
442, 1e-06
443, 1e-06
444, 1e-06
445, 1e-06
446, 1e-06
447, 1e-06
448, 1e-06
449, 1e-06
450, 1e-06
451, 1e-06
452, 1e-06
453, 1e-06
454, 1e-06
455, 1e-06
456, 1e-06
457, 1e-06
458, 1e-06
459, 1e-06
460, 1e-06
461, 1e-06
462, 1e-06
463, 1e-06
464, 1e-06
465, 1e-06
466, 1e-06
467, 1e-06
468, 1e-06
469, 1e-06
470, 1e-06
471, 1e-06
472, 1e-06
473, 1e-06
474, 1e-06
475, 1e-06
476, 1e-06
477, 1e-06
478, 1e-06
479, 1e-06
480, 1e-06
481, 1e-06
482, 1e-06
483, 1e-06
484, 1e-06
485, 1e-06
486, 1e-06
487, 1e-06
488, 1e-06
489, 1e-06
490, 1e-06
491, 1e-06
492, 1e-06
493, 1e-06
494, 1e-06
495, 1e-06
496, 1e-06
497, 1e-06
498, 1e-06
499, 1e-06
500, 173
501, 170
502, 191
503, 143
504, 193
505, 179
506, 186
507, 185
508, 166
509, 191
510, 171
511, 180
512, 194
513, 230
514, 226
515, 207
516, 183
517, 176
518, 156
519, 196
520, 201
521, 193
522, 164
523, 189
524, 174
525, 186
526, 173
527, 162
528, 172
529, 182
530, 196
531, 214
532, 174
533, 185
534, 170
535, 187
536, 173
537, 194
538, 165
539, 161
540, 188
541, 183
542, 182
543, 177
544, 182
545, 190
546, 198
547, 187
548, 183
549, 168
550, 177
551, 203
552, 175
553, 180
554, 146
555, 166
556, 182
557, 185
558, 181
559, 194
560, 174
561, 171
562, 157
563, 182
564, 178
565, 165
566, 211
567, 177
568, 185
570, 191
571, 210
572, 171
573, 176
574, 196
575, 199
576, 188
577, 157
578, 186
579, 175
580, 201
581, 229
582, 191
583, 180
584, 179
585, 183
586, 185
587, 206
588, 192
589, 219
590, 158
591, 198
592, 189
593, 183
594, 167
595, 178
596, 188
597, 170
598, 181
599, 191
600, 219
601, 191
602, 177
603, 212
604, 207
605, 194
606, 226
607, 185
608, 196
609, 203
610, 200
611, 182
612, 187
613, 197
614, 179
615, 182
616, 204
617, 182
618, 195
619, 188
620, 185
621, 200
622, 179
623, 191
624, 183
625, 180
626, 171
627, 189
628, 171
629, 199
630, 210
631, 167
632, 172
633, 218
634, 200
635, 207
636, 211
637, 189
638, 209
639, 208
640, 195
641, 222
642, 183
643, 195
644, 187
645, 194
646, 182
647, 186
648, 190
649, 185
650, 200
651, 192
652, 201
654, 234
655, 202
656, 201
657, 209
658, 201
659, 181
660, 191
661, 239
662, 212
663, 197
665, 182
667, 198
668, 193
670, 195
671, 201
672, 213
673, 197
674, 195
675, 218
676, 201
677, 196
678, 193
679, 186
680, 192
681, 205
682, 178
683, 199
684, 186
685, 172
686, 191
687, 196
688, 180
689, 199
690, 192
691, 204
692, 187
693, 204
694, 217
695, 214
696, 215
697, 189
699, 191
700, 210
701, 182
702, 197
703, 224
704, 191
705, 189
706, 188
707, 178
708, 208
709, 229
710, 223
711, 203
712, 188
714, 191
715, 204
716, 213
717, 165
718, 179
719, 201
720, 184
721, 205
722, 206
723, 195
724, 209
725, 172
726, 215
727, 187
728, 212
729, 193
730, 188
731, 182
732, 195
733, 182
734, 207
735, 194
736, 219
737, 184
738, 192
739, 201
740, 183
741, 177
742, 193
743, 180
744, 193
745, 188
746, 196
747, 171
748, 178
749, 227
750, 212
751, 167
752, 178
753, 208
754, 190
755, 174
756, 199
757, 173
758, 170
759, 156
760, 172
761, 207
762, 226
763, 179
764, 174
765, 190
766, 191
767, 199
768, 173
769, 205
770, 178
771, 207
772, 201
773, 206
774, 172
775, 185
776, 179
777, 204
778, 180
779, 202
780, 215
781, 197
782, 211
783, 190
784, 182
785, 194
786, 200
787, 212
788, 180
789, 172
790, 193
791, 166
792, 178
793, 176
794, 181
795, 194
796, 179
797, 180
798, 185
799, 188
800, 177
801, 166
802, 196
803, 207
804, 188
805, 182
806, 174
807, 170
808, 156
809, 199
810, 201
811, 184
812, 183
813, 165
814, 173
815, 181
816, 173
817, 187
818, 199
819, 193
820, 157
821, 172
822, 191
823, 188
824, 177
825, 198
826, 179
829, 182
830, 172
831, 188
832, 178
833, 171
834, 195
835, 175
836, 191
837, 182
838, 180
839, 189
840, 195
841, 180
842, 151
843, 215
844, 198
845, 156
846, 204
847, 171
848, 178
849, 205
850, 158
851, 181
852, 155
853, 177
855, 186
856, 190
857, 197
858, 161
859, 179
860, 171
861, 177
862, 164
863, 186
864, 150
865, 171
866, 164
867, 187
868, 183
869, 189
870, 180
871, 162
872, 193
873, 167
874, 155
875, 185
876, 209
877, 167
878, 180
879, 169
880, 198
881, 151
882, 174
883, 188
884, 154
885, 164
886, 184
887, 156
888, 167
889, 188
890, 174
891, 185
892, 164
893, 170
894, 163
895, 169
896, 160
897, 175
898, 168
899, 157
900, 185
901, 179
902, 151
903, 171
904, 160
905, 171
906, 182
907, 195
908, 171
909, 162
910, 170
911, 163
912, 165
913, 148
914, 166
915, 163
916, 188
917, 151
918, 166
919, 174
920, 144
921, 154
922, 183
923, 164
925, 159
926, 152
927, 172
928, 152
929, 166
930, 182
931, 155
932, 165
933, 152
934, 146
935, 152
936, 134
937, 157
938, 164
939, 148
940, 156
941, 142
942, 136
943, 153
944, 148
945, 157
946, 163
947, 180
948, 165
949, 157
950, 168
951, 152
952, 177
953, 152
955, 151
956, 173
957, 164
958, 158
959, 155
960, 157
961, 146
962, 153
963, 159
964, 164
965, 135
966, 139
967, 164
968, 161
969, 148
970, 145
971, 152
972, 168
973, 157
974, 132
975, 168
976, 138
977, 141
978, 181
979, 140
980, 165
981, 162
982, 135
983, 148
984, 139
985, 161
986, 144
987, 141
988, 156
989, 150
990, 160
991, 131
992, 138
993, 161
994, 125
995, 148
996, 155
997, 133
998, 117
999, 160
1000, 149
1001, 168
1002, 139
1003, 162
1004, 154
1005, 123
1006, 149
1007, 163
1008, 124
1009, 118
1010, 160
1011, 126
1012, 155
1013, 125
1014, 137
1015, 138
1016, 130
1017, 145
1018, 143
1020, 137
1021, 143
1022, 135
1023, 123
1024, 128
1025, 136
1026, 151
1027, 125
1028, 121
1029, 142
1030, 133
1031, 122
1033, 149
1034, 114
1035, 131
1036, 128
1037, 140
1038, 137
1039, 126
1040, 124
1041, 139
1042, 125
1043, 147
1044, 142
1045, 125
1046, 122
1047, 129
1048, 122
1049, 137
1050, 136
1051, 122
1052, 118
1053, 131
1054, 118
1055, 128
1056, 133
1057, 119
1058, 117
1060, 125
1061, 130
1062, 129
1063, 143
1064, 116
1065, 128
1066, 119
1067, 124
1068, 146
1069, 135
1070, 114
1071, 121
1072, 127
1073, 116
1074, 133
1075, 111
1076, 131
1079, 112
1080, 123
1081, 133
1082, 125
1083, 112
1084, 135
1085, 123
1086, 119
1087, 114
1088, 101
1089, 102
1090, 126
1091, 123
1092, 128
1093, 116
1094, 111
1095, 121
1096, 114
1097, 126
1098, 109
1099, 121
1100, 115
1101, 112
1102, 138
1103, 104
1104, 100
1105, 123
1106, 120
1108, 111
1109, 116
1110, 119
1111, 112
1112, 132
1113, 106
1114, 91
1115, 117
1116, 112
1117, 99
1118, 111
1119, 133
1120, 119
1122, 105
1124, 112
1125, 118
1126, 105
1127, 107
1128, 114
1129, 89
1130, 116
1131, 107
1132, 93
1134, 111
1135, 106
1136, 109
1137, 127
1138, 90
1139, 101
1140, 107
1141, 98
1142, 97
1143, 100
1144, 87
1145, 96
1146, 112
1147, 91
1148, 88
1149, 100
1150, 94
1151, 104
1153, 94
1154, 96
1155, 97
1156, 94
1157, 104
1158, 109
1159, 93
1160, 98
1161, 99
1162, 75
1163, 99
1164, 90
1165, 68
1166, 109
1168, 104
1169, 101
1170, 89
1171, 117
1172, 97
1173, 91
1174, 98
1175, 93
1176, 98
1177, 83
1178, 89
1179, 81
1180, 91
1181, 88
1182, 97
1183, 111
1184, 88
1185, 86
1186, 99
1187, 96
1188, 91
1189, 103
1190, 108
1191, 102
1192, 83
1193, 78
1194, 115
1195, 92
1196, 97
1197, 105
1198, 79
1199, 89
1200, 84
1201, 81
1202, 99
1203, 119
1204, 99
1205, 94
1206, 99
1207, 67
1208, 78
1209, 93
1210, 87
1211, 96
1212, 72
1213, 91
1215, 88
1216, 74
1217, 81
1218, 86
1219, 78
1220, 100
1221, 78
1222, 93
1223, 92
1224, 100
1225, 83
1226, 67
1227, 81
1228, 78
1229, 80
1230, 86
1231, 87
1232, 91
1233, 86
1234, 91
1235, 59
1236, 88
1237, 87
1238, 85
1239, 88
1240, 75
1241, 83
1242, 71
1243, 74
1244, 64
1245, 75
1246, 62
1248, 67
1249, 74
1250, 67
1251, 71
1252, 72
1253, 68
1254, 79
1255, 65
1256, 57
1257, 60
1258, 77
1261, 72
1262, 62
1263, 86
1264, 62
1265, 63
1266, 65
1267, 60
1268, 58
1269, 66
1270, 73
1271, 54
1272, 72
1273, 56
1274, 57
1275, 72
1276, 68
1277, 63
1278, 46
1279, 58
1280, 75
1281, 67
1282, 68
1283, 61
1284, 70
1285, 60
1286, 61
1287, 62
1288, 73
1290, 72
1291, 61
1292, 72
1293, 68
1294, 66
1295, 59
1296, 64
1297, 69
1298, 68
1299, 61
1300, 62
1301, 50
1302, 79
1303, 64
1304, 61
1305, 64
1306, 46
1307, 56
1308, 52
1309, 60
1310, 54
1311, 49
1312, 44
1313, 50
1314, 53
1315, 70
1316, 42
1317, 62
1319, 50
1320, 48
1321, 58
1322, 60
1323, 66
1324, 60
1325, 53
1326, 62
1327, 57
1328, 44
1329, 42
1330, 60
1331, 54
1332, 66
1333, 59
1334, 40
1335, 51
1336, 42
1337, 54
1338, 68
1339, 59
1340, 45
1341, 50
1343, 51
1344, 59
1345, 49
1346, 39
1347, 55
1348, 44
1349, 65
1350, 41
1351, 38
1352, 43
1353, 44
1354, 50
1355, 47
1356, 40
1357, 58
1358, 41
1359, 36
1360, 40
1361, 42
1362, 41
1363, 46
1364, 47
1365, 48
1366, 42
1368, 53
1369, 44
1370, 43
1371, 51
1372, 38
1373, 39
1374, 45
1375, 30
1376, 50
1377, 46
1378, 37
1379, 45
1380, 27
1381, 47
1382, 45
1383, 46
1384, 37
1385, 40
1386, 34
1387, 37
1388, 35
1389, 31
1390, 40
1391, 26
1392, 28
1393, 36
1395, 33
1396, 38
1397, 35
1398, 37
1399, 36
1400, 42
1401, 33
1402, 41
1403, 33
1404, 24
1405, 32
1406, 42
1407, 33
1408, 45
1409, 36
1410, 32
1411, 23
1412, 39
1413, 17
1414, 31
1415, 37
1416, 30
1417, 36
1418, 25
1419, 38
1420, 31
1421, 35
1422, 29
1423, 20
1424, 41
1425, 30
1426, 32
1427, 34
1429, 28
1430, 26
1432, 31
1433, 37
1434, 31
1435, 33
1436, 34
1437, 28
1438, 29
1439, 26
1440, 31
1441, 26
1442, 34
1443, 28
1444, 36
1445, 21
1446, 20
1447, 33
1448, 27
1449, 23
1450, 22
1451, 19
1452, 24
1453, 18
1454, 31
1455, 25
1456, 34
1457, 45
1458, 94
1459, 198
1460, 320
1461, 387
1462, 235
1463, 100
1464, 50
1465, 32
1466, 25
1467, 29
1468, 19
1469, 20
1470, 18
1472, 29
1473, 19
1474, 21
1475, 27
1476, 21
1477, 22
1478, 21
1479, 22
1480, 20
1481, 18
1482, 19
1483, 16
1484, 33
1485, 19
1486, 17
1488, 13
1489, 22
1490, 25
1491, 22
1492, 14
1493, 20
1494, 16
1495, 18
1496, 14
1498, 13
1499, 16
1500, 19
1501, 18
1502, 17
1503, 21
1504, 15
1505, 16
1506, 17
1507, 20
1508, 6
1509, 21
1510, 14
1511, 17
1512, 15
1513, 19
1515, 15
1516, 23
1517, 20
1518, 21
1519, 16
1520, 19
1521, 27
1522, 48
1523, 86
1524, 111
1525, 103
1526, 88
1527, 42
1528, 24
1530, 16
1531, 12
1534, 13
1535, 18
1536, 14
1537, 12
1538, 13
1539, 14
1540, 19
1541, 8
1542, 14
1543, 17
1545, 12
1549, 14
1550, 11
1551, 14
1552, 7
1553, 11
1554, 7
1555, 11
1556, 13
1557, 14
1558, 10
1559, 7
1560, 11
1561, 9
1562, 8
1563, 12
1564, 10
1565, 16
1566, 13
1567, 16
1568, 7
1569, 8
1570, 13
1571, 4
1572, 7
1574, 14
1575, 11
1576, 7
1577, 13
1578, 8
1580, 13
1581, 10
1583, 7
1584, 10
1585, 4
1586, 5
1587, 11
1588, 6
1589, 9
1590, 4
1591, 3
1592, 6
1593, 9
1594, 7
1595, 5
1596, 6
1597, 4
1598, 10
1599, 4
1601, 9
1602, 7
1603, 15
1604, 8
1605, 13
1606, 5
1607, 3
1608, 4
1609, 6
1610, 15
1611, 8
1612, 11
1613, 5
1614, 9
1615, 5
1616, 8
1617, 12
1618, 4
1619, 8
1620, 6
1622, 11
1623, 7
1624, 9
1625, 11
1626, 5
1627, 9
1628, 5
1629, 7
1630, 3
1631, 2
1632, 8
1633, 10
1634, 5
1635, 6
1636, 5
1638, 4
1639, 1
1641, 9
1642, 6
1644, 8
1646, 4
1647, 2
1648, 4
1649, 5
1650, 2
1651, 3
1652, 7
1653, 8
1654, 1
1655, 3
1656, 6
1657, 4
1658, 7
1659, 4
1661, 5
1662, 6
1663, 9
1664, 6
1665, 4
1666, 3
1667, 2
1668, 5
1669, 6
1670, 5
1672, 6
1673, 7
1674, 3
1675, 6
1676, 3
1678, 5
1679, 1
1680, 5
1681, 2
1682, 6
1683, 2
1685, 1
1686, 4
1687, 2
1688, 3
1689, 4
1690, 2
1691, 1
1692, 2
1693, 1
1694, 7
1695, 2
1696, 1
1698, 3
1700, 1
1701, 2
1702, 5
1703, 3
1706, 2
1707, 3
1708, 2
1709, 5
1710, 3
1711, 1
1713, 5
1714, 3
1715, 2
1717, 1e-06
1718, 2
1720, 1e-06
1721, 4
1722, 2
1724, 1e-06
1725, 3
1728, 4
1729, 2
1730, 5
1731, 1
1733, 3
1735, 2
1737, 1
1739, 2
1740, 1e-06
1741, 1e-06
1742, 1
1743, 6
1744, 3
1745, 1
1746, 1e-06
1747, 1e-06
1748, 3
1749, 1e-06
1750, 1
1751, 2
1752, 1e-06
1753, 1
1755, 1e-06
1756, 1e-06
1757, 3
1758, 4
1759, 1e-06
1760, 1e-06
1761, 1
1763, 5
1764, 7
1765, 5
1766, 2
1767, 3
1768, 1
1771, 2
1772, 1
1773, 1e-06
1774, 1e-06
1775, 1e-06
1776, 1e-06
1777, 2
1778, 1e-06
1779, 1
1780, 1e-06
1781, 4
1782, 1e-06
1783, 3
1784, 1
1785, 1e-06
1786, 1e-06
1787, 3
1788, 1
1790, 1e-06
1791, 1
1792, 1e-06
1793, 1e-06
1794, 1e-06
1795, 1e-06
1796, 1
1797, 1e-06
1798, 1e-06
1799, 1e-06
1800, 1
1804, 1e-06
1805, 1
1806, 3
1807, 1e-06
1808, 2
1809, 1e-06
1810, 1
1812, 1e-06
1813, 1e-06
1814, 1
1815, 1e-06
1816, 1e-06
1817, 1e-06
1818, 1e-06
1819, 1e-06
1820, 1e-06
1821, 1
1822, 1e-06
1823, 1e-06
1824, 1
1826, 1e-06
1827, 1e-06
1828, 1e-06
1829, 1e-06
1830, 1e-06
1831, 1e-06
1832, 1e-06
1833, 1e-06
1834, 1
1835, 1e-06
1836, 1e-06
1837, 1e-06
1838, 1e-06
1839, 1
1840, 1e-06
1841, 1e-06
1842, 1e-06
1843, 1e-06
1844, 1e-06
1845, 1e-06
1846, 1e-06
1847, 1e-06
1848, 2
1850, 1e-06
1851, 1e-06
1852, 1e-06
1853, 1e-06
1854, 1e-06
1855, 1e-06
1856, 1e-06
1857, 1
1862, 1e-06
1863, 1e-06
1864, 1
1865, 1e-06
1866, 1e-06
1867, 1e-06
1868, 1e-06
1869, 1e-06
1870, 1e-06
1871, 1e-06
1872, 1e-06
1873, 1e-06
1874, 1e-06
1875, 1e-06
1876, 1
1877, 1e-06
1878, 1e-06
1879, 1e-06
1880, 1
1881, 1e-06
1882, 1e-06
1883, 1e-06
1884, 1
1885, 1e-06
1886, 1e-06
1887, 1e-06
1888, 1e-06
1889, 1e-06
1890, 1e-06
1891, 1e-06
1892, 1e-06
1893, 1e-06
1894, 1e-06
1895, 1e-06
1896, 1e-06
1897, 1e-06
1898, 1e-06
1899, 1e-06
1900, 1e-06
1901, 1e-06
1902, 1
1903, 1e-06
1904, 1e-06
1905, 1e-06
1906, 1e-06
1907, 1e-06
1908, 1e-06
1909, 1e-06
1910, 1e-06
1911, 1e-06
1912, 1e-06
1913, 1e-06
1914, 1e-06
1915, 1e-06
1916, 1e-06
1917, 1e-06
1918, 1e-06
1919, 1e-06
1920, 1e-06
1921, 1e-06
1922, 1e-06
1923, 1e-06
1924, 1e-06
1925, 1e-06
1926, 1e-06
1927, 1e-06
1928, 1e-06
1929, 1e-06
1930, 1e-06
1931, 1e-06
1932, 1e-06
1933, 1e-06
1934, 1e-06
1935, 1e-06
1936, 1e-06
1937, 1e-06
1938, 1e-06
1939, 1e-06
1940, 1e-06
1941, 1e-06
1942, 1e-06
1943, 1e-06
1944, 1e-06
1945, 1e-06
1946, 1
1947, 1e-06
1948, 1e-06
1949, 1e-06
1950, 1
1951, 1e-06
1952, 1e-06
1953, 1e-06
1954, 1e-06
1955, 1e-06
1956, 1e-06
1957, 1
1959, 1e-06
1960, 1e-06
1961, 1e-06
1962, 1
1963, 1e-06
1964, 1e-06
1965, 1
1966, 1e-06
1967, 1e-06
1968, 1e-06
1969, 1e-06
1970, 1
1971, 1e-06
1972, 1e-06
1973, 1e-06
1974, 1e-06
1975, 1e-06
1976, 1e-06
1977, 1e-06
1978, 1e-06
1979, 1e-06
1980, 1e-06
1981, 1e-06
1982, 1e-06
1983, 1e-06
1984, 1e-06
1985, 1e-06
1986, 1e-06
1987, 1e-06
1988, 1e-06
1989, 1e-06
1990, 1e-06
1991, 1e-06
1992, 1e-06
1993, 1e-06
1994, 1e-06
1995, 1
1996, 1e-06
1997, 1e-06
1998, 1e-06
1999, 1e-06
2000, 1e-06
2001, 1e-06
2002, 1e-06
2003, 1e-06
2004, 1e-06
2005, 1e-06
2006, 1e-06
2007, 1e-06
2008, 1e-06
2009, 1e-06
2010, 1e-06
2011, 1e-06
2012, 1e-06
2013, 1e-06
2014, 1e-06
2015, 1e-06
2016, 1e-06
2017, 1e-06
2018, 1e-06
2019, 1e-06
2020, 1e-06
2021, 1e-06
2022, 1e-06
2023, 1e-06
2024, 1e-06
2025, 1e-06
2026, 1e-06
2027, 1e-06
2028, 1e-06
2029, 1e-06
2030, 1e-06
2031, 1e-06
2032, 1e-06
2033, 1e-06
2034, 1e-06
2035, 1e-06
2036, 1e-06
2037, 1e-06
2038, 1e-06
2039, 1e-06
2040, 1e-06
2041, 1e-06
2042, 1e-06
2043, 1e-06
2044, 1e-06
2045, 1e-06
2046, 1e-06
2047, 1e-06
2048, 1e-06
2049, 1e-06
2050, 1e-06
2051, 1e-06
2052, 1e-06
2053, 1e-06
2054, 1e-06
2055, 1e-06
2056, 1e-06
2057, 1e-06
2058, 1e-06
2059, 1e-06
2060, 1e-06
2061, 1e-06
2062, 1e-06
2063, 1e-06
2064, 1e-06
2065, 1e-06
2066, 1e-06
2067, 1
2068, 1e-06
2069, 1e-06
2070, 1e-06
2071, 1e-06
2072, 1e-06
2073, 1e-06
2074, 1
2075, 1e-06
2076, 1e-06
2077, 1e-06
2078, 1e-06
2079, 1e-06
2080, 1e-06
2081, 1e-06
2082, 1e-06
2083, 1e-06
2084, 1e-06
2085, 1e-06
2086, 1e-06
2087, 1e-06
2088, 1e-06
2089, 1e-06
2090, 1e-06
2091, 1e-06
2092, 1e-06
2093, 1e-06
2094, 1e-06
2095, 1e-06
2096, 1e-06
2097, 1e-06
2098, 1e-06
2099, 1e-06
2100, 1e-06
2101, 1e-06
2102, 1e-06
2103, 1e-06
2104, 1e-06
2105, 1e-06
2106, 1e-06
2107, 1e-06
2108, 1e-06
2109, 1e-06
2110, 1e-06
2111, 1e-06
2112, 1e-06
2113, 1e-06
2114, 1e-06
2115, 1e-06
2116, 1e-06
2117, 1e-06
2118, 1
2119, 1e-06
2120, 1e-06
2121, 1e-06
2122, 1e-06
2123, 1e-06
2124, 1e-06
2125, 1e-06
2126, 1e-06
2127, 1e-06
2128, 1
2129, 1e-06
2130, 1e-06
2131, 1e-06
2132, 1e-06
2133, 1e-06
2134, 1e-06
2135, 1e-06
2136, 1e-06
2137, 1e-06
2138, 1e-06
2139, 1e-06
2140, 1e-06
2141, 1e-06
2142, 1e-06
2143, 1e-06
2144, 1e-06
2145, 1e-06
2146, 1e-06
2147, 1e-06
2148, 1e-06
2149, 1e-06
2150, 1e-06
2151, 1e-06
2152, 1e-06
2153, 1e-06
2154, 1
2155, 1e-06
2156, 1e-06
2157, 1e-06
2158, 1e-06
2159, 1e-06
2160, 1e-06
2161, 1e-06
2162, 1e-06
2163, 1e-06
2164, 1e-06
2165, 1e-06
2166, 1e-06
2167, 1e-06
2168, 1e-06
2169, 1e-06
2170, 1e-06
2171, 1e-06
2172, 1e-06
2173, 1e-06
2174, 1e-06
2175, 1e-06
2176, 1e-06
2177, 1e-06
2178, 1e-06
2179, 1e-06
2180, 1e-06
2181, 1e-06
2182, 1e-06
2183, 1e-06
2184, 1e-06
2185, 1e-06
2186, 1e-06
2187, 1e-06
2188, 1e-06
2189, 1e-06
2190, 1e-06
2191, 1e-06
2192, 1e-06
2193, 1e-06
2194, 1e-06
2195, 1e-06
2196, 1e-06
2197, 1e-06
2198, 1e-06
2199, 1e-06
2200, 1
2201, 1e-06
2202, 1
2203, 1e-06
2204, 1
2205, 1e-06
2206, 1e-06
2207, 3
2208, 1e-06
2209, 1e-06
2210, 1e-06
2211, 1e-06
2212, 1e-06
2213, 1e-06
2214, 1e-06
2215, 1e-06
2216, 1e-06
2217, 1e-06
2218, 1e-06
2219, 1e-06
2220, 1e-06
2221, 1e-06
2222, 1e-06
2223, 1e-06
2224, 1e-06
2225, 1e-06
2226, 1e-06
2227, 1e-06
2228, 1e-06
2229, 1e-06
2230, 1e-06
2231, 1e-06
2232, 1e-06
2233, 1e-06
2234, 1e-06
2235, 1e-06
2236, 1e-06
2237, 1e-06
2238, 1e-06
2239, 1e-06
2240, 1e-06
2241, 1e-06
2242, 1e-06
2243, 1e-06
2244, 1e-06
2245, 1e-06
2246, 1e-06
2247, 1e-06
2248, 1e-06
2249, 1e-06
2250, 1e-06
2251, 1e-06
2252, 1
2253, 1e-06
2254, 1e-06
2255, 1e-06
2256, 1e-06
2257, 1e-06
2258, 1e-06
2259, 1e-06
2260, 1e-06
2261, 1e-06
2262, 1e-06
2263, 1e-06
2264, 1e-06
2265, 1e-06
2266, 1e-06
2267, 1e-06
2268, 1e-06
2269, 1e-06
2270, 1e-06
2271, 1e-06
2272, 1e-06
2273, 1e-06
2274, 1e-06
2275, 1e-06
2276, 1e-06
2277, 1e-06
2278, 1e-06
2279, 1e-06
2280, 1e-06
2281, 1e-06
2282, 1e-06
2283, 1e-06
2284, 1e-06
2285, 1
2286, 1e-06
2287, 1e-06
2288, 1e-06
2289, 1e-06
2290, 1e-06
2291, 1e-06
2292, 1e-06
2293, 1e-06
2294, 1e-06
2295, 1e-06
2296, 1e-06
2297, 1e-06
2298, 1e-06
2299, 1e-06
2300, 1e-06
2301, 1e-06
2302, 1e-06
2303, 1e-06
2304, 1e-06
2305, 1e-06
2306, 1e-06
2307, 1e-06
2308, 1e-06
2309, 1e-06
2310, 1e-06
2311, 1e-06
2312, 1e-06
2313, 1e-06
2314, 1e-06
2315, 1e-06
2316, 1
2317, 1e-06
2318, 1e-06
2319, 1e-06
2320, 1e-06
2321, 1e-06
2322, 1e-06
2323, 1e-06
2324, 1e-06
2325, 1e-06
2326, 1e-06
2327, 1e-06
2328, 1e-06
2329, 1e-06
2330, 1e-06
2331, 1e-06
2332, 1e-06
2333, 1e-06
2334, 1e-06
2335, 1e-06
2336, 1e-06
2337, 1e-06
2338, 1e-06
2339, 1e-06
2340, 1e-06
2341, 1e-06
2342, 1e-06
2343, 1e-06
2344, 1e-06
2345, 1
2346, 1e-06
2347, 1e-06
2348, 1e-06
2349, 1e-06
2350, 1e-06
2351, 1e-06
2352, 1e-06
2353, 1e-06
2354, 1e-06
2355, 1e-06
2356, 1e-06
2357, 1e-06
2358, 1
2359, 1e-06
2360, 1
2361, 1e-06
2362, 1e-06
2363, 1e-06
2364, 1e-06
2365, 1
2366, 1e-06
2367, 1e-06
2368, 1e-06
2369, 1e-06
2370, 1e-06
2371, 1e-06
2372, 1e-06
2373, 1e-06
2374, 1e-06
2375, 1e-06
2376, 1e-06
2377, 1e-06
2378, 1e-06
2379, 1e-06
2380, 1e-06
2381, 1e-06
2382, 1
2383, 1e-06
2384, 1e-06
2385, 1
2386, 1e-06
2387, 1e-06
2388, 1e-06
2389, 1e-06
2390, 1e-06
2391, 1e-06
2392, 1e-06
2393, 1e-06
2394, 1e-06
2395, 1e-06
2396, 1e-06
2397, 1e-06
2398, 1e-06
2399, 1e-06
2400, 1e-06
2401, 1e-06
2402, 1e-06
2403, 1e-06
2404, 1e-06
2405, 1e-06
2406, 1e-06
2407, 1e-06
2408, 1e-06
2409, 1e-06
2410, 1e-06
2411, 1
2412, 1e-06
2413, 1e-06
2414, 1e-06
2415, 1e-06
2416, 1e-06
2417, 1e-06
2418, 1e-06
2419, 1e-06
2420, 1e-06
2421, 1e-06
2422, 1e-06
2423, 1e-06
2424, 1e-06
2425, 1e-06
2426, 1e-06
2427, 1e-06
2428, 1e-06
2429, 1e-06
2430, 1e-06
2431, 1e-06
2432, 1e-06
2433, 1e-06
2434, 1e-06
2435, 1e-06
2436, 1e-06
2437, 1e-06
2438, 1e-06
2439, 1e-06
2440, 1e-06
2441, 1e-06
2442, 1e-06
2443, 1e-06
2444, 1e-06
2445, 1e-06
2446, 1e-06
2447, 1e-06
2448, 1e-06
2449, 1e-06
2450, 1e-06
2451, 1e-06
2452, 1e-06
2453, 1e-06
2454, 1e-06
2455, 1e-06
2456, 1e-06
2457, 1e-06
2458, 1e-06
2459, 1e-06
2460, 1e-06
2461, 1e-06
2462, 1e-06
2463, 1e-06
2464, 1e-06
2465, 1e-06
2466, 1e-06
2467, 1e-06
2468, 1e-06
2469, 1e-06
2470, 1e-06
2471, 1e-06
2472, 1e-06
2473, 1e-06
2474, 1e-06
2475, 1e-06
2476, 1e-06
2477, 1e-06
2478, 1e-06
2479, 1e-06
2480, 1e-06
2481, 1e-06
2482, 1e-06
2483, 1e-06
2484, 1e-06
2485, 1e-06
2486, 1e-06
2487, 1e-06
2488, 1
2489, 1e-06
2490, 1e-06
2491, 1e-06
2492, 1e-06
2493, 1e-06
2494, 1e-06
2495, 1e-06
2496, 1e-06
2497, 1e-06
2498, 1e-06
2499, 1e-06
2500, 1e-06
2501, 1e-06
2502, 1e-06
2503, 1e-06
2504, 1e-06
2505, 1e-06
2506, 1e-06
2507, 1e-06
2508, 1e-06
2509, 1e-06
2510, 1e-06
2511, 1e-06
2512, 1e-06
2513, 1e-06
2514, 1e-06
2515, 1e-06
2516, 1e-06
2517, 1e-06
2518, 1e-06
2519, 1e-06
2520, 1e-06
2521, 1e-06
2522, 1e-06
2523, 1e-06
2524, 1e-06
2525, 1e-06
2526, 1e-06
2527, 1e-06
2528, 1e-06
2529, 1e-06
2530, 1e-06
2531, 1e-06
2532, 1e-06
2533, 1e-06
2534, 1e-06
2535, 1e-06
2536, 1e-06
2537, 1e-06
2538, 1e-06
2539, 1e-06
2540, 1e-06
2541, 1e-06
2542, 1e-06
2543, 1e-06
2544, 1e-06
2545, 1e-06
2546, 1e-06
2547, 1e-06
2548, 1e-06
2549, 1e-06
2550, 1e-06
2551, 1e-06
2552, 1e-06
2553, 1e-06
2554, 1e-06
2555, 1e-06
2556, 1e-06
2557, 1e-06
2558, 1e-06
2559, 1e-06
2560, 1e-06
2561, 1e-06
2562, 1e-06
2563, 1
2564, 1e-06
2565, 1e-06
2566, 1e-06
2567, 1e-06
2568, 1e-06
2569, 1e-06
2570, 1e-06
2571, 1e-06
2572, 1e-06
2573, 1e-06
2574, 1
2575, 1e-06
2576, 1e-06
2577, 1
2578, 1e-06
2579, 1e-06
2580, 1e-06
2581, 1e-06
2582, 1e-06
2583, 1e-06
2584, 1e-06
2585, 1e-06
2586, 1e-06
2587, 1e-06
2588, 1e-06
2589, 1e-06
2590, 1e-06
2591, 1e-06
2592, 1e-06
2593, 1
2594, 1e-06
2595, 1e-06
2596, 1e-06
2597, 1e-06
2598, 1e-06
2599, 1e-06
2600, 1e-06
2601, 1e-06
2602, 1e-06
2603, 1e-06
2604, 1e-06
2605, 1e-06
2606, 1e-06
2607, 1e-06
2608, 1e-06
2609, 1e-06
2610, 1e-06
2611, 1e-06
2612, 1e-06
2613, 2
2614, 1
2615, 1e-06
2616, 1e-06
2617, 1e-06
2618, 1
2619, 1e-06
2620, 1e-06
2621, 1e-06
2622, 1e-06
2623, 1e-06
2624, 1e-06
2625, 1e-06
2626, 1e-06
2627, 1e-06
2628, 1e-06
2629, 1e-06
2630, 1e-06
2631, 1e-06
2632, 1e-06
2633, 1e-06
2634, 1e-06
2635, 1e-06
2636, 1e-06
2637, 1e-06
2638, 1e-06
2639, 1e-06
2640, 1e-06
2641, 1e-06
2642, 1e-06
2643, 1e-06
2644, 1e-06
2645, 1e-06
2646, 1e-06
2647, 1e-06
2648, 1e-06
2649, 1e-06
2650, 1e-06
2651, 1e-06
2652, 1e-06
2653, 1e-06
2654, 1e-06
2655, 1e-06
2656, 1e-06
2657, 1e-06
2658, 1e-06
2659, 1e-06
2660, 1e-06
2661, 1e-06
2662, 1e-06
2663, 1e-06
2664, 1e-06
2665, 1e-06
2666, 1e-06
2667, 1e-06
2668, 1e-06
2669, 1e-06
2670, 1e-06
2671, 1e-06
2672, 1e-06
2673, 1e-06
2674, 1e-06
2675, 1e-06
2676, 1e-06
2677, 1e-06
2678, 1e-06
2679, 1e-06
2680, 1e-06
2681, 1e-06
2682, 1e-06
2683, 1e-06
2684, 1e-06
2685, 1e-06
2686, 1e-06
2687, 1e-06
2688, 1e-06
2689, 1e-06
2690, 1e-06
2691, 1e-06
2692, 1e-06
2693, 1e-06
2694, 1e-06
2695, 1e-06
2696, 1e-06
2697, 1e-06
2698, 1e-06
2699, 1e-06
2700, 1e-06
2701, 1e-06
2702, 1e-06
2703, 1e-06
2704, 1e-06
2705, 1e-06
2706, 1e-06
2707, 1e-06
2708, 1e-06
2709, 1e-06
2710, 1e-06
2711, 1e-06
2712, 1e-06
2713, 1e-06
2714, 1e-06
2715, 1e-06
2716, 1e-06
2717, 1e-06
2718, 1e-06
2719, 1e-06
2720, 1e-06
2721, 1e-06
2722, 1e-06
2723, 1e-06
2724, 1e-06
2725, 1e-06
2726, 1e-06
2727, 1e-06
2728, 1e-06
2729, 1e-06
2730, 1e-06
2731, 1e-06
2732, 1e-06
2733, 1e-06
2734, 1e-06
2735, 1e-06
2736, 1e-06
2737, 1e-06
2738, 1e-06
2739, 1e-06
2740, 1e-06
2741, 1e-06
2742, 1e-06
2743, 1e-06
2744, 1e-06
2745, 1e-06
2746, 1e-06
2747, 1e-06
2748, 1e-06
2749, 1e-06
2750, 1e-06
2751, 1e-06
2752, 1e-06
2753, 1e-06
2754, 1e-06
2755, 1e-06
2756, 1e-06
2757, 1e-06
2758, 1e-06
2759, 1e-06
2760, 1e-06
2761, 1e-06
2762, 1e-06
2763, 1e-06
2764, 1e-06
2765, 1e-06
2766, 1e-06
2767, 1e-06
2768, 1e-06
2769, 1e-06
2770, 1e-06
2771, 1e-06
2772, 1e-06
2773, 1e-06
2774, 1e-06
2775, 1e-06
2776, 1e-06
2777, 1e-06
2778, 1e-06
2779, 1e-06
2780, 1e-06
2781, 1e-06
2782, 1e-06
2783, 1e-06
2784, 1e-06
2785, 1e-06
2786, 1e-06
2787, 1e-06
2788, 1e-06
2789, 1e-06
2790, 1e-06
2791, 1e-06
2792, 1e-06
2793, 1e-06
2794, 1e-06
2795, 1e-06
2796, 1e-06
2797, 1e-06
2798, 1e-06
2799, 1e-06
2800, 1e-06
2801, 1e-06
2802, 1e-06
2803, 1e-06
2804, 1e-06
2805, 1e-06
2806, 1e-06
2807, 1e-06
2808, 1e-06
2809, 1e-06
2810, 1e-06
2811, 1e-06
2812, 1e-06
2813, 1e-06
2814, 1e-06
2815, 1e-06
2816, 1e-06
2817, 1e-06
2818, 1e-06
2819, 1e-06
2820, 1e-06
2821, 1e-06
2822, 1e-06
2823, 1e-06
2824, 1e-06
2825, 1e-06
2826, 1e-06
2827, 1e-06
2828, 1e-06
2829, 1e-06
2830, 1e-06
2831, 1e-06
2832, 1e-06
2833, 1e-06
2834, 1e-06
2835, 1e-06
2836, 1e-06
2837, 1e-06
2838, 1e-06
2839, 1e-06
2840, 1e-06
2841, 1e-06
2842, 1e-06
2843, 1e-06
2844, 1e-06
2845, 1e-06
2846, 1e-06
2847, 1e-06
2848, 1e-06
2849, 1e-06
2850, 1e-06
2851, 1e-06
2852, 1e-06
2853, 1e-06
2854, 1e-06
2855, 1e-06
2856, 1e-06
2857, 1e-06
2858, 1e-06
2859, 1e-06
2860, 1e-06
2861, 1e-06
2862, 1e-06
2863, 1e-06
2864, 1e-06
2865, 1e-06
2866, 1e-06
2867, 1e-06
2868, 1e-06
2869, 1e-06
2870, 1e-06
2871, 1e-06
2872, 1e-06
2873, 1e-06
2874, 1e-06
2875, 1e-06
2876, 1e-06
2877, 1e-06
2878, 1e-06
2879, 1e-06
2880, 1e-06
2881, 1e-06
2882, 1e-06
2883, 1e-06
2884, 1e-06
2885, 1e-06
2886, 1e-06
2887, 1e-06
2888, 1e-06
2889, 1e-06
2890, 1e-06
2891, 1e-06
2892, 1e-06
2893, 1e-06
2894, 1e-06
2895, 1e-06
2896, 1e-06
2897, 1e-06
2898, 1e-06
2899, 1e-06
2900, 1e-06
2901, 1e-06
2902, 1e-06
2903, 1e-06
2904, 1e-06
2905, 1e-06
2906, 1e-06
2907, 1e-06
2908, 1e-06
2909, 1e-06
2910, 1e-06
2911, 1e-06
2912, 1e-06
2913, 1e-06
2914, 1e-06
2915, 1e-06
2916, 1e-06
2917, 1e-06
2918, 1e-06
2919, 1e-06
2920, 1e-06
2921, 1e-06
2922, 1e-06
2923, 1e-06
2924, 1e-06
2925, 1e-06
2926, 1e-06
2927, 1e-06
2928, 1e-06
2929, 1e-06
2930, 1e-06
2931, 1e-06
2932, 1e-06
2933, 1e-06
2934, 1e-06
2935, 1e-06
2936, 1e-06
2937, 1e-06
2938, 1e-06
2939, 1e-06
2940, 1e-06
2941, 1e-06
2942, 1e-06
2943, 1
2944, 1e-06
2945, 1e-06
2946, 1e-06
2947, 1e-06
2948, 1e-06
2949, 1e-06
2950, 1e-06
2951, 1e-06
2952, 1e-06
2953, 1e-06
2954, 1e-06
2955, 1e-06
2956, 1e-06
2957, 1e-06
2958, 1e-06
2959, 1e-06
2960, 1e-06
2961, 1e-06
2962, 1e-06
2963, 1e-06
2964, 1e-06
2965, 1e-06
2966, 1e-06
2967, 1e-06
2968, 1e-06
2969, 1e-06
2970, 1e-06
2971, 1e-06
2972, 1e-06
2973, 1e-06
2974, 1e-06
2975, 1e-06
2976, 1e-06
2977, 1e-06
2978, 1e-06
2979, 1e-06
2980, 1e-06
2981, 1e-06
2982, 1e-06
2983, 1e-06
2984, 1e-06
2985, 1e-06
2986, 1e-06
2987, 1e-06
2988, 1e-06
2989, 1e-06
2990, 1e-06
2991, 1e-06
2992, 1
2993, 1e-06
2994, 1e-06
2995, 1e-06
2996, 1e-06
2997, 1e-06
2998, 1e-06
2999, 1e-06
3000, 1e-06
3001, 1e-06
3002, 1e-06
3003, 1e-06
3004, 1e-06
3005, 1e-06
3006, 1e-06
3007, 1e-06
3008, 1e-06
3009, 1e-06
3010, 1e-06
3011, 1e-06
3012, 1e-06
3013, 1e-06
3014, 1e-06
3015, 1e-06
3016, 1e-06
3017, 1e-06
3018, 1e-06
3019, 1e-06
3020, 1e-06
3021, 1e-06
3022, 1e-06
3023, 1e-06
3024, 1e-06
3025, 1e-06
3026, 1e-06
3027, 1e-06
3028, 1e-06
3029, 1e-06
3030, 1e-06
3031, 1e-06
3032, 1e-06
3033, 1e-06
3034, 1e-06
3035, 1e-06
3036, 1e-06
3037, 1e-06
3038, 1e-06
3039, 1e-06
3040, 1e-06
3041, 1e-06
3042, 1e-06
3043, 1e-06
3044, 1e-06
3045, 1
3046, 1e-06
3047, 1e-06
3048, 1e-06
3049, 1e-06
3050, 1e-06
3051, 1e-06
3052, 1e-06
3053, 1e-06
3054, 1e-06
3055, 1e-06
3056, 1e-06
3057, 1e-06
3058, 1e-06
3059, 1e-06
3060, 1e-06
3061, 1e-06
3062, 1e-06
3063, 1e-06
3064, 1e-06
3065, 1e-06
3066, 1e-06
3067, 1e-06
3068, 1e-06
3069, 1e-06
3070, 1e-06
3071, 1e-06
3072, 1e-06
3073, 1e-06
3074, 1e-06
3075, 1e-06
3076, 1e-06
3077, 1e-06
3078, 1e-06
3079, 1e-06
3080, 1e-06
3081, 1e-06
3082, 1e-06
3083, 1e-06
3084, 1e-06
3085, 1e-06
3086, 1e-06
3087, 1e-06
3088, 1e-06
3089, 1e-06
3090, 1e-06
3091, 1e-06
3092, 1e-06
3093, 1e-06
3094, 1e-06
3095, 1e-06
3096, 1e-06
3097, 1e-06
3098, 1e-06
3099, 1e-06
3100, 1e-06
3101, 1e-06
3102, 1e-06
3103, 1e-06
3104, 1e-06
3105, 1e-06
3106, 1e-06
3107, 1e-06
3108, 1e-06
3109, 1e-06
3110, 1e-06
3111, 1e-06
3112, 1e-06
3113, 1e-06
3114, 1e-06
3115, 1e-06
3116, 1e-06
3117, 1e-06
3118, 1e-06
3119, 1e-06
3120, 1e-06
3121, 1e-06
3122, 1e-06
3123, 1e-06
3124, 1e-06
3125, 1e-06
3126, 1e-06
3127, 1e-06
3128, 1e-06
3129, 1e-06
3130, 1e-06
3131, 1e-06
3132, 1e-06
3133, 1e-06
3134, 1e-06
3135, 1e-06
3136, 1e-06
3137, 1e-06
3138, 1e-06
3139, 1e-06
3140, 1e-06
3141, 1e-06
3142, 1e-06
3143, 1e-06
3144, 1e-06
3145, 1e-06
3146, 1e-06
3147, 1e-06
3148, 1e-06
3149, 1e-06
3150, 1e-06
3151, 1e-06
3152, 1e-06
3153, 1e-06
3154, 1e-06
3155, 1e-06
3156, 1e-06
3157, 1e-06
3158, 1e-06
3159, 1e-06
3160, 1e-06
3161, 1e-06
3162, 1e-06
3163, 1e-06
3164, 1e-06
3165, 1e-06
3166, 1e-06
3167, 1e-06
3168, 1e-06
3169, 1e-06
3170, 1e-06
3171, 1e-06
3172, 1e-06
3173, 1e-06
3174, 1e-06
3175, 1e-06
3176, 1e-06
3177, 1e-06
3178, 1e-06
3179, 1e-06
3180, 1e-06
3181, 1e-06
3182, 1e-06
3183, 1e-06
3184, 1e-06
3185, 1e-06
3186, 1e-06
3187, 1e-06
3188, 1e-06
3189, 1e-06
3190, 1e-06
3191, 1e-06
3192, 1e-06
3193, 1e-06
3194, 1e-06
3195, 1e-06
3196, 1e-06
3197, 1e-06
3198, 1e-06
3199, 1e-06
3200, 1e-06
3201, 1e-06
3202, 1e-06
3203, 1e-06
3204, 1e-06
3205, 1e-06
3206, 1e-06
3207, 1e-06
3208, 1e-06
3209, 1e-06
3210, 1e-06
3211, 1e-06
3212, 1e-06
3213, 1e-06
3214, 1e-06
3215, 1e-06
3216, 1e-06
3217, 1e-06
3218, 1e-06
3219, 1e-06
3220, 1e-06
3221, 1e-06
3222, 1e-06
3223, 1e-06
3224, 1e-06
3225, 1e-06
3226, 1e-06
3227, 1e-06
3228, 1e-06
3229, 1e-06
3230, 1e-06
3231, 1e-06
3232, 1e-06
3233, 1e-06
3234, 1e-06
3235, 1e-06
3236, 1e-06
3237, 1e-06
3238, 1e-06
3239, 1e-06
3240, 1e-06
3241, 1e-06
3242, 1e-06
3243, 1e-06
3244, 1e-06
3245, 1e-06
3246, 1e-06
3247, 1e-06
3248, 1e-06
3249, 1
3250, 1e-06
3251, 1e-06
3252, 1e-06
3253, 1e-06
3254, 1e-06
3255, 1e-06
3256, 1e-06
3257, 1e-06
3258, 1e-06
3259, 1e-06
3260, 1e-06
3261, 1e-06
3262, 1e-06
3263, 1e-06
3264, 1e-06
3265, 1e-06
3266, 1e-06
3267, 1e-06
3268, 1e-06
3269, 1e-06
3270, 1e-06
3271, 1e-06
3272, 1e-06
3273, 1e-06
3274, 1e-06
3275, 1e-06
3276, 1e-06
3277, 1e-06
3278, 1e-06
3279, 1e-06
3280, 1e-06
3281, 1e-06
3282, 1e-06
3283, 1e-06
3284, 1e-06
3285, 1e-06
3286, 1e-06
3287, 1e-06
3288, 1e-06
3289, 1e-06
3290, 1e-06
3291, 1e-06
3292, 1e-06
3293, 1e-06
3294, 1e-06
3295, 1e-06
3296, 1e-06
3297, 1e-06
3298, 1e-06
3299, 1e-06
3300, 1e-06
3301, 1e-06
3302, 1e-06
3303, 1e-06
3304, 1e-06
3305, 1e-06
3306, 1e-06
3307, 1e-06
3308, 1e-06
3309, 1e-06
3310, 1e-06
3311, 1e-06
3312, 1e-06
3313, 1e-06
3314, 1e-06
3315, 1e-06
3316, 1e-06
3317, 1e-06
3318, 1e-06
3319, 1e-06
3320, 1e-06
3321, 1e-06
3322, 1e-06
3323, 1e-06
3324, 1e-06
3325, 1e-06
3326, 1e-06
3327, 1e-06
3328, 1e-06
3329, 1e-06
3330, 1
3331, 1e-06
3332, 1e-06
3333, 1e-06
3334, 1e-06
3335, 1e-06
3336, 1e-06
3337, 1e-06
3338, 1e-06
3339, 1e-06
3340, 1e-06
3341, 1e-06
3342, 1e-06
3343, 1e-06
3344, 1e-06
3345, 1e-06
3346, 1e-06
3347, 1e-06
3348, 1e-06
3349, 1e-06
3350, 1e-06
3351, 1e-06
3352, 1e-06
3353, 1e-06
3354, 1e-06
3355, 1e-06
3356, 1e-06
3357, 1e-06
3358, 1e-06
3359, 1e-06
3360, 1e-06
3361, 1e-06
3362, 1e-06
3363, 1e-06
3364, 1e-06
3365, 1e-06
3366, 1e-06
3367, 1e-06
3368, 1e-06
3369, 1e-06
3370, 1e-06
3371, 1e-06
3372, 1e-06
3373, 1e-06
3374, 1e-06
3375, 1e-06
3376, 1e-06
3377, 1e-06
3378, 1e-06
3379, 1e-06
3380, 1e-06
3381, 1
3382, 1e-06
3383, 1e-06
3384, 1e-06
3385, 1e-06
3386, 1e-06
3387, 1e-06
3388, 1e-06
3389, 1e-06
3390, 1e-06
3391, 1e-06
3392, 1e-06
3393, 1e-06
3394, 1e-06
3395, 1e-06
3396, 1e-06
3397, 1e-06
3398, 1e-06
3399, 1e-06
3400, 1e-06
3401, 1e-06
3402, 1e-06
3403, 1e-06
3404, 1e-06
3405, 1e-06
3406, 1e-06
3407, 1e-06
3408, 1e-06
3409, 1e-06
3410, 1e-06
3411, 1e-06
3412, 1e-06
3413, 1e-06
3414, 1e-06
3415, 1e-06
3416, 1e-06
3417, 1e-06
3418, 1e-06
3419, 1e-06
3420, 1e-06
3421, 1e-06
3422, 1e-06
3423, 1e-06
3424, 1e-06
3425, 1e-06
3426, 1e-06
3427, 1e-06
3428, 1e-06
3429, 1e-06
3430, 1e-06
3431, 1e-06
3432, 1e-06
3433, 1e-06
3434, 1e-06
3435, 1e-06
3436, 1e-06
3437, 1e-06
3438, 1e-06
3439, 1e-06
3440, 1e-06
3441, 1e-06
3442, 1e-06
3443, 1e-06
3444, 1e-06
3445, 1e-06
3446, 1e-06
3447, 1e-06
3448, 1e-06
3449, 1e-06
3450, 1e-06
3451, 1e-06
3452, 1e-06
3453, 1e-06
3454, 1e-06
3455, 1e-06
3456, 1e-06
3457, 1e-06
3458, 1e-06
3459, 1e-06
3460, 1e-06
3461, 1e-06
3462, 1e-06
3463, 1e-06
3464, 1e-06
3465, 1e-06
3466, 1e-06
3467, 1e-06
3468, 1e-06
3469, 1e-06
3470, 1e-06
3471, 1e-06
3472, 1e-06
3473, 1e-06
3474, 1e-06
3475, 1e-06
3476, 1e-06
3477, 1e-06
3478, 1e-06
3479, 1e-06
3480, 1e-06
3481, 1e-06
3482, 1e-06
3483, 1e-06
3484, 1e-06
3485, 1e-06
3486, 1e-06
3487, 1e-06
3488, 1e-06
3489, 1e-06
3490, 1e-06
3491, 1e-06
3492, 1e-06
3493, 1e-06
3494, 1e-06
3495, 1e-06
3496, 1e-06
3497, 1e-06
3498, 1e-06
3499, 1e-06
3500, 1e-06
3501, 1e-06
3502, 1e-06
3503, 1e-06
3504, 1e-06
3505, 1e-06
3506, 1e-06
3507, 1e-06
3508, 1e-06
3509, 1e-06
3510, 1e-06
3511, 1e-06
3512, 1e-06
3513, 1e-06
3514, 1e-06
3515, 1e-06
3516, 1e-06
3517, 1e-06
3518, 1e-06
3519, 1e-06
3520, 1e-06
3521, 1e-06
3522, 1e-06
3523, 1e-06
3524, 1e-06
3525, 1e-06
3526, 1e-06
3527, 1e-06
3528, 1e-06
3529, 1e-06
3530, 1e-06
3531, 1e-06
3532, 1e-06
3533, 1e-06
3534, 1e-06
3535, 1e-06
3536, 1e-06
3537, 1e-06
3538, 1e-06
3539, 1e-06
3540, 1e-06
3541, 1e-06
3542, 1e-06
3543, 1e-06
3544, 1e-06
3545, 1e-06
3546, 1e-06
3547, 1e-06
3548, 1e-06
3549, 1e-06
3550, 1e-06
3551, 1e-06
3552, 1e-06
3553, 1e-06
3554, 1e-06
3555, 1e-06
3556, 1e-06
3557, 1e-06
3558, 1e-06
3559, 1e-06
3560, 1e-06
3561, 1e-06
3562, 1e-06
3563, 1e-06
3564, 1e-06
3565, 1e-06
3566, 1e-06
3567, 1e-06
3568, 1e-06
3569, 1e-06
3570, 1e-06
3571, 1e-06
3572, 1e-06
3573, 1e-06
3574, 1e-06
3575, 1e-06
3576, 1e-06
3577, 1e-06
3578, 1e-06
3579, 1e-06
3580, 1e-06
3581, 1e-06
3582, 1e-06
3583, 1e-06
3584, 1e-06
3585, 1e-06
3586, 1e-06
3587, 1e-06
3588, 1e-06
3589, 1e-06
3590, 1e-06
3591, 1e-06
3592, 1e-06
3593, 1e-06
3594, 1e-06
3595, 1e-06
3596, 1e-06
3597, 1e-06
3598, 1e-06
3599, 1e-06
3600, 1e-06
3601, 1e-06
3602, 1e-06
3603, 1e-06
3604, 1e-06
3605, 1e-06
3606, 1e-06
3607, 1e-06
3608, 1e-06
3609, 1e-06
3610, 1e-06
3611, 1e-06
3612, 1e-06
3613, 1e-06
3614, 1e-06
3615, 1e-06
3616, 1e-06
3617, 1e-06
3618, 1e-06
3619, 1e-06
3620, 1e-06
3621, 1e-06
3622, 1e-06
3623, 1e-06
3624, 1e-06
3625, 1e-06
3626, 1e-06
3627, 1e-06
3628, 1e-06
3629, 1e-06
3630, 1e-06
3631, 1e-06
3632, 1e-06
3633, 1e-06
3634, 1e-06
3635, 1e-06
3636, 1e-06
3637, 1e-06
3638, 1e-06
3639, 1e-06
3640, 1e-06
3641, 1e-06
3642, 1e-06
3643, 1e-06
3644, 1e-06
3645, 1e-06
3646, 1e-06
3647, 1e-06
3648, 1e-06
3649, 1e-06
3650, 1e-06
3651, 1e-06
3652, 1e-06
3653, 1e-06
3654, 1
3655, 1e-06
3656, 1e-06
3657, 1e-06
3658, 1e-06
3659, 1e-06
3660, 1e-06
3661, 1e-06
3662, 1e-06
3663, 1e-06
3664, 1e-06
3665, 1e-06
3666, 1e-06
3667, 1e-06
3668, 1e-06
3669, 1e-06
3670, 1e-06
3671, 1e-06
3672, 1e-06
3673, 1e-06
3674, 1e-06
3675, 1e-06
3676, 1e-06
3677, 1e-06
3678, 1e-06
3679, 1e-06
3680, 1e-06
3681, 1e-06
3682, 1e-06
3683, 1e-06
3684, 1e-06
3685, 1e-06
3686, 1e-06
3687, 1e-06
3688, 1e-06
3689, 1e-06
3690, 1e-06
3691, 1e-06
3692, 1e-06
3693, 1e-06
3694, 1e-06
3695, 1e-06
3696, 1e-06
3697, 1e-06
3698, 1e-06
3699, 1e-06
3700, 1e-06
3701, 1e-06
3702, 1e-06
3703, 1e-06
3704, 1e-06
3705, 1e-06
3706, 1e-06
3707, 1e-06
3708, 1e-06
3709, 1e-06
3710, 1e-06
3711, 1e-06
3712, 1e-06
3713, 1e-06
3714, 1e-06
3715, 1e-06
3716, 1e-06
3717, 1e-06
3718, 1e-06
3719, 1e-06
3720, 1e-06
3721, 1e-06
3722, 1e-06
3723, 1e-06
3724, 1e-06
3725, 1e-06
3726, 1e-06
3727, 1e-06
3728, 1e-06
3729, 1e-06
3730, 1e-06
3731, 1e-06
3732, 1e-06
3733, 1e-06
3734, 1e-06
3735, 1e-06
3736, 1e-06
3737, 1e-06
3738, 1e-06
3739, 1e-06
3740, 1e-06
3741, 1e-06
3742, 1e-06
3743, 1e-06
3744, 1e-06
3745, 1e-06
3746, 1e-06
3747, 1e-06
3748, 1e-06
3749, 1e-06
3750, 1e-06
3751, 1e-06
3752, 1e-06
3753, 1e-06
3754, 1e-06
3755, 1e-06
3756, 1e-06
3757, 1e-06
3758, 1e-06
3759, 1e-06
3760, 1e-06
3761, 1e-06
3762, 1e-06
3763, 1e-06
3764, 1e-06
3765, 1e-06
3766, 1e-06
3767, 1e-06
3768, 1e-06
3769, 1e-06
3770, 1e-06
3771, 1e-06
3772, 1e-06
3773, 1e-06
3774, 1e-06
3775, 1e-06
3776, 1e-06
3777, 1e-06
3778, 1e-06
3779, 1e-06
3780, 1e-06
3781, 1e-06
3782, 1e-06
3783, 1e-06
3784, 1e-06
3785, 1e-06
3786, 1e-06
3787, 1e-06
3788, 1e-06
3789, 1e-06
3790, 1e-06
3791, 1e-06
3792, 1e-06
3793, 1e-06
3794, 1e-06
3795, 1e-06
3796, 1e-06
3797, 1e-06
3798, 1e-06
3799, 1e-06
3800, 1e-06
3801, 1e-06
3802, 1e-06
3803, 1e-06
3804, 1e-06
3805, 1e-06
3806, 1e-06
3807, 1e-06
3808, 1e-06
3809, 1e-06
3810, 1e-06
3811, 1e-06
3812, 1e-06
3813, 1e-06
3814, 1e-06
3815, 1e-06
3816, 1e-06
3817, 1e-06
3818, 1e-06
3819, 1e-06
3820, 1e-06
3821, 1e-06
3822, 1e-06
3823, 1e-06
3824, 1e-06
3825, 1e-06
3826, 1e-06
3827, 1e-06
3828, 1e-06
3829, 1e-06
3830, 1e-06
3831, 1e-06
3832, 1e-06
3833, 1e-06
3834, 1e-06
3835, 1e-06
3836, 1e-06
3837, 1e-06
3838, 1e-06
3839, 1e-06
3840, 1e-06
3841, 1e-06
3842, 1e-06
3843, 1e-06
3844, 1e-06
3845, 1e-06
3846, 1e-06
3847, 1e-06
3848, 1e-06
3849, 1e-06
3850, 1e-06
3851, 1e-06
3852, 1e-06
3853, 1e-06
3854, 1e-06
3855, 1e-06
3856, 1e-06
3857, 1e-06
3858, 1e-06
3859, 1e-06
3860, 1e-06
3861, 1e-06
3862, 1e-06
3863, 1e-06
3864, 1e-06
3865, 1e-06
3866, 1e-06
3867, 1e-06
3868, 1e-06
3869, 1e-06
3870, 1e-06
3871, 1e-06
3872, 1e-06
3873, 1e-06
3874, 1e-06
3875, 1e-06
3876, 1e-06
3877, 1e-06
3878, 1e-06
3879, 1e-06
3880, 1e-06
3881, 1e-06
3882, 1e-06
3883, 1e-06
3884, 1e-06
3885, 1e-06
3886, 1e-06
3887, 1e-06
3888, 1e-06
3889, 1e-06
3890, 1e-06
3891, 1e-06
3892, 1e-06
3893, 1e-06
3894, 1e-06
3895, 1e-06
3896, 1e-06
3897, 1e-06
3898, 1e-06
3899, 1e-06
3900, 1e-06
3901, 1e-06
3902, 1e-06
3903, 1e-06
3904, 1e-06
3905, 1e-06
3906, 1e-06
3907, 1e-06
3908, 1e-06
3909, 1e-06
3910, 1e-06
3911, 1e-06
3912, 1e-06
3913, 1e-06
3914, 1e-06
3915, 1e-06
3916, 1e-06
3917, 1e-06
3918, 1e-06
3919, 1e-06
3920, 1e-06
3921, 1e-06
3922, 1e-06
3923, 1e-06
3924, 1e-06
3925, 1e-06
3926, 1e-06
3927, 1e-06
3928, 1e-06
3929, 1e-06
3930, 1e-06
3931, 1e-06
3932, 1e-06
3933, 1e-06
3934, 1e-06
3935, 1e-06
3936, 1e-06
3937, 1e-06
3938, 1e-06
3939, 1e-06
3940, 1e-06
3941, 1e-06
3942, 1e-06
3943, 1e-06
3944, 1e-06
3945, 1e-06
3946, 1e-06
3947, 1e-06
3948, 1e-06
3949, 1e-06
3950, 1e-06
3951, 1e-06
3952, 1e-06
3953, 1e-06
3954, 1e-06
3955, 1e-06
3956, 1e-06
3957, 1e-06
3958, 1e-06
3959, 1e-06
3960, 1e-06
3961, 1e-06
3962, 1e-06
3963, 1e-06
3964, 1e-06
3965, 1e-06
3966, 1e-06
3967, 1e-06
3968, 1e-06
3969, 1e-06
3970, 1e-06
3971, 1e-06
3972, 1e-06
3973, 1e-06
3974, 1e-06
3975, 1e-06
3976, 1e-06
3977, 1e-06
3978, 1e-06
3979, 1e-06
3980, 1e-06
3981, 1e-06
3982, 1e-06
3983, 1e-06
3984, 1e-06
3985, 1e-06
3986, 1e-06
3987, 1e-06
3988, 1e-06
3989, 1e-06
3990, 1e-06
3991, 1e-06
3992, 1e-06
3993, 1e-06
3994, 1e-06
3995, 1e-06
3996, 1
3997, 1e-06
3998, 1e-06
3999, 1e-06
4000, 1e-06
4001, 1e-06
4002, 1e-06
4003, 1e-06
4004, 1e-06
4005, 1e-06
4006, 1e-06
4007, 1e-06
4008, 1e-06
4009, 1e-06
4010, 1e-06
4011, 1e-06
4012, 1e-06
4013, 1e-06
4014, 1e-06
4015, 1e-06
4016, 1e-06
4017, 1e-06
4018, 1e-06
4019, 1e-06
4020, 1e-06
4021, 1e-06
4022, 1e-06
4023, 1e-06
4024, 1e-06
4025, 1e-06
4026, 1e-06
4027, 1e-06
4028, 1e-06
4029, 1e-06
4030, 1e-06
4031, 1e-06
4032, 1e-06
4033, 1e-06
4034, 1e-06
4035, 1e-06
4036, 1e-06
4037, 1e-06
4038, 1e-06
4039, 1e-06
4040, 1e-06
4041, 1e-06
4042, 1e-06
4043, 1e-06
4044, 1e-06
4045, 1e-06
4046, 1e-06
4047, 1e-06
4048, 1e-06
4049, 1e-06
4050, 1e-06
4051, 1e-06
4052, 1e-06
4053, 1e-06
4054, 1e-06
4055, 1e-06
4056, 1e-06
4057, 1e-06
4058, 1e-06
4059, 1e-06
4060, 1e-06
4061, 1e-06
4062, 1e-06
4063, 1e-06
4064, 1e-06
4065, 1e-06
4066, 1e-06
4067, 1e-06
4068, 1e-06
4069, 1e-06
4070, 1e-06
4071, 1e-06
4072, 1e-06
4073, 1e-06
4074, 1e-06
4075, 1e-06
4076, 1e-06
4077, 1e-06
4078, 1e-06
4079, 1e-06
4080, 1e-06
4081, 1e-06
4082, 1e-06
4083, 1e-06
4084, 1e-06
4085, 1e-06
4086, 1e-06
4087, 1e-06
4088, 1e-06
4089, 1e-06
4090, 1e-06
4091, 1e-06
4092, 1e-06
4093, 1e-06
4094, 1e-06
4095, 1e-06
4096, 1e-06
4097, 1e-06
4098, 1e-06
4099, 1e-06
4100, 1e-06
4101, 1
4102, 1e-06
4103, 1e-06
4104, 1e-06
4105, 1e-06
4106, 1e-06
4107, 1e-06
4108, 1e-06
4109, 1e-06
4110, 1e-06
4111, 1e-06
4112, 1e-06
4113, 1e-06
4114, 1e-06
4115, 1e-06
4116, 1e-06
4117, 1e-06
4118, 1e-06
4119, 1e-06
4120, 1e-06
4121, 1e-06
4122, 1e-06
4123, 1e-06
4124, 1e-06
4125, 1e-06
4126, 1e-06
4127, 1e-06
4128, 1e-06
4129, 1e-06
4130, 1e-06
4131, 1e-06
4132, 1
4133, 1e-06
4134, 1e-06
4135, 1e-06
4136, 1e-06
4137, 1e-06
4138, 1e-06
4139, 1e-06
4140, 1e-06
4141, 1e-06
4142, 1e-06
4143, 1e-06
4144, 1e-06
4145, 1e-06
4146, 1e-06
4147, 1
4148, 1e-06
4149, 1e-06
4150, 1e-06
4151, 1e-06
4152, 1e-06
4153, 1e-06
4154, 1e-06
4155, 1e-06
4156, 1e-06
4157, 1e-06
4158, 1e-06
4159, 1e-06
4160, 1e-06
4161, 1e-06
4162, 1e-06
4163, 1e-06
4164, 1e-06
4165, 1e-06
4166, 1e-06
4167, 1e-06
4168, 1e-06
4169, 1e-06
4170, 1e-06
4171, 1e-06
4172, 1e-06
4173, 1e-06
4174, 1e-06
4175, 1e-06
4176, 1e-06
4177, 1e-06
4178, 1e-06
4179, 1e-06
4180, 1e-06
4181, 1e-06
4182, 1e-06
4183, 1e-06
4184, 1e-06
4185, 1e-06
4186, 1e-06
4187, 1e-06
4188, 1e-06
4189, 1e-06
4190, 1e-06
4191, 1e-06
4192, 1e-06
4193, 1e-06
4194, 1e-06
4195, 1e-06
4196, 1e-06
4197, 1e-06
4198, 1e-06
4199, 1e-06
4200, 1e-06
4201, 1e-06
4202, 1e-06
4203, 1e-06
4204, 1e-06
4205, 1e-06
4206, 1e-06
4207, 1e-06
4208, 1e-06
4209, 1e-06
4210, 1e-06
4211, 1e-06
4212, 1e-06
4213, 1e-06
4214, 1e-06
4215, 1e-06
4216, 1e-06
4217, 1e-06
4218, 1e-06
4219, 1e-06
4220, 1e-06
4221, 1e-06
4222, 1e-06
4223, 1e-06
4224, 1e-06
4225, 1e-06
4226, 1e-06
4227, 1e-06
4228, 1e-06
4229, 1e-06
4230, 1e-06
4231, 1e-06
4232, 1e-06
4233, 1e-06
4234, 1e-06
4235, 1e-06
4236, 1
4237, 1e-06
4238, 1e-06
4239, 1e-06
4240, 1e-06
4241, 1e-06
4242, 1e-06
4243, 1e-06
4244, 1e-06
4245, 1e-06
4246, 1e-06
4247, 1e-06
4248, 1e-06
4249, 1e-06
4250, 1e-06
4251, 1e-06
4252, 1e-06
4253, 1e-06
4254, 1e-06
4255, 1e-06
4256, 1e-06
4257, 1e-06
4258, 1e-06
4259, 1e-06
4260, 1e-06
4261, 1e-06
4262, 1e-06
4263, 1e-06
4264, 1e-06
4265, 1e-06
4266, 1e-06
4267, 1e-06
4268, 1e-06
4269, 1e-06
4270, 1e-06
4271, 1e-06
4272, 1e-06
4273, 1e-06
4274, 1e-06
4275, 1e-06
4276, 1e-06
4277, 1e-06
4278, 1e-06
4279, 1e-06
4280, 1e-06
4281, 1e-06
4282, 1e-06
4283, 1e-06
4284, 1e-06
4285, 1e-06
4286, 1e-06
4287, 1e-06
4288, 1e-06
4289, 1e-06
4290, 1e-06
4291, 1e-06
4292, 1e-06
4293, 1e-06
4294, 1e-06
4295, 1e-06
4296, 1e-06
4297, 1e-06
4298, 1e-06
4299, 1e-06
4300, 1e-06
4301, 1e-06
4302, 1e-06
4303, 1e-06
4304, 1e-06
4305, 1e-06
4306, 1e-06
4307, 1e-06
4308, 1e-06
4309, 1e-06
4310, 1e-06
4311, 1e-06
4312, 1e-06
4313, 1e-06
4314, 1e-06
4315, 1e-06
4316, 1e-06
4317, 1e-06
4318, 1e-06
4319, 1e-06
4320, 1e-06
4321, 1e-06
4322, 1e-06
4323, 1e-06
4324, 1e-06
4325, 1e-06
4326, 1e-06
4327, 1e-06
4328, 1e-06
4329, 1e-06
4330, 1e-06
4331, 1e-06
4332, 1e-06
4333, 1e-06
4334, 1e-06
4335, 1e-06
4336, 1e-06
4337, 1e-06
4338, 1e-06
4339, 1e-06
4340, 1e-06
4341, 1
4342, 1e-06
4343, 1e-06
4344, 1e-06
4345, 1e-06
4346, 1e-06
4347, 1e-06
4348, 1e-06
4349, 1e-06
4350, 1e-06
4351, 1e-06
4352, 1e-06
4353, 1e-06
4354, 1e-06
4355, 1e-06
4356, 1e-06
4357, 1
4358, 1e-06
4359, 1e-06
4360, 1e-06
4361, 1e-06
4362, 1e-06
4363, 1e-06
4364, 1e-06
4365, 1e-06
4366, 1e-06
4367, 1e-06
4368, 1e-06
4369, 1e-06
4370, 1e-06
4371, 1e-06
4372, 1
4373, 1e-06
4374, 1e-06
4375, 1e-06
4376, 1e-06
4377, 1e-06
4378, 1e-06
4379, 1e-06
4380, 1e-06
4381, 1e-06
4382, 1e-06
4383, 1e-06
4384, 1e-06
4385, 1e-06
4386, 1e-06
4387, 1e-06
4388, 1e-06
4389, 1e-06
4390, 1e-06
4391, 1e-06
4392, 1e-06
4393, 1e-06
4394, 1e-06
4395, 1
4396, 1e-06
4397, 1e-06
4398, 1e-06
4399, 1e-06
4400, 1e-06
4401, 1e-06
4402, 1e-06
4403, 1e-06
4404, 1e-06
4405, 1e-06
4406, 1e-06
4407, 1e-06
4408, 1e-06
4409, 1e-06
4410, 1e-06
4411, 1e-06
4412, 1e-06
4413, 1e-06
4414, 1e-06
4415, 1e-06
4416, 1e-06
4417, 1e-06
4418, 1e-06
4419, 1e-06
4420, 1e-06
4421, 1e-06
4422, 1e-06
4423, 1e-06
4424, 1e-06
4425, 1e-06
4426, 1e-06
4427, 1e-06
4428, 1e-06
4429, 1e-06
4430, 1e-06
4431, 1e-06
4432, 1e-06
4433, 1e-06
4434, 1e-06
4435, 1e-06
4436, 1e-06
4437, 1e-06
4438, 1e-06
4439, 1
4441, 1e-06
4442, 1e-06
4443, 1e-06
4444, 1e-06
4445, 1e-06
4446, 1e-06
4447, 1e-06
4448, 1e-06
4449, 1e-06
4450, 1e-06
4451, 1e-06
4452, 1e-06
4453, 1e-06
4454, 1e-06
4455, 1e-06
4456, 1e-06
4457, 1e-06
4458, 1e-06
4459, 1e-06
4460, 1
4461, 1e-06
4462, 1e-06
4463, 1e-06
4464, 1e-06
4465, 1e-06
4466, 1e-06
4467, 1e-06
4468, 1e-06
4469, 1e-06
4470, 1e-06
4471, 1e-06
4472, 1e-06
4473, 1e-06
4474, 1e-06
4475, 1e-06
4476, 1e-06
4477, 1e-06
4478, 1e-06
4479, 1e-06
4480, 1e-06
4481, 1e-06
4482, 1e-06
4483, 1e-06
4484, 1
4485, 1e-06
4486, 1e-06
4487, 1e-06
4488, 1e-06
4489, 1e-06
4490, 1e-06
4491, 1e-06
4492, 1e-06
4493, 1e-06
4494, 1e-06
4495, 1e-06
4496, 1e-06
4497, 1e-06
4498, 1e-06
4499, 1e-06
4500, 1e-06
4501, 1e-06
4502, 1e-06
4503, 1e-06
4504, 1e-06
4505, 1e-06
4506, 1e-06
4507, 1e-06
4508, 1e-06
4509, 1e-06
4510, 1e-06
4511, 1e-06
4512, 1e-06
4513, 1e-06
4514, 1e-06
4515, 1e-06
4516, 1e-06
4517, 1e-06
4518, 1e-06
4519, 1e-06
4520, 1e-06
4521, 1e-06
4522, 1e-06
4523, 1e-06
4524, 1e-06
4525, 1e-06
4526, 1e-06
4527, 1e-06
4528, 1e-06
4529, 1e-06
4530, 1e-06
4531, 1e-06
4532, 1e-06
4533, 1e-06
4534, 1e-06
4535, 1e-06
4536, 1e-06
4537, 1e-06
4538, 1e-06
4539, 1e-06
4540, 1e-06
4541, 1e-06
4542, 1
4543, 1e-06
4544, 1e-06
4545, 1e-06
4546, 1e-06
4547, 1e-06
4548, 1
4549, 1e-06
4550, 1e-06
4551, 1
4553, 1e-06
4554, 1e-06
4555, 1e-06
4556, 1e-06
4557, 1e-06
4558, 1e-06
4559, 1e-06
4560, 1e-06
4561, 1e-06
4562, 1e-06
4563, 1e-06
4564, 1e-06
4565, 1e-06
4566, 1e-06
4567, 1e-06
4568, 1e-06
4569, 1e-06
4570, 1e-06
4571, 1e-06
4572, 1e-06
4573, 1e-06
4574, 1e-06
4575, 1e-06
4576, 1e-06
4577, 1e-06
4578, 1e-06
4579, 1e-06
4580, 1e-06
4581, 1e-06
4582, 1e-06
4583, 1e-06
4584, 1e-06
4585, 1e-06
4586, 1e-06
4587, 1e-06
4588, 1e-06
4589, 1e-06
4590, 1e-06
4591, 1e-06
4592, 1e-06
4593, 1e-06
4594, 1e-06
4595, 1e-06
4596, 1e-06
4597, 1e-06
4598, 1e-06
4599, 1e-06
4600, 1e-06
4601, 1e-06
4602, 1e-06
4603, 1e-06
4604, 1e-06
4605, 1e-06
4606, 1e-06
4607, 1e-06
4608, 1e-06
4609, 1e-06
4610, 1e-06
4611, 1e-06
4612, 1e-06
4613, 1e-06
4614, 1e-06
4615, 1e-06
4616, 1e-06
4617, 1e-06
4618, 1e-06
4619, 1e-06
4620, 1e-06
4621, 1e-06
4622, 1e-06
4623, 1e-06
4624, 1e-06
4625, 1e-06
4626, 1e-06
4627, 1e-06
4628, 1e-06
4629, 1e-06
4630, 1e-06
4631, 1e-06
4632, 1e-06
4633, 1e-06
4634, 1e-06
4635, 1e-06
4636, 1e-06
4637, 1e-06
4638, 1e-06
4639, 1e-06
4640, 1e-06
4641, 1e-06
4642, 1e-06
4643, 1e-06
4644, 1e-06
4645, 1e-06
4646, 1e-06
4647, 1e-06
4648, 1e-06
4649, 1e-06
4650, 1e-06
4651, 1e-06
4652, 1e-06
4653, 1e-06
4654, 1e-06
4655, 1e-06
4656, 1e-06
4657, 1e-06
4658, 1e-06
4659, 1e-06
4660, 1e-06
4661, 1e-06
4662, 1e-06
4663, 1e-06
4664, 1
4665, 1e-06
4666, 1e-06
4667, 1e-06
4668, 1e-06
4669, 1e-06
4670, 1e-06
4671, 1e-06
4672, 1e-06
4673, 1e-06
4674, 1e-06
4675, 1e-06
4676, 1e-06
4677, 1e-06
4678, 1e-06
4679, 1e-06
4680, 1e-06
4681, 1e-06
4682, 1e-06
4683, 1e-06
4684, 1e-06
4685, 1e-06
4686, 1e-06
4687, 1e-06
4688, 1e-06
4689, 1e-06
4690, 1e-06
4691, 1e-06
4692, 1e-06
4693, 1e-06
4694, 1e-06
4695, 1e-06
4696, 1e-06
4697, 1e-06
4698, 1e-06
4699, 1e-06
4700, 1
4701, 1e-06
4702, 1e-06
4703, 1e-06
4704, 1e-06
4705, 1e-06
4706, 1e-06
4707, 1e-06
4708, 1e-06
4709, 1e-06
4710, 1e-06
4711, 1e-06
4712, 1e-06
4713, 1e-06
4714, 1e-06
4715, 1e-06
4716, 1e-06
4717, 1e-06
4718, 1e-06
4719, 1e-06
4720, 1e-06
4721, 1e-06
4722, 1e-06
4723, 1e-06
4724, 1e-06
4725, 1e-06
4726, 1e-06
4727, 1e-06
4728, 1e-06
4729, 1e-06
4730, 1e-06
4731, 1e-06
4732, 1e-06
4733, 1e-06
4734, 1e-06
4735, 1e-06
4736, 1e-06
4737, 1e-06
4738, 1e-06
4739, 1e-06
4740, 1e-06
4741, 1e-06
4742, 1e-06
4743, 1e-06
4744, 1e-06
4745, 1e-06
4746, 1e-06
4747, 1e-06
4748, 1e-06
4749, 1e-06
4750, 1e-06
4751, 1e-06
4752, 1e-06
4753, 1e-06
4754, 1e-06
4755, 1e-06
4756, 1e-06
4757, 1e-06
4758, 1e-06
4759, 1e-06
4760, 1e-06
4761, 1e-06
4762, 1e-06
4763, 1e-06
4764, 1e-06
4765, 1e-06
4766, 1e-06
4767, 1e-06
4768, 1e-06
4769, 1e-06
4770, 1e-06
4771, 1e-06
4772, 1e-06
4773, 1e-06
4774, 1e-06
4775, 1e-06
4776, 1e-06
4777, 1e-06
4778, 1e-06
4779, 1e-06
4780, 1e-06
4781, 1e-06
4782, 1e-06
4783, 1
4784, 1e-06
4785, 1e-06
4786, 1e-06
4787, 1e-06
4788, 1e-06
4789, 1e-06
4790, 1e-06
4791, 1e-06
4792, 1e-06
4793, 1e-06
4794, 1e-06
4795, 1e-06
4796, 1e-06
4797, 1e-06
4798, 1e-06
4799, 1e-06
4800, 1e-06
4801, 1e-06
4802, 1e-06
4803, 1e-06
4804, 1e-06
4805, 1e-06
4806, 1e-06
4807, 1e-06
4808, 1e-06
4809, 1e-06
4810, 1e-06
4811, 1e-06
4812, 1e-06
4813, 1e-06
4814, 1e-06
4815, 1e-06
4816, 1e-06
4817, 1e-06
4818, 1e-06
4819, 1e-06
4820, 1e-06
4821, 1
4822, 1e-06
4823, 1e-06
4824, 1e-06
4825, 1e-06
4826, 1e-06
4827, 1e-06
4828, 1e-06
4829, 1
4830, 1e-06
4831, 1e-06
4832, 1e-06
4833, 1e-06
4834, 1e-06
4835, 1e-06
4836, 1e-06
4837, 1e-06
4838, 1e-06
4839, 1e-06
4840, 1e-06
4841, 1e-06
4842, 1e-06
4843, 1e-06
4844, 1e-06
4845, 1e-06
4846, 1e-06
4847, 1e-06
4848, 1e-06
4849, 1e-06
4850, 1e-06
4851, 1e-06
4852, 1e-06
4853, 1e-06
4854, 1
4855, 1e-06
4856, 1e-06
4857, 1e-06
4858, 1e-06
4859, 1e-06
4860, 1
4861, 1e-06
4862, 1e-06
4863, 1e-06
4864, 1e-06
4865, 1e-06
4866, 1
4867, 1e-06
4868, 1e-06
4869, 1e-06
4870, 1
4871, 1e-06
4872, 1e-06
4873, 1e-06
4874, 1e-06
4875, 1e-06
4876, 1e-06
4877, 1e-06
4878, 1e-06
4879, 1e-06
4880, 1e-06
4881, 1e-06
4882, 1e-06
4883, 1e-06
4884, 1e-06
4885, 1e-06
4886, 1e-06
4887, 1e-06
4888, 1e-06
4889, 1e-06
4890, 1e-06
4891, 1e-06
4892, 1e-06
4893, 1e-06
4894, 1e-06
4895, 1e-06
4896, 1e-06
4897, 1e-06
4898, 1e-06
4899, 1e-06
4900, 1e-06
4901, 1e-06
4902, 1e-06
4903, 1e-06
4904, 1e-06
4905, 1e-06
4906, 1e-06
4907, 1e-06
4908, 1e-06
4909, 1e-06
4910, 1e-06
4911, 1e-06
4912, 1e-06
4913, 1e-06
4914, 1e-06
4915, 1e-06
4916, 1e-06
4917, 1e-06
4918, 1e-06
4919, 1e-06
4920, 1e-06
4921, 1e-06
4922, 1e-06
4923, 1e-06
4924, 1e-06
4925, 1e-06
4926, 1e-06
4927, 1e-06
4928, 1e-06
4929, 1e-06
4930, 1e-06
4931, 1e-06
4932, 1e-06
4933, 1e-06
4934, 1e-06
4935, 1e-06
4936, 1e-06
4937, 1e-06
4938, 1e-06
4939, 1e-06
4940, 1e-06
4941, 1e-06
4942, 1e-06
4943, 1e-06
4944, 1e-06
4945, 1e-06
4946, 1e-06
4947, 1e-06
4948, 1e-06
4949, 1e-06
4950, 1e-06
4951, 1e-06
4952, 1e-06
4953, 1e-06
4954, 1e-06
4955, 1e-06
4956, 1e-06
4957, 1e-06
4958, 1e-06
4959, 1e-06
4960, 1e-06
4961, 1e-06
4962, 1e-06
4963, 1e-06
4964, 1e-06
4965, 1e-06
4966, 1e-06
4967, 1e-06
4968, 1e-06
4969, 1e-06
4970, 1e-06
4971, 1e-06
4972, 2
4973, 1e-06
4974, 1e-06
4975, 1e-06
4976, 1e-06
4977, 1e-06
4978, 1e-06
4979, 1e-06
4980, 1e-06
4981, 1e-06
4982, 1e-06
4983, 1e-06
4984, 1e-06
4985, 1e-06
4986, 1e-06
4987, 1e-06
4988, 1e-06
4989, 1e-06
4990, 1e-06
4991, 1e-06
4992, 1e-06
4993, 1e-06
4994, 1e-06
4995, 1e-06
4996, 1e-06
4997, 1e-06
4998, 1e-06
4999, 1e-06
5000, 1e-06
5001, 1e-06
5002, 1e-06
5003, 1e-06
5004, 1e-06
5005, 1e-06
5006, 1e-06
5007, 1e-06
5008, 1e-06
5009, 1e-06
5010, 1e-06
5011, 1e-06
5012, 1e-06
5013, 1e-06
5014, 1
5015, 1e-06
5016, 1e-06
5017, 1e-06
5018, 1e-06
5019, 1e-06
5020, 1e-06
5021, 1e-06
5022, 1e-06
5023, 1e-06
5024, 1e-06
5025, 1e-06
5026, 1e-06
5027, 1e-06
5028, 1e-06
5029, 1e-06
5030, 1
5032, 1e-06
5033, 1e-06
5034, 1e-06
5035, 1e-06
5036, 1e-06
5037, 1e-06
5038, 1e-06
5039, 1e-06
5040, 1
5041, 1e-06
5042, 1e-06
5043, 1e-06
5044, 1e-06
5045, 1e-06
5046, 1e-06
5047, 1e-06
5048, 1
5049, 1e-06
5050, 1e-06
5051, 1e-06
5052, 1e-06
5053, 1e-06
5054, 1
5055, 1e-06
5056, 1
5057, 1e-06
5058, 1e-06
5059, 2
5060, 1e-06
5061, 1e-06
5062, 1
5063, 1e-06
5064, 1e-06
5065, 1e-06
5066, 1e-06
5067, 1e-06
5068, 1e-06
5069, 1
5071, 1e-06
5072, 1e-06
5073, 1e-06
5074, 1e-06
5075, 1e-06
5076, 1e-06
5077, 1e-06
5078, 1e-06
5079, 1e-06
5080, 1e-06
5081, 2
5082, 1e-06
5083, 1e-06
5084, 1e-06
5085, 1
5087, 1e-06
5088, 1e-06
5089, 1e-06
5090, 1e-06
5091, 1
5092, 1e-06
5093, 1e-06
5094, 1e-06
5095, 1e-06
5096, 1e-06
5097, 1e-06
5098, 1e-06
5099, 1
5100, 1e-06
5101, 1
5103, 1e-06
5104, 1e-06
5105, 1e-06
5106, 1e-06
5107, 1
5109, 1e-06
5110, 1e-06
5111, 1e-06
5112, 1e-06
5113, 1e-06
5114, 1e-06
5115, 1
5116, 1e-06
5117, 1e-06
5118, 1e-06
5119, 1e-06
5120, 1
5121, 1e-06
5122, 1e-06
5123, 1e-06
5124, 1
5126, 1e-06
5127, 1e-06
5128, 1e-06
5129, 1
5131, 1e-06
5132, 1e-06
5133, 1e-06
5134, 1
5135, 1e-06
5136, 1e-06
5137, 1
5138, 1e-06
5139, 1e-06
5140, 1e-06
5141, 1e-06
5142, 1e-06
5143, 1e-06
5144, 1e-06
5145, 1e-06
5146, 1e-06
5147, 1
5150, 1e-06
5151, 1
5152, 2
5153, 1e-06
5154, 1
5155, 1e-06
5156, 1e-06
5157, 1e-06
5158, 1e-06
5159, 1e-06
5160, 1e-06
5161, 1
5162, 1e-06
5163, 1
5164, 1e-06
5165, 1e-06
5166, 1
5169, 2
5170, 1e-06
5171, 1e-06
5172, 1e-06
5173, 1
5174, 1e-06
5175, 1
5176, 1e-06
5177, 1e-06
5178, 1e-06
5179, 1
5180, 1e-06
5181, 1
5182, 1e-06
5183, 1
5184, 1e-06
5185, 1
5186, 1e-06
5187, 1e-06
5188, 1e-06
5189, 1
5191, 1e-06
5192, 1e-06
5193, 1e-06
5194, 1e-06
5195, 1e-06
5196, 1e-06
5197, 1e-06
5198, 1e-06
5199, 1
5200, 1e-06
5201, 1e-06
5202, 1e-06
5203, 1e-06
5204, 1
5205, 1e-06
5206, 1e-06
5207, 1e-06
5208, 1
5210, 1e-06
5211, 1e-06
5212, 1e-06
5213, 1
5214, 1e-06
5215, 1
5216, 1e-06
5217, 1
5219, 1e-06
5220, 1
5221, 1e-06
5222, 1e-06
5223, 1e-06
5224, 1e-06
5225, 1e-06
5226, 1e-06
5227, 1e-06
5228, 1e-06
5229, 1e-06
5230, 1e-06
5231, 1e-06
5232, 1e-06
5233, 1e-06
5234, 1e-06
5235, 1e-06
5236, 1e-06
5237, 1e-06
5238, 1e-06
5239, 1e-06
5240, 1e-06
5241, 1e-06
5242, 1e-06
5243, 1e-06
5244, 1e-06
5245, 1e-06
5246, 1e-06
5247, 1e-06
5248, 1e-06
5249, 1e-06
5250, 1e-06
5251, 1e-06
5252, 1e-06
5253, 1e-06
5254, 1e-06
5255, 1e-06
5256, 1e-06
5257, 1e-06
5258, 1e-06
5259, 1e-06
5260, 1e-06
5261, 1e-06
5262, 1e-06
5263, 1e-06
5264, 1e-06
5265, 1e-06
5266, 1e-06
5267, 1e-06
5268, 1e-06
5269, 1e-06
5270, 1e-06
5271, 1e-06
5272, 1e-06
5273, 1e-06
5274, 1e-06
5275, 1e-06
5276, 1e-06
5277, 1e-06
5278, 1e-06
5279, 1e-06
5280, 1e-06
5281, 1e-06
5282, 1e-06
5283, 1e-06
5284, 1e-06
5285, 1e-06
5286, 1e-06
5287, 1e-06
5288, 1e-06
5289, 1e-06
5290, 1e-06
5291, 1e-06
5292, 1e-06
5293, 1e-06
5294, 1e-06
5295, 1e-06
5296, 1e-06
5297, 1e-06
5298, 1e-06
5299, 1e-06
5300, 1e-06
5301, 1e-06
5302, 1e-06
5303, 1e-06
5304, 1e-06
5305, 1e-06
5306, 1e-06
5307, 1e-06
5308, 1e-06
5309, 1e-06
5310, 1e-06
5311, 1e-06
5312, 1e-06
5313, 1e-06
5314, 1e-06
5315, 1e-06
5316, 1e-06
5317, 1e-06
5318, 1e-06
5319, 1e-06
5320, 1e-06
5321, 1e-06
5322, 1e-06
5323, 1e-06
5324, 1e-06
5325, 1e-06
5326, 1e-06
5327, 1e-06
5328, 1e-06
5329, 1e-06
5330, 1e-06
5331, 1e-06
5332, 1e-06
5333, 1e-06
5334, 1e-06
5335, 1e-06
5336, 1e-06
5337, 1e-06
5338, 1e-06
5339, 1e-06
5340, 1e-06
5341, 1e-06
5342, 1e-06
5343, 1e-06
5344, 1e-06
5345, 1e-06
5346, 1e-06
5347, 1e-06
5348, 1e-06
5349, 1e-06
5350, 1e-06
5351, 1e-06
5352, 1e-06
5353, 1e-06
5354, 1e-06
5355, 1e-06
5356, 1e-06
5357, 1e-06
5358, 1e-06
5359, 1e-06
5360, 1e-06
5361, 1e-06
5362, 1e-06
5363, 1e-06
5364, 1e-06
5365, 1e-06
5366, 1e-06
5367, 1e-06
5368, 1e-06
5369, 1e-06
5370, 1e-06
5371, 1e-06
5372, 1e-06
5373, 1e-06
5374, 1e-06
5375, 1e-06
5376, 1e-06
5377, 1e-06
5378, 1e-06
5379, 1e-06
5380, 1e-06
5381, 1e-06
5382, 1e-06
5383, 1e-06
5384, 1e-06
5385, 1e-06
5386, 1e-06
5387, 1e-06
5388, 1e-06
5389, 1e-06
5390, 1e-06
5391, 1e-06
5392, 1e-06
5393, 1e-06
5394, 1e-06
5395, 1e-06
5396, 1e-06
5397, 1e-06
5398, 1e-06
5399, 1e-06
5400, 1e-06
5401, 1e-06
5402, 1e-06
5403, 1e-06
5404, 1e-06
5405, 1e-06
5406, 1e-06
5407, 1e-06
5408, 1e-06
5409, 1e-06
5410, 1e-06
5411, 1e-06
5412, 1e-06
5413, 1e-06
5414, 1e-06
5415, 1e-06
5416, 1e-06
5417, 1e-06
5418, 1e-06
5419, 1e-06
5420, 1e-06
5421, 1e-06
5422, 1e-06
5423, 1e-06
5424, 1e-06
5425, 1e-06
5426, 1e-06
5427, 1e-06
5428, 1e-06
5429, 1e-06
5430, 1e-06
5431, 1e-06
5432, 1e-06
5433, 1e-06
5434, 1e-06
5435, 1e-06
5436, 1e-06
5437, 1e-06
5438, 1e-06
5439, 1e-06
5440, 1e-06
5441, 1e-06
5442, 1e-06
5443, 1e-06
5444, 1e-06
5445, 1e-06
5446, 1e-06
5447, 1e-06
5448, 1e-06
5449, 1e-06
5450, 1e-06
5451, 1e-06
5452, 1e-06
5453, 1e-06
5454, 1e-06
5455, 1e-06
5456, 1e-06
5457, 1e-06
5458, 1e-06
5459, 1e-06
5460, 1e-06
5461, 1e-06
5462, 1e-06
5463, 1e-06
5464, 1e-06
5465, 1e-06
5466, 1e-06
5467, 1e-06
5468, 1e-06
5469, 1e-06
5470, 1e-06
5471, 1e-06
5472, 1e-06
5473, 1e-06
5474, 1e-06
5475, 1e-06
5476, 1e-06
5477, 1e-06
5478, 1e-06
5479, 1e-06
5480, 1e-06
5481, 1e-06
5482, 1e-06
5483, 1e-06
5484, 1e-06
5485, 1e-06
5486, 1e-06
5487, 1e-06
5488, 1e-06
5489, 1e-06
5490, 1e-06
5491, 1e-06
5492, 1e-06
5493, 1e-06
5494, 1e-06
5495, 1e-06
5496, 1e-06
5497, 1e-06
5498, 1e-06
5499, 1e-06
5500, 1e-06
5501, 1e-06
5502, 1e-06
5503, 1e-06
5504, 1e-06
5505, 1e-06
5506, 1e-06
5507, 1e-06
5508, 1e-06
5509, 1e-06
5510, 1e-06
5511, 1e-06
5512, 1e-06
5513, 1e-06
5514, 1e-06
5515, 1e-06
5516, 1e-06
5517, 1e-06
5518, 1e-06
5519, 1e-06
5520, 1e-06
5521, 1e-06
5522, 1e-06
5523, 1e-06
5524, 1e-06
5525, 1e-06
5526, 1e-06
5527, 1e-06
5528, 1e-06
5529, 1e-06
5530, 1e-06
5531, 1e-06
5532, 1e-06
5533, 1e-06
5534, 1e-06
5535, 1e-06
5536, 1e-06
5537, 1e-06
5538, 1e-06
5539, 1e-06
5540, 1e-06
5541, 1e-06
5542, 1e-06
5543, 1e-06
5544, 1e-06
5545, 1e-06
5546, 1e-06
5547, 1e-06
5548, 1e-06
5549, 1e-06
5550, 1e-06
5551, 1e-06
5552, 1e-06
5553, 1e-06
5554, 1e-06
5555, 1e-06
5556, 1e-06
5557, 1e-06
5558, 1e-06
5559, 1e-06
5560, 1e-06
5561, 1e-06
5562, 1e-06
5563, 1e-06
5564, 1e-06
5565, 1e-06
5566, 1e-06
5567, 1e-06
5568, 1e-06
5569, 1e-06
5570, 1e-06
5571, 1e-06
5572, 1e-06
5573, 1e-06
5574, 1e-06
5575, 1e-06
5576, 1e-06
5577, 1e-06
5578, 1e-06
5579, 1e-06
5580, 1e-06
5581, 1e-06
5582, 1e-06
5583, 1e-06
5584, 1e-06
5585, 1e-06
5586, 1e-06
5587, 1e-06
5588, 1e-06
5589, 1e-06
5590, 1e-06
5591, 1e-06
5592, 1e-06
5593, 1e-06
5594, 1e-06
5595, 1e-06
5596, 1e-06
5597, 1e-06
5598, 1e-06
8000, 0